"Ref.","Nombre","","Impuesto","Costo","Precio","Precio + Imp."
"MID AD","Acido Acetil Salicilico 500mg ","","Excento de ","$12.26 ","$25.00 ","$25.00 "
"MID INF","Acido Acetil Salicilico 501mg ","","Excento de ","$13.10 ","$27.00 ","$27.00 "
"ACIDO ","Acido Acetil Salicilico 502mg ","","Excento de ","$20.58 ","$42.00 ","$42.00 "
"AGIN ","Acido Acetil Salicilico 503mg ","","Excento de ","$98.00 ","$140.00 ","$140.00 "
"ANTACS","Acido Acetil Salicilico 504mg ","","Excento de ","$9.10 ","$25.00 ","$25.00 "
"NAMI","Acido Acetil Salicilico 505mg ","","Excento de ","$23.79 ","$40.00 ","$40.00 "
"ARTRID","Acido Acetil Salicilico 506mg ","","Excento de ","$20.79 ","$45.00 ","$45.00 "
"ADVIL ","Acido Acetil Salicilico 507mg ","","Excento de ","$132.90 ","$166.00 ","$166.00 "
"AD MAX","Acido Acetil Salicilico 508mg ","","Excento de ","$80.40 ","$101.00 ","$101.00 "
"MUCI","Acido Acetil Salicilico 509mg ","","Excento de ","$8.02 ","$25.00 ","$25.00 "
"ASP EF","Acido Acetil Salicilico 510mg ","","Excento de ","$34.60 ","$45.00 ","$45.00 "
"PENI ","Acido Acetil Salicilico 511mg ","","Excento de ","$17.16 ","$37.00 ","$37.00 "
"CAMIDE","Acido Acetil Salicilico 512mg ","","Excento de ","$42.21 ","$85.00 ","$85.00 "
"BIO-E","Acido Acetil Salicilico 513mg ","","Excento de ","$111.59 ","$140.00 ","$140.00 "
"BUSC ","Acido Acetil Salicilico 514mg ","","Excento de ","$202.00 ","$250.00 ","$250.00 "
"BRUPA","Acido Acetil Salicilico 515mg ","","Excento de ","$22.18 ","$43.00 ","$43.00 "
"BIOM","Acido Acetil Salicilico 516mg ","","Excento de ","$22.26 ","$62.00 ","$62.00 "
"EXC-S ","Acido Acetil Salicilico 517mg ","","Excento de ","$27.50 ","$45.00 ","$45.00 "
"BUTILH","Acido Acetil Salicilico 518mg ","","Excento de ","$31.82 ","$66.00 ","$66.00 "
"VILA-","Acido Acetil Salicilico 519mg ","","Excento de ","$44.14 ","$90.00 ","$90.00 "
"CAFI","Acido Acetil Salicilico 520mg ","","Excento de ","$3.28 ","$6.00 ","$6.00 "
"CEFLAC","Acido Acetil Salicilico 521mg ","","Excento de ","$78.42 ","$140.00 ","$140.00 "
"LOXINE","Acido Acetil Salicilico 522mg ","","Excento de ","$24.74 ","$48.00 ","$48.00 "
"DOL ","Acido Acetil Salicilico 523mg ","","Excento de ","$57.00 ","$125.00 ","$125.00 "
"SINKEL","Acido Acetil Salicilico 524mg ","","Excento de ","$7.50 ","$20.00 ","$20.00 "
"VOLF ","Acido Acetil Salicilico 525mg ","","Excento de ","$15.28 ","$40.00 ","$40.00 "
"MAF ","Acido Acetil Salicilico 526mg ","","Excento de ","$20.04 ","$40.00 ","$40.00 "
"DIC","Acido Acetil Salicilico 527mg ","","Excento de ","$12.53 ","$25.00 ","$25.00 "
"NEDICL","Acido Acetil Salicilico 528mg ","","Excento de ","$11.55 ","$25.00 ","$25.00 "
"ATALAK","Acido Acetil Salicilico 529mg ","","Excento de ","$20.16 ","$35.00 ","$35.00 "
"VOLF G","Acido Acetil Salicilico 530mg ","","Excento de ","$22.69 ","$50.00 ","$50.00 "
"VOLFEN","Diclofenaco GEL 2.32% 100g ","","Excento de ","$34.60 ","$68.00 ","$68.00 "
"CALAFF","Diclofenaco Gts Pediatricas ","","Excento de ","$39.78 ","$68.00 ","$68.00 "
"DOFLAT ","Diclofenaco suspension 0.18 ","","Excento de ","$46.05 ","$85.00 ","$85.00 "
"VOLF ","Doclofenaco Iny. 75mg/3ml ","","Excento de ","$30.29 ","$50.00 ","$50.00 "
"DOLO-","DOLO-NEUROBION FORTE ","","Excento de ","$201.02 ","$251.00 ","$251.00 "
"FLANAX ","Flanax 550 c/12 tab","","Excento de ","$197.00 ","$247.00 ","$247.00 "
"FLANAX ","Flanax 550mg c/30 ","","Excento de ","$294.50 ","$350.00 ","$350.00 "
"FLANAX ","Flanax CAPS 200MG C/10 ","","Excento de ","$70.00 ","$90.00 ","$90.00 "
"GRANE","Graneodin F 8.75mg pastillas ","","Excento de ","$117.20 ","$130.00 ","$130.00 "
"GRANE","Graneodin F 8.75mg pastillas ","","Excento de ","$95.00 ","$120.00 ","$120.00 "
"CRYOPI","HIOSCINA INYECTABLE ","","Excento de ","$26.65 ","$60.00 ","$60.00 "
"HIOSC","Hioscina TABLETAS 10mg ","","Excento de ","$21.00 ","$38.00 ","$38.00 "
"ESPADI","Hioscina/IBUPROFENO ","","Excento de ","$78.16 ","$170.00 ","$170.00 "
"HIOS","Hioscina/Metamizol ","","Excento de ","$32.50 ","$67.00 ","$67.00 "
"DOLV ","Ibuprofeno 200mg c/10 tab","","Excento de ","$12.60 ","$27.00 ","$27.00 "
"IFENTIL","IBUPROFENO 200MG C/10 ","","Excento de ","$8.37 ","$20.00 ","$20.00 "
"ALGI ","Ibuprofeno 400mg  Gel c/10 ","","Excento de ","$14.46 ","$29.00 ","$29.00 "
"DOLPR","Ibuprofeno 400mg c/10 tab","","Excento de ","$18.41 ","$40.00 ","$40.00 "
"ADOP ","Ibuprofeno 400mg c/10 tab ","","Excento de ","$15.99 ","$32.00 ","$32.00 "
"AFLENO ","IBUPROFENO 400MG C/10 ","","Excento de ","$9.53 ","$23.00 ","$23.00 "
"GELUBR","IBUPROFENO 400MG ","","Excento de ","$16.75 ","$40.00 ","$40.00 "
"DOLPR","Ibuprofeno 600mg c/10 tab ","","Excento de ","$16.78 ","$50.00 ","$50.00 "
"ADOP ","Ibuprofeno 600mg c/10 tab ","","Excento de ","$18.60 ","$35.00 ","$35.00 "
"DOLVER ","IBUPROFENO 600MG ","","Excento de ","$19.31 ","$35.00 ","$35.00 "
"DOLPR","Ibuprofeno 800mg c/10 tab","","Excento de ","$25.05 ","$62.00 ","$62.00 "
"ADOP ","Ibuprofeno 800mg c/10 tab ","","Excento de ","$23.21 ","$45.00 ","$45.00 "
"DOLVER ","IBUPROFENO 800MG C/10 ","","Excento de ","$19.55 ","$43.00 ","$43.00 "
"VOCZE","IBUPROFENO 800MG C/20 ","","Excento de ","$33.44 ","$65.00 ","$65.00 "
"IBU 800 ","IBUPROFENO 800MG ","","Excento de ","$21.67 ","$38.00 ","$38.00 "
"EUFENI","Ibuprofeno CÁPSULAS ","","Excento de ","$17.55 ","$38.00 ","$38.00 "
"ALGIDO","Ibuprofeno capsulas 200mg ","","Excento de ","$10.00 ","$20.00 ","$20.00 "
"ALGIDO","Ibuprofeno CAPSULAS ","","Excento de ","$14.56 ","$38.00 ","$38.00 "
"AFLU","Ibuprofeno Sus. 2gr/100ml ","","Excento de ","$19.18 ","$39.00 ","$39.00 "
"FIDOIN","Ibuprofeno Susp. Pediatrica ","","Excento de ","$41.09 ","$87.00 ","$87.00 "
"DOLP S","Ibuprofeno Suspension ","","Excento de ","$25.56 ","$70.00 ","$70.00 "
"ADVIL ","Ibuprofeno TABLETAS ","","Excento de ","$40.29 ","$50.00 ","$50.00 "
"DOLPR ","Ibuprofeno TABLETAS ","","Excento de ","$18.00 ","$40.00 ","$40.00 "
"DOLVEE","Ibuprofeno TABLETAS ","","Excento de ","$13.59 ","$30.00 ","$30.00 "
"IBUPRO","Ibuprofeno-Cafeina ","","Excento de ","$30.00 ","$65.00 ","$65.00 "
"IB-CAF","Ibuprofeno/Cafeina ","","Excento de ","$24.25 ","$50.00 ","$50.00 "
"INDARZ","Indometacina/Dexametasona ","","Excento de ","$63.00 ","$135.00 ","$135.00 "
"ARHTRI","Ketoprofeno CÁPSULAS ","","Excento de ","$36.25 ","$70.00 ","$70.00 "
"VOY","Ketorolaco 10 mg c/10 tab","","Excento de ","$5.90 ","$15.00 ","$15.00 "
"MAV SL","KETOROLACO 30 MG ","","Excento de ","$12.00 ","$34.00 ","$34.00 "
"LOR F","Ketorolaco 30mg  sublingual ","","Excento de ","$17.45 ","$34.00 ","$34.00 "
"LOR F6","Ketorolaco 30mg Sublingual ","","Excento de ","$13.64 ","$30.00 ","$30.00 "
"KT-","KETOROLACO GEL 2% ","","Excento de ","$54.41 ","$117.00 ","$117.00 "
"KET INY","Ketorolaco Sol. Iny. ","","Excento de ","$14.05 ","$32.00 ","$32.00 "
"VOYDO","Ketorolaco sublingual ","","Excento de ","$8.77 ","$34.00 ","$34.00 "
"KETROL ","Ketorolaco TABLETAS 10mg ","","Excento de ","$5.30 ","$20.00 ","$20.00 "
"ORDE","Ketorolaco/Tramadol ","","Excento de ","$26.47 ","$60.00 ","$60.00 "
"MAVID","Ketorolaco/Tramadol ","","Excento de ","$26.73 ","$55.00 ","$55.00 "
"LOV ","Loratadina 10 mg c/10 tab","","Excento de ","$12.55 ","$35.00 ","$35.00 "
"LOXC P","Loxcell Pediatrico Susp. ","","Excento de ","$84.10 ","$109.00 ","$109.00 "
"MEJOR ","Mejoral Paracetamol 500mg ","","Excento de ","$31.70 ","$33.00 ","$33.00 "
"MEJOR","Mejoral TABLETAS 500mg ","","Excento de ","$25.33 ","$55.00 ","$55.00 "
"MAVI","Meloxicam 15 mg c/10 tab","","Excento de ","$12.25 ","$42.00 ","$42.00 "
"FELXIVE","Meloxicam TABLETAS 7.5mg ","","Excento de ","$7.99 ","$25.00 ","$25.00 "
"FLEX ","Meloxicam/Metocarbamol ","","Excento de ","$38.32 ","$85.00 ","$85.00 "
"FLEXIVE","MELOXICAM/METOCARBA","","Excento de ","$45.99 ","$86.00 ","$86.00 "
"PIRINOV","Metamizol Sodico 500mg C ","","Excento de ","$8.80 ","$20.00 ","$20.00 "
"MESSEL","Metamizol Sodico 500mg ","","Excento de ","$7.74 ","$17.00 ","$17.00 "
"AVAFON","Metamizol Sodico 500mg ","","Excento de ","$5.99 ","$16.00 ","$16.00 "
"PIROME","Metamizol Sodico 500mg ","","Excento de ","$14.33 ","$28.00 ","$28.00 "
"SUPRIM","Metamizol Sodico Gotas ","","Excento de ","$30.39 ","$65.00 ","$65.00 "
"MET INY","Metamizol Sodico Iny. 1g/2ml ","","Excento de ","$10.00 ","$20.00 ","$20.00 "
"NEOS S","Metamizol Sodico Jar. ","","Excento de ","$33.07 ","$70.00 ","$70.00 "
"INFATE","Metamizol sódico JARABE ","","Excento de ","$21.00 ","$50.00 ","$50.00 "
"DEFIN","Metamizol Sodico Solucion ","","Excento de ","$18.89 ","$38.00 ","$38.00 "
"FAR","Metamizol Sodico Sup. ","","Excento de ","$21.35 ","$45.00 ","$45.00 "
"METAMI","METAMIZOL SODICO ","","Excento de ","$6.26 ","$22.00 ","$22.00 "
"METAPI","Metamizol sodico TABLETAS ","","Excento de ","$7.77 ","$16.00 ","$16.00 "
"BUSC","Metamizol Sodico/ ","","Excento de ","$34.67 ","$69.00 ","$69.00 "
"PASM","Metamizol/Hioscina Iny. 2.5","","Excento de ","$15.70 ","$30.00 ","$30.00 "
"REMIS","Metocarbamol/ Acido ","","Excento de ","$33.57 ","$52.00 ","$52.00 "
"CARBA","Metocarbamol/ Ibuprofeno ","","Excento de ","$51.55 ","$96.00 ","$96.00 "
"ROMUQ","Metocarbamol/Indimetacina/B","","Excento de ","$49.71 ","$130.00 ","$130.00 "
"MOT","Motrin Sup. INFANTIL ","","Excento de ","$212.90 ","$266.00 ","$266.00 "
"MOTR ","Motrin Sup. PEDIATRICA ","","Excento de ","$121.40 ","$152.00 ","$152.00 "
"DOLX ","Naproxeno 250mg c/20 tab","","Excento de ","$19.60 ","$30.00 ","$30.00 "
"NOVAX","Naproxeno 250mg c/30 tab ","","Excento de ","$15.17 ","$32.00 ","$32.00 "
"DOLXEN ","NAPROXENO 500 MG C/20 ","","Excento de ","$30.00 ","$60.00 ","$60.00 "
"DOLXEN","Naproxeno 500mg c/10 tab ","","Excento de ","$22.00 ","$36.00 ","$36.00 "
"BRUPR","NAPROXENO 500MG ","","Excento de ","$23.47 ","$52.00 ","$52.00 "
"ALIV","Naproxeno 550mg ALIVIAX ","","Excento de ","$111.59 ","$140.00 ","$140.00 "
"BIXEN ","Naproxeno Sodico 275mg ","","Excento de ","$22.71 ","$41.00 ","$41.00 "
"BIXEN","Naproxeno Sodico 550mg ","","Excento de ","$25.83 ","$56.00 ","$56.00 "
"PENSO","Naproxeno ","","Excento de ","$30.39 ","$60.00 ","$60.00 "
"MESSEL","Naproxeno TABLETAS ","","Excento de ","$19.43 ","$40.00 ","$40.00 "
"FLAXEN","Naproxeno TABLETAS ","","Excento de ","$23.12 ","$50.00 ","$50.00 "
"LUMBO","Naproxeno/Lidocaina Gel ","","Excento de ","$39.69 ","$85.00 ","$85.00 "
"LUMBO","Naproxeno/Lidocaina Gel ","","Excento de ","$39.69 ","$85.00 ","$85.00 "
"NAPRO","Naproxeno/Paracetamol","","Excento de ","$53.11 ","$98.00 ","$98.00 "
"FLAXEN","Naproxeno/Paracetamol ","","Excento de ","$21.63 ","$45.00 ","$45.00 "
"NAPRO","Naproxeno/Paracetamol ","","Excento de ","$35.80 ","$77.00 ","$77.00 "
"DUET ","Naproxeno/Paracetamol ","","Excento de ","$28.19 ","$56.00 ","$56.00 "
"NEO-M","Neo-Melubrina INFANTIL ","","Excento de ","$143.78 ","$180.00 ","$180.00 "
"FLAM-T","Nimesulida 100mg c/10 tab ","","Excento de ","$6.19 ","$30.00 ","$30.00 "
"FLAMOZ ","Nimesulida Susp. 1gr/100ml ","","Excento de ","$15.67 ","$50.00 ","$50.00 "
"FLAM S","Nimesulida Susp. 1gr/100ml ","","Excento de ","$11.64 ","$32.00 ","$32.00 "
"REDAFL","NIMESULIDA TABLETAS ","","Excento de ","$8.30 ","$25.00 ","$25.00 "
"PARACE","Paracetamo TABLETAS ","","Excento de ","$4.33 ","$15.00 ","$15.00 "
"PIREM","Paracetamol 300mg ","","Excento de ","$17.25 ","$38.00 ","$38.00 "
"PARACE","Paracetamol 500mg 10 tbs","","Excento de ","$8.00 ","$16.00 ","$16.00 "
"PARACE","PARACETAMOL 500MG ","","Excento de ","$7.15 ","$15.00 ","$15.00 "
"QUIT","Paracetamol 500mg c/10tab ","","Excento de ","$6.63 ","$15.00 ","$15.00 "
"ANTID","Paracetamol 500mg c/20tab","","Excento de ","$16.47 ","$30.00 ","$30.00 "
"PARACE","PARACETAMOL 500MG ","","Excento de ","$6.30 ","$12.00 ","$12.00 "
"CORIVE","PARACETAMOL 750MG ","","Excento de ","$11.34 ","$25.00 ","$25.00 "
"PORTE","Paracetamol 750mg c/10 tab","","Excento de ","$10.56 ","$20.00 ","$20.00 "
"MEJO ","Paracetamol 80mg tab mast ","","Excento de ","$55.36 ","$70.00 ","$70.00 "
"TEM","Paracetamol Gotas  ","","Excento de ","$7.88 ","$17.00 ","$17.00 "
"WAMI","Paracetamol Gts. Pediatricas ","","Excento de ","$8.81 ","$14.00 ","$14.00 "
"TEMPIR","Paracetamol sol 100mg/ml ","","Excento de ","$27.59 ","$60.00 ","$60.00 "
"SON´SPI","Paracetamol SOLUCIÓN ","","Excento de ","$16.10 ","$42.00 ","$42.00 "
"PARACE","Paracetamol ","","Excento de ","$10.00 ","$20.00 ","$20.00 "
"PROSE","Paracetamol susp. 3.2","","Excento de ","$23.75 ","$55.00 ","$55.00 "
"SOLTA","Paracetamol tabletas  750mg  ","","Excento de ","$6.50 ","$20.00 ","$20.00 "
"PARACE","PARACETAMOL TABLETAS ","","Excento de ","$3.60 ","$15.00 ","$15.00 "
"ICETAZ","Paracetamol TABLETAS ","","Excento de ","$3.46 ","$15.00 ","$15.00 "
"ACETIF ","Paracetamol TABLETAS ","","Excento de ","$5.81 ","$15.00 ","$15.00 "
"PARACE","Paracetamol TABLETAS ","","Excento de ","$9.94 ","$24.00 ","$24.00 "
"QUIMO","Paracetamol- Cafeina ","","Excento de ","$15.79 ","$30.00 ","$30.00 "
"TEMPIR","Paracetamol/Cafeina COMP. ","","Excento de ","$16.00 ","$34.00 ","$34.00 "
"GENTIL-","Paracetamol/clorfenamina ","","Excento de ","$27.50 ","$40.00 ","$40.00 "
"PRECI","Paracetamol/Hioscina gts ","","Excento de ","$39.70 ","$79.00 ","$79.00 "
"PREC ","Paracetamol/Hioscina Tab ","","Excento de ","$71.58 ","$151.00 ","$151.00 "
"DUALG","Paracetamol/Ibuprofeno ","","Excento de ","$35.08 ","$75.00 ","$75.00 "
"ROMIN ","Paracetamol/Tramadol ","","Excento de ","$26.59 ","$52.00 ","$52.00 "
"DOLZUC","PIROXICAM CÁPSULAS ","","Excento de ","$20.59 ","$40.00 ","$40.00 "
"SARIDO","SARIDON 500-50mg c/10 ","","Excento de ","$20.00 ","$45.00 ","$45.00 "
"SEDALM","Sedalmerck TABLETAS c/10 ","","Excento de ","$4.39 ","$10.00 ","$10.00 "
"TEMP ","Tempra 500 mg c/10  tab","","Excento de ","$45.37 ","$57.00 ","$57.00 "
"TEMPR ","Tempra Infantil 3.2gr/100ml ","","Excento de ","$168.44 ","$210.00 ","$210.00 "
"TEMPR ","Tempra Pediatrico 100mg/ml ","","Excento de ","$150.37 ","$188.00 ","$188.00 "
"TEMPR","TEMPRA tabletas 500MG ","","Excento de ","$67.30 ","$100.00 ","$100.00 "
"THERAF","THERAFLU SOBRES ","","Excento de ","$16.46 ","$22.00 ","$22.00 "
"GENCA","Tramadol 50mg c/10 tab","","Excento de ","$23.06 ","$50.00 ","$50.00 "
"CITRA ","TRAMADOL TABLETAS ","","Excento de ","$37.27 ","$76.00 ","$76.00 "
"TRAMA","TRAMADOL/ ","","Excento de ","$46.66 ","$95.00 ","$95.00 "
"CLOTRA","TRAMADOL/PARACETAMO","","Excento de ","$34.50 ","$70.00 ","$70.00 "
"TRAMA","Tramadol/Paracetamol ","","Excento de ","$13.77 ","$75.00 ","$75.00 "
"TYLENO","TYLENOL  Paracetamol ","","Excento de ","$55.70 ","$70.00 ","$70.00 "
"TYLRNO","Tylenol (paracetamol) ","","Excento de ","$81.70 ","$110.00 ","$110.00 "
"NALIX","Acido Nalidixico/ ","","Excento de ","$67.90 ","$120.00 ","$120.00 "
"AMK","Amikacina 100mg/2ml c/1 ","","Excento de ","$6.89 ","$15.00 ","$15.00 "
"AMK AD","Amikacina 500mg/2ml AMSA","","Excento de ","$15.68 ","$25.00 ","$25.00 "
"AMK PI","Amikacina aolución ","","Excento de ","$9.12 ","$25.00 ","$25.00 "
"AMIKACI","Amikacina SOL.","","Excento de ","$7.70 ","$20.00 ","$20.00 "
"VALCLA","AMOX/ACIDO ","","Excento de ","$39.03 ","$80.00 ","$80.00 "
"VALVLA","AMOX/ACIDO ","","Excento de ","$44.50 ","$95.00 ","$95.00 "
"CLAVIP","AMOX/ACIDO ","","Excento de ","$49.99 ","$135.00 ","$135.00 "
"GIMAL ","Amoxiciclina susp. ","","Excento de ","$35.80 ","$75.00 ","$75.00 "
"CLAM ","Amoxiciclina/ Acido ","","Excento de ","$51.60 ","$98.00 ","$98.00 "
"CLAMO","Amoxiciclina/Acido ","","Excento de ","$46.70 ","$87.00 ","$87.00 "
"CLAM ","Amoxicilina 400mg/5ml ","","Excento de ","$42.01 ","$95.00 ","$95.00 "
"AMOX ","Amoxicilina 500mg c/12 caps","","Excento de ","$13.14 ","$32.00 ","$32.00 "
"AMOXI ","Amoxicilina 500mg capsulas ","","Excento de ","$22.81 ","$48.00 ","$48.00 "
"CLAM ","Amoxicilina 600mg/5ml ","","Excento de ","$45.00 ","$99.00 ","$99.00 "
"VANDIX","Amoxicilina caps 500mg","","Excento de ","$20.20 ","$41.00 ","$41.00 "
"VANDIX ","Amoxicilina CAPSULAS ","","Excento de ","$12.99 ","$30.00 ","$30.00 "
"DIMPOE","AMOXICILINA CAPSULAS ","","Excento de ","$15.50 ","$40.00 ","$40.00 "
"AMOXI","AMOXICILINA capsulas ","","Excento de ","$25.86 ","$52.00 ","$52.00 "
"VANDI","Amoxicilina Sup. 250mg/5ml ","","Excento de ","$20.20 ","$42.00 ","$42.00 "
"AMOXIC","Amoxicilina Susp 500mg/5 ml ","","Excento de ","$18.06 ","$47.00 ","$47.00 "
"VANDIX ","Amoxicilina Susp 500mg/5ml ","","Excento de ","$29.80 ","$55.00 ","$55.00 "
"PENT ","Amoxicilina Susp.  ","","Excento de ","$21.09 ","$46.00 ","$46.00 "
"GIMAL ","Amoxicilina Susp. 250mg/5ml ","","Excento de ","$31.01 ","$60.00 ","$60.00 "
"PENTIC","Amoxicilina Susp. 500mg/5ml","","Excento de ","$18.85 ","$42.00 ","$42.00 "
"penticlox ","AMOXICILINA SUSPENSION ","","Excento de ","$18.98 ","$50.00 ","$50.00 "
"DIMOPE","AMOXICILINA SUSPENSION ","","Excento de ","$24.59 ","$47.00 ","$47.00 "
"CLAMO","Amoxicilina-Acido ","","Excento de ","$65.00 ","$140.00 ","$140.00 "
"GRAMA","Amoxicilina/Acido calvulanico ","","Excento de ","$47.73 ","$90.00 ","$90.00 "
"CLAVIP","Amoxicilina/acido clavulanico ","","Excento de ","$25.00 ","$40.00 ","$40.00 "
"CLAM ","Amoxicilina/acido Clavulanico ","","Excento de ","$29.78 ","$85.00 ","$85.00 "
"GIMACL","Amoxicilina/Acido Clavulanico ","","Excento de ","$43.99 ","$97.00 ","$97.00 "
"GIMACL","Amoxicilina/Acido Clavulanico ","","Excento de ","$52.99 ","$114.00 ","$114.00 "
"CLAM T ","Amoxicilina/Acido Clavulanico ","","Excento de ","$63.00 ","$148.00 ","$148.00 "
"ACROXI","Amoxicilina/bromhexina ","","Excento de ","$20.80 ","$40.00 ","$40.00 "
"CLAM T","Amoxicilona/Acido ","","Excento de ","$40.74 ","$99.00 ","$99.00 "
"PENTIC","AMOXIICLINA SUSPENSION ","","Excento de ","$22.75 ","$50.00 ","$50.00 "
"AMPI 1G","Ampicilina 1gr c/10 tab","","Excento de ","$19.29 ","$38.00 ","$38.00 "
"AMPI ","AMPICILINA 500MG C/20 ","","Excento de ","$21.30 ","$45.00 ","$45.00 "
"AMPICIL","AMPICILINA 500MG C/20 ","","Excento de ","$28.52 ","$64.00 ","$64.00 "
"AMPI ","Ampicilina 500mg c/20 tab","","Excento de ","$17.33 ","$37.00 ","$37.00 "
"AMBIDR","AMPICILINA 500MG ","","Excento de ","$19.50 ","$40.00 ","$40.00 "
"MAROVI","AMPICILINA CAPSULAS ","","Excento de ","$42.01 ","$80.00 ","$80.00 "
"PENTIV","Ampicilina CÁPSULAS ","","Excento de ","$19.50 ","$40.00 ","$40.00 "
"AMPICIL","Ampicilina suspencion ","","Excento de ","$22.41 ","$42.00 ","$42.00 "
"PENTIV","Ampicilina suspensión ","","Excento de ","$22.50 ","$46.00 ","$46.00 "
"AMP AD","AMPIGRIM ADULYO ","","Excento de ","$74.94 ","$180.00 ","$180.00 "
"AMP ","AMPIGRIM INFANTIL ","","Excento de ","$100.00 ","$175.00 ","$175.00 "
"SICAL","Azitromicina 4g/100ml c/30ml ","","Excento de ","$73.63 ","$155.00 ","$155.00 "
"AZIBIOT","Azitromicina 500mg c/3 tbs","","Excento de ","$78.00 ","$170.00 ","$170.00 "
"CRAZ","Azitromicina 500mgc/3 tab","","Excento de ","$26.35 ","$70.00 ","$70.00 "
"MARZIV","Azitromicina tab.500mg c/3","","Excento de ","$32.00 ","$69.00 ","$69.00 "
"ZERTRA","Azitromicina TABLETAS ","","Excento de ","$27.88 ","$85.00 ","$85.00 "
"CHARY","AZITROMICINA TABLETAS ","","Excento de ","$31.97 ","$96.00 ","$96.00 "
"CHARY","AZITROMICINA TABLETAS ","","Excento de ","$40.95 ","$100.00 ","$100.00 "
"BENC ","Bencelin Combinado ","","Excento de ","$12.00 ","$25.00 ","$25.00 "
"BENZA","Bencilpenicilina 1.200.000 UI ","","Excento de ","$14.84 ","$28.00 ","$28.00 "
"PENIS","Bencilpenicilina 800.000 UI ","","Excento de ","$12.77 ","$22.00 ","$22.00 "
"BENCIL ","Bencilpenicilina Benzatinica ","","Excento de ","$12.74 ","$30.00 ","$30.00 "
"PENI ","Bencilpenicilina Procainica/ ","","Excento de ","$19.68 ","$40.00 ","$40.00 "
"LUGAX","Bencilpenicilina ","","Excento de ","$9.30 ","$20.00 ","$20.00 "
"BENCPZ","Bencilpenicilina Susp 1 200 ","","Excento de ","$14.50 ","$27.00 ","$27.00 "
"ALIVIN ","Bencilpenicilina/Clemizol/Met","","Excento de ","$21.00 ","$45.00 ","$45.00 "
"BENCIL","BENCIMPENICILINA ","","Excento de ","$18.20 ","$30.00 ","$30.00 "
"BENZAT","Benzatinica Bencilpenicilina 1 ","","Excento de ","$21.11 ","$35.00 ","$35.00 "
"FAS S ","Cefaclor 250mg/5ml c/72 ml","","Excento de ","$84.34 ","$175.00 ","$175.00 "
"FASC T","Cefaclor 500mg  c/15 caps","","Excento de ","$144.90 ","$280.00 ","$280.00 "
"FACICL","Cefaclor SUSPENCION ","","Excento de ","$83.79 ","$178.00 ","$178.00 "
"BIXELO","CEFACLOR SUSPENSION ","","Excento de ","$51.20 ","$110.00 ","$110.00 "
"CEPOTE","CEFADROXILO ","","Excento de ","$41.77 ","$85.00 ","$85.00 "
"TEROX","Cefadroxilo Susp. 250mg/5ml  ","","Excento de ","$35.66 ","$65.00 ","$65.00 "
"NIXELA","Cefalexina 250mg/5ml ","","Excento de ","$25.80 ","$60.00 ","$60.00 "
"CEFALV","Cefalexina 500mg c/12 caps","","Excento de ","$37.07 ","$80.00 ","$80.00 "
"CEFAL T ","Cefalexina 500mg c/20 caps","","Excento de ","$50.29 ","$108.00 ","$108.00 "
"NIXELA","Cefalexina 500mg Caps ","","Excento de ","$36.50 ","$78.00 ","$78.00 "
"CEFALE","CEFALEXINA 500MG ","","Excento de ","$42.84 ","$95.00 ","$95.00 "
"CEFALE","Cefalexina Susp 250mg/5ml","","Excento de ","$34.02 ","$75.00 ","$75.00 "
"CEFAL ","Cefalexina Susp. 250mg/5ml ","","Excento de ","$35.25 ","$75.00 ","$75.00 "
"CEFAXO","CEFAXONA L.M ","","Excento de ","$50.00 ","$90.00 ","$90.00 "
"CEFIXIM","CEFIXIMA SUSPENSION   ","","Excento de ","$112.41 ","$229.00 ","$229.00 "
"CEFT","Ceftriaxona 1gr sol. Iny. ","","Excento de ","$16.72 ","$50.00 ","$50.00 "
"AMCEF ","Ceftriaxona 1gr. sol. Iny.  c/3.","","Excento de ","$25.98 ","$80.00 ","$80.00 "
"XONATI","Ceftriaxona 1gr. Sol. Iny. 3.5","","Excento de ","$14.30 ","$57.00 ","$57.00 "
"AMC IM","Ceftriaxona 500mg Sol. Iny ","","Excento de ","$19.75 ","$50.00 ","$50.00 "
"CEFTRI","Ceftriaxona 500mg Sol. Iny ","","Excento de ","$19.22 ","$48.00 ","$48.00 "
"CEFTR ","CEFTRIAXONA 500MG SOL. ","","Excento de ","$34.10 ","$80.00 ","$80.00 "
"TRIAXO","Ceftriaxona inyectable 1g 3.5","","Excento de ","$39.88 ","$80.00 ","$80.00 "
"CEFTRI","Ceftriaxona inyectable 1g c/3.","","Excento de ","$25.20 ","$80.00 ","$80.00 "
"CEFTRI","CEFTRIAXONA SOL. ","","Excento de ","$28.17 ","$80.00 ","$80.00 "
"CEFTRI","Ceftriaxona sol.inyectable ","","Excento de ","$36.94 ","$80.00 ","$80.00 "
"AMCEF ","Ceftriaxona solución ","","Excento de ","$22.98 ","$50.00 ","$50.00 "
"CEF 500","Cefuroxima 500mg c/10 tab ","","Excento de ","$137.96 ","$297.00 ","$297.00 "
"CEFA ","Cefuroxima Sup. 125mg/5ml ","","Excento de ","$56.25 ","$115.00 ","$115.00 "
"CEFAG ","Cefuroxima Susp. 250mg/5ml ","","Excento de ","$78.75 ","$199.00 ","$199.00 "
"CEFAGE","CEFUROXIMA TABLETAS ","","Excento de ","$65.01 ","$80.00 ","$80.00 "
"KENOFL","Ciprofloxacino 250mg 12tbs","","Excento de ","$23.15 ","$48.00 ","$48.00 "
"X-ZIN ","Ciprofloxacino 250mg c/12 ","","Excento de ","$16.82 ","$33.00 ","$33.00 "
"X-ZIN ","Ciprofloxacino 500mg c/12","","Excento de ","$25.57 ","$60.00 ","$60.00 "
"FLUXA ","Ciprofloxacino 500mg c/14 ","","Excento de ","$31.71 ","$70.00 ","$70.00 "
"KENZO","Ciprofloxacino Gotas Oft ","","Excento de ","$24.73 ","$40.00 ","$40.00 "
"Z-XIN ","Ciprofloxacino TABLETAS ","","Excento de ","$13.96 ","$30.00 ","$30.00 "
"VIFLOXI","Ciprofloxacino TABLETAS ","","Excento de ","$13.37 ","$30.00 ","$30.00 "
"KLA 250","Claritrimicina 250mg c/10 tab ","","Excento de ","$51.69 ","$112.00 ","$112.00 "
"KROB ","Claritromicina 125mg/5ml ","","Excento de ","$63.35 ","$149.00 ","$149.00 "
"doycru ","CLARITROMICINA 250MG ","","Excento de ","$49.01 ","$88.00 ","$88.00 "
"KLA 500","Claritromicina 500mg c/10 tab ","","Excento de ","$64.70 ","$140.00 ","$140.00 "
"KROB","Claritromicina Susp. ","","Excento de ","$93.28 ","$200.00 ","$200.00 "
"CLIN ","Clinadamicina 600mg/4ml ","","Excento de ","$86.71 ","$165.00 ","$165.00 "
"CLIN ","Clindamicina 300mg c/16 ","","Excento de ","$42.25 ","$89.00 ","$89.00 "
"CLINDA ","CLINDAMICINA 300MG C/16 ","","Excento de ","$42.87 ","$95.00 ","$95.00 "
"INDACIL","Clindamicina 300mg c/16 ","","Excento de ","$52.92 ","$114.00 ","$114.00 "
"FOSHL","Clindamicina 300mg c/16 ","","Excento de ","$39.38 ","$80.00 ","$80.00 "
"CIGMA","Clindamicina 300mg c/16 ","","Excento de ","$53.13 ","$110.00 ","$110.00 "
"KLAMO","Clindamicina CAPSULAS ","","Excento de ","$39.26 ","$80.00 ","$80.00 "
"DALAC","Clindamicina Gel 1% c/3g ","","Excento de ","$29.51 ","$64.00 ","$64.00 "
"CLIN ","Clindamicina INYECTABLE ","","Excento de ","$10.84 ","$22.00 ","$22.00 "
"CLORA","Cloranfenicol Gotas ","","Excento de ","$55.78 ","$111.00 ","$111.00 "
"BLENDO","Clorfenamina 50mg/100ml ","","Excento de ","$19.70 ","$40.00 ","$40.00 "
"AMIFARI","Dicloxaciclina SUSPENSION ","","Excento de ","$19.68 ","$42.00 ","$42.00 "
"DICLOX","DICLOXACILINA 500 MG ","","Excento de ","$0.00 ","$55.00 ","$55.00 "
"DICL T","Dicloxacilina 500mg c/20 ","","Excento de ","$47.18 ","$95.00 ","$95.00 "
"BUTIMA","Dicloxacilina 500mg c/20 ","","Excento de ","$43.78 ","$88.00 ","$88.00 "
"DICLOX","Dicloxacilina 500mg c/20 ","","Excento de ","$24.62 ","$70.00 ","$70.00 "
"DICLOX","Dicloxacilina capsulas 500mg","","Excento de ","$34.46 ","$70.00 ","$70.00 "
"AMIFARI","DICLOXACILINA CAPSULAS ","","Excento de ","$35.54 ","$65.00 ","$65.00 "
"DICLOX","Dicloxacilina CÁPSULAS ","","Excento de ","$32.63 ","$70.00 ","$70.00 "
"COXACL","Dicloxacilina CAPSULAS ","","Excento de ","$53.55 ","$115.00 ","$115.00 "
"ORMOP","Dicloxacilina CÁPSULAS ","","Excento de ","$49.93 ","$105.00 ","$105.00 "
"DIC ","Dicloxacilina susp. ","","Excento de ","$20.37 ","$45.00 ","$45.00 "
"BUTIMA","DICLOXACILINA ","","Excento de ","$18.17 ","$40.00 ","$40.00 "
"ORMOP","DICLOXACILINA ","","Excento de ","$33.12 ","$63.00 ","$63.00 "
"ROXID","Doxiciclina 100mg c/10 caps","","Excento de ","$29.00 ","$65.00 ","$65.00 "
"DOXICI","Doxiciclina 100mg c/10 caps ","","Excento de ","$32.50 ","$70.00 ","$70.00 "
"PERIOS","Doxiciclina Caps 100mg c/10 ","","Excento de ","$26.88 ","$70.00 ","$70.00 "
"ERITRO","Eritromicina 250mg Susp ","","Excento de ","$41.82 ","$92.00 ","$92.00 "
"LANT","Eritromicina 500mg c/20 tab","","Excento de ","$33.63 ","$65.00 ","$65.00 "
"TROPH","Eritromicina 500mg c/20 tab ","","Excento de ","$50.00 ","$105.00 ","$105.00 "
"ERITRO","ERITROMICINA 500MG C/20 ","","Excento de ","$48.30 ","$104.00 ","$104.00 "
"BIOE","Eritromicina Susp. ","","Excento de ","$56.32 ","$100.00 ","$100.00 "
"ERITRO ","Eritromicina Suspension ","","Excento de ","$33.85 ","$69.00 ","$69.00 "
"ERITRO","Eritromicina Suspension ","","Excento de ","$44.70 ","$90.00 ","$90.00 "
"IQFAMIC","ERITROMICINA ","","Excento de ","$32.53 ","$70.00 ","$70.00 "
"ERITRO ","ERITROMICINA ","","Excento de ","$51.58 ","$98.00 ","$98.00 "
"ERITRO","Eritromicina Suspension ","","Excento de ","$80.75 ","$170.00 ","$170.00 "
"GENK","Gentamicina 160mg/2ml ","","Excento de ","$51.83 ","$113.00 ","$113.00 "
"GUAYA ","Guayatetra Adulto c/3 amp","","Excento de ","$76.96 ","$126.00 ","$126.00 "
"GUAY ","GUAYATETRA ","","Excento de ","$59.03 ","$105.00 ","$105.00 "
"GUAY 1","Guayatetra Sol. Iny c/1 amp","","Excento de ","$24.22 ","$45.00 ","$45.00 "
"MI-KE ","Ketoconazol crema 2g ","","Excento de ","$26.09 ","$47.00 ","$47.00 "
"LAUR ","LAUR INFANTIL SOL. ","","Excento de ","$62.10 ","$130.00 ","$130.00 "
"SOLO","Levofloxacino 500mg c/7 tab","","Excento de ","$37.63 ","$85.00 ","$85.00 "
"LEVO ","LEVOFLOXACINO 500MG ","","Excento de ","$31.68 ","$75.00 ","$75.00 "
"SIBOFIX ","LEVOFLOXACINO 750 MG ","","Excento de ","$48.50 ","$120.00 ","$120.00 "
"VALULE","Levofloxacino TABLETAS ","","Excento de ","$40.09 ","$80.00 ","$80.00 "
"LINCO ","Lincomicina 600mg Sol. Iny ","","Excento de ","$45.30 ","$95.00 ","$95.00 "
"LINCOV","Lincomicina sol 600mg/2ml c ","","Excento de ","$32.32 ","$65.00 ","$65.00 "
"MESSE","Metronidazol 500mg c/20 tab","","Excento de ","$13.00 ","$25.00 ","$25.00 "
"MESSEL ","Metronidazol 500mg c/30 tab","","Excento de ","$16.80 ","$35.00 ","$35.00 "
"ELYZOL","Metronidazol susp. ","","Excento de ","$23.83 ","$45.00 ","$45.00 "
"LAMB S","Metronidazol Susp. 5g/100ml ","","Excento de ","$20.09 ","$44.00 ","$44.00 "
"LAMBLI","Metronidazol Suspension ","","Excento de ","$14.26 ","$30.00 ","$30.00 "
"METRO","METRONIDAZOL ","","Excento de ","$16.31 ","$35.00 ","$35.00 "
"METRO","METRONIDAZOL ","","Excento de ","$16.80 ","$35.00 ","$35.00 "
"MECON","METRONIDAZOL/MICONAZ","","Excento de ","$172.19 ","$372.00 ","$372.00 "
"SULN","Neomicina/ Polimixina B/ ","","Excento de ","$19.74 ","$33.00 ","$33.00 "
"NITR","Nitrofurantoina 100mg c/12 ","","Excento de ","$25.10 ","$45.00 ","$45.00 "
"MACRO","Nitrofurantoina 100mg c/40 ","","Excento de ","$66.21 ","$145.00 ","$145.00 "
"NORQU","Norfloxacino 400mg c/20 tab ","","Excento de ","$45.82 ","$85.00 ","$85.00 "
"NORFLE","Norfloxacino/Fenazopiridina ","","Excento de ","$53.81 ","$98.00 ","$98.00 "
"RIXI","Ofloxacino 400mg c/8 tab","","Excento de ","$34.09 ","$70.00 ","$70.00 "
"FLOSEP","Ofloxacino 400mg c/8 tab ","","Excento de ","$26.73 ","$70.00 ","$70.00 "
"PENDIB","PENDIBEN COMPUESTO/ ","","Excento de ","$20.53 ","$40.00 ","$40.00 "
"UROVE","Tetraccilcina/fenazopiridina/s","","Excento de ","$61.87 ","$110.00 ","$110.00 "
"BATER","Trimetoprim/ Sulfametoxazol ","","Excento de ","$13.00 ","$35.00 ","$35.00 "
"BACT F","Trimetoprim/Sulfametoxazol ","","Excento de ","$20.00 ","$43.00 ","$43.00 "
"SULFA","Trimetoprim/Sulfametoxazol ","","Excento de ","$10.89 ","$26.00 ","$26.00 "
"ORMOP","Trimetoprim/Sulfametoxazol ","","Excento de ","$10.26 ","$25.00 ","$25.00 "
"BACT","Trimetoprim/Sulfametoxazol ","","Excento de ","$20.00 ","$43.00 ","$43.00 "
"BACT ","Trimetoprim/Sulfametoxazol ","","Excento de ","$23.31 ","$60.00 ","$60.00 "
"BACT ","Trimetoprim/Sulfametoxazol ","","Excento de ","$30.00 ","$60.00 ","$60.00 "
"OCTIBA","Trimetoprima/Sulfametoxazol ","","Excento de ","$18.36 ","$47.00 ","$47.00 "
"BACTR","TRIMETOPRIMA/SULFAMET","","Excento de ","$20.58 ","$40.00 ","$40.00 "
"SOLTRI","Trimetoprima/Sulfametoxazol ","","Excento de ","$13.03 ","$25.00 ","$25.00 "
"BEADVA","Trimetoprima/Sulfametoxazol ","","Excento de ","$12.57 ","$50.00 ","$50.00 "
"SOLTRI","Trimetoprima/Sulfametoxazol ","","Excento de ","$17.69 ","$32.00 ","$32.00 "
"BATERA","Trimetorpima/Sulfametoxazol ","","Excento de ","$20.55 ","$45.00 ","$45.00 "
"VALCLA","VALCLAN ","","Excento de ","$32.55 ","$68.00 ","$68.00 "
"DIVIL","Algesterona/Estradiol ","","Excento de ","$35.70 ","$82.00 ","$82.00 "
"PERLU","Algestona/ Estradiol ","","Excento de ","$37.52 ","$75.00 ","$75.00 "
"M ","Condon M FORCE MULTI-O","","Excento de ","$69.00 ","$78.00 ","$78.00 "
"PRUD ","Condon PRUDENCE ","","Excento de ","$8.13 ","$14.00 ","$14.00 "
"PRUD ","Condondes PRUDENCE ","","Excento de ","$37.03 ","$47.00 ","$47.00 "
"PRUDE","Condones PRUDENCE ","","Excento de ","$23.80 ","$40.00 ","$40.00 "
"PRUD ","Condones PRUDENCE ","","Excento de ","$37.03 ","$47.00 ","$47.00 "
"PRU CL","Condones PRUDENCE ","","Excento de ","$35.55 ","$60.00 ","$60.00 "
"PRUD ","Condones PRUDENCE ","","Excento de ","$37.04 ","$47.00 ","$47.00 "
"PRUDE","Condones PRUDENCE HOT ","","Excento de ","$38.67 ","$50.00 ","$50.00 "
"PRUD M","Condones PRUDENCE ","","Excento de ","$30.90 ","$45.00 ","$45.00 "
"PRUDE","Condones PRUDENCE MIX ","","Excento de ","$48.15 ","$61.00 ","$61.00 "
"PRUD ","Condones PRUDENCE ","","Excento de ","$30.50 ","$45.00 ","$45.00 "
"SICO ","Condones SICO Safety Feel ","","Excento de ","$55.49 ","$69.00 ","$69.00 "
"TROJ ","Condones Trojan CLASICO ","","Excento de ","$43.00 ","$63.00 ","$63.00 "
"TROJ  ","Condones Trojan ECSTASY ","","Excento de ","$55.70 ","$70.00 ","$70.00 "
"TROJ ","Condones Trojan PIEL ","","Excento de ","$61.12 ","$77.00 ","$77.00 "
"DIU","Dispositivo Intraiterino TCu ","","Excento de ","$94.67 ","$199.00 ","$199.00 "
"POSTDA","Levonogestrel 0.75 mg c/2 ","","Excento de ","$42.00 ","$90.00 ","$90.00 "
"SILOG","Levonogestrel 0.75mg c/2 tab ","","Excento de ","$32.52 ","$65.00 ","$65.00 "
"LEVON","LEVONOGESTREL 1.5MG ","","Excento de ","$21.67 ","$70.00 ","$70.00 "
"LEV- ","Levonogestrel/ Estradiol 0.15","","Excento de ","$25.63 ","$55.00 ","$55.00 "
"LEV-","Levonogestrel/Estradiol c/28 ","","Excento de ","$23.38 ","$53.00 ","$53.00 "
"MICROG","Levonorgestrel/Etinilestradiol ","","Excento de ","$249.54 ","$285.00 ","$285.00 "
"M FORC ","M Force Texturizado c/3","","Excento de ","$63.70 ","$79.00 ","$79.00 "
"PREGA","Pregabalina CAPSULAS ","","Excento de ","$66.31 ","$135.00 ","$135.00 "
"TRANKI","Valproato de Magnesio ","","Excento de ","$63.74 ","$140.00 ","$140.00 "
"DIAL ","DIALGIN SUSPENCIÓN ","","Excento de ","$36.14 ","$78.00 ","$78.00 "
"EXOFU","Furazolidona/Caolin/Pectina ","","Excento de ","$27.85 ","$70.00 ","$70.00 "
"KAOPE","KAOPECTATE C/20 TAB","","Excento de ","$105.11 ","$130.00 ","$130.00 "
"DILOS","Loperamida 2mg c/12 tab","","Excento de ","$15.01 ","$38.00 ","$38.00 "
"DIPERA ","Loperamida TABLETAS 2mg ","","Excento de ","$8.73 ","$20.00 ","$20.00 "
"EXCLEF","Loperamida TABLETAS 2mg ","","Excento de ","$9.44 ","$30.00 ","$30.00 "
"DILOST","Loperamida TABLETAS 2mg ","","Excento de ","$8.02 ","$38.00 ","$38.00 "
"NEOK - ","Neomicina/ Caolin/ Pectina ","","Excento de ","$30.00 ","$65.00 ","$65.00 "
"NEOK T","Neomicina/Caolin/Pectina ","","Excento de ","$53.59 ","$90.00 ","$90.00 "
"OPTAZO","NEOMICINA/CAOLIN/PECTI","","Excento de ","$48.27 ","$95.00 ","$95.00 "
"NINEKA","Neomicina/Caolin/Pectina ","","Excento de ","$27.01 ","$55.00 ","$55.00 "
"NINEK ","Neomicina/Caolin/Pectina ","","Excento de ","$47.55 ","$100.00 ","$100.00 "
"PEPTO ","PEPTO BISMOL ","","Excento de ","$140.89 ","$176.00 ","$176.00 "
"PEPTO ","PEPTO BISMOL TBS C/6 ","","Excento de ","$3.27 ","$20.00 ","$20.00 "
"DACALF","Subsalicilato de bismuto ","","Excento de ","$32.26 ","$64.00 ","$64.00 "
"TREDA","Treda suspension 75ml ","","Excento de ","$141.97 ","$177.00 ","$177.00 "
"TREDA ","TREDA TABLETAS ","","Excento de ","$115.00 ","$160.00 ","$160.00 "
"TREDA ","TREDA TABLETAS C/30","","Excento de ","$147.10 ","$170.00 ","$170.00 "
"VOM ","Dimenhidrato 50mg c/20 tab ","","Excento de ","$38.08 ","$82.00 ","$82.00 "
"VOM GT","Dimenhidrinato 25mg/ml ","","Excento de ","$42.45 ","$93.00 ","$93.00 "
"VOM ","Dimenhidritato 50mg/1ml Sol. ","","Excento de ","$34.99 ","$80.00 ","$80.00 "
"DRAMA ","Dramamine50mg c/24 tab","","Excento de ","$6.22 ","$10.00 ","$10.00 "
"ERIS ","Loratadina/betametazona Tbs ","","Excento de ","$12.60 ","$35.00 ","$35.00 "
"GRALO","MAGALDRATO ","","Excento de ","$62.14 ","$110.00 ","$110.00 "
"MECL ","Meclizina/ Piridoxina ","","Excento de ","$22.04 ","$47.00 ","$47.00 "
"VO-REM","Meclizina/Piridoxina 25/50mg ","","Excento de ","$27.20 ","$50.00 ","$50.00 "
"BON ","Meclizina/Piridoxina Gotas ","","Excento de ","$17.92 ","$38.00 ","$38.00 "
"VO-RE","Meclizina/Piridoxina Sol ","","Excento de ","$41.35 ","$65.00 ","$65.00 "
"MECL ","Meclozina/ Piridoxina Gotas ","","Excento de ","$20.58 ","$45.00 ","$45.00 "
"BON INY","Meclozina/Piridoxina/Lidocain","","Excento de ","$11.76 ","$25.00 ","$25.00 "
"CONY","Metoclopramida 10mg c/20 ","","Excento de ","$7.06 ","$22.00 ","$22.00 "
"DIRPA","Metoclopramida 10mg c/20 ","","Excento de ","$7.80 ","$18.00 ","$18.00 "
"CIRU","Metoclopramida Gtas. ","","Excento de ","$15.00 ","$29.00 ","$29.00 "
"METO ","Metoclopramida Sol. Iny. ","","Excento de ","$13.24 ","$30.00 ","$30.00 "
"VILK ","ONDANSETRÓN TABLETAS ","","Excento de ","$54.04 ","$115.00 ","$115.00 "
"ACIDO ","Ácido Acórbico ","","Excento de ","$59.01 ","$138.00 ","$138.00 "
"ADRIPH","Acido ascorbico 2G c/10 ","","Excento de ","$84.99 ","$160.00 ","$160.00 "
"BIOBUL","Acido ascorbico tabletas ","","Excento de ","$46.20 ","$110.00 ","$110.00 "
"OXITAL-","Acido Ascorbico/Zinc TBS ","","Excento de ","$72.52 ","$156.00 ","$156.00 "
"AGRI","AGRIFEN C/10 TAB","","Excento de ","$24.90 ","$32.00 ","$32.00 "
"AGRIF ","Agrifen c/15 t6ab","","Excento de ","$13.67 ","$25.00 ","$25.00 "
"AFRIFE","Agrifen Noche TABLETAS ","","Excento de ","$18.50 ","$31.00 ","$31.00 "
"ALK ","Alka-Setzer BOOST C/U","","Excento de ","$3.21 ","$5.00 ","$5.00 "
"AMPIGR ","Amantadina/Clorfenamina/Pa","","Excento de ","$30.58 ","$60.00 ","$60.00 "
"AMANT","Amantadina/clorfenamina/par","","Excento de ","$28.60 ","$58.00 ","$58.00 "
"ROSEL ","Amantadina/Clorfenamina/Pa","","Excento de ","$29.02 ","$63.00 ","$63.00 "
"BREALI","Amantadina/Clorfenamina/Pa","","Excento de ","$17.73 ","$36.00 ","$36.00 "
"AMPIG","Amantadina/Clorfenamina/Pa","","Excento de ","$34.06 ","$64.00 ","$64.00 "
"FAYRUS ","Amantadina/Clorfenamina/Pr","","Excento de ","$20.19 ","$40.00 ","$40.00 "
"GRIST","Ambroxol/ Loratadina ","","Excento de ","$13.74 ","$28.00 ","$28.00 "
"LOV EX ","Ambroxol/Loratadina Jar ","","Excento de ","$30.30 ","$65.00 ","$65.00 "
"AMPI TA","AMPIGRIM PFC TAB C/24 ","","Excento de ","$30.08 ","$49.00 ","$49.00 "
"ANTIFL ","Antifludes Capsulas c/24 cap","","Excento de ","$139.66 ","$175.00 ","$175.00 "
"ANTIF ","Antifludes JR.  INFANTIL ","","Excento de ","$124.15 ","$155.00 ","$155.00 "
"ANTIF ","Antifludes Pediatrico c/30 ml","","Excento de ","$135.61 ","$170.00 ","$170.00 "
"CAPSIF","CAPSIFLU CÁPSULAS ","","Excento de ","$23.00 ","$40.00 ","$40.00 "
"CK-2","Clorfenamina compuesta  ","","Excento de ","$16.65 ","$32.00 ","$32.00 "
"BIOFLU","Clorfenamina Compuesta ","","Excento de ","$7.43 ","$14.00 ","$14.00 "
"KY6","Clorfenamina Compuesta ","","Excento de ","$10.77 ","$22.00 ","$22.00 "
"MASF","Clorfenamina Compuesta ","","Excento de ","$13.71 ","$28.00 ","$28.00 "
"FENIBR","CLORFENAMINA ","","Excento de ","$10.40 ","$23.00 ","$23.00 "
"DEGRI","Clorfenamina/Fenielfrina/Para","","Excento de ","$18.30 ","$30.00 ","$30.00 "
"CONTA","Contac Ultra 500mg c/12 tab","","Excento de ","$19.22 ","$45.00 ","$45.00 "
"DESENF ","DESENFRIOL D C/ 2 TAB","","Excento de ","$2.00 ","$7.00 ","$7.00 "
"DESENf  ","Desenfriol D Tabletas c/30 ","","Excento de ","$32.00 ","$50.00 ","$50.00 "
"DESENF","Desenfriol-ito TABLETAS c/6 ","","Excento de ","$16.30 ","$20.00 ","$20.00 "
"DESEN ","Desenfriol-lito  Clorfenamina/ ","","Excento de ","$69.56 ","$90.00 ","$90.00 "
"DESE-","Desenfriolito Gotas ","","Excento de ","$60.88 ","$80.00 ","$80.00 "
"DESEN-","Desenfriolito-PLUS Tabletas ","","Excento de ","$30.50 ","$47.00 ","$47.00 "
"DESENF","DESNFRIOL D TABLETAS ","","Excento de ","$55.40 ","$75.00 ","$75.00 "
"EXALIV ","EXALIV TABLETAS C/24 ","","Excento de ","$20.79 ","$42.00 ","$42.00 "
"EXALVE","EXALVER TABLETAS C/10 ","","Excento de ","$11.05 ","$25.00 ","$25.00 "
"LAR D ","Fenilefrina/Loratadina ","","Excento de ","$40.95 ","$88.00 ","$88.00 "
"FEXOFF","FEXOFENADINA ","","Excento de ","$42.58 ","$95.00 ","$95.00 "
"GENTIL ","Gentil AD comprimidos adulto ","","Excento de ","$15.20 ","$20.00 ","$20.00 "
"GRIP","GRIPSON ","","Excento de ","$18.09 ","$35.00 ","$35.00 "
"EXL ","Guaifenesina/Fenilefrina/Dext","","Excento de ","$17.50 ","$30.00 ","$30.00 "
"EXL INF","Guaifenesina/Fenilefrina/Dext","","Excento de ","$25.46 ","$42.00 ","$42.00 "
"LARIT ","Laritol G Granulado c/6 sobre ","","Excento de ","$25.45 ","$45.00 ","$45.00 "
"LAR G","Laritol G Pediatrico 120ml ","","Excento de ","$19.50 ","$40.00 ","$40.00 "
"GRISTA","LORATADINA/ AMBROXOL   ","","Excento de ","$16.01 ","$32.00 ","$32.00 "
"LARI EX ","Loratadina/ Ambroxol Jarabe ","","Excento de ","$25.94 ","$50.00 ","$50.00 "
"LAR T","Loratadina/Ambroxol ","","Excento de ","$27.72 ","$52.00 ","$52.00 "
"LAR EX ","Loratadina/Ambroxol Sol. ","","Excento de ","$16.60 ","$33.00 ","$33.00 "
"LAR D S","Loratadina/fenilefrina ","","Excento de ","$46.66 ","$95.00 ","$95.00 "
"AMBRO","MUCOANGIN","","Excento de ","$117.37 ","$147.00 ","$147.00 "
"NEXT 20","Next c/20 TAB","","Excento de ","$29.50 ","$48.00 ","$48.00 "
"NEXT","NEXT TABLETAS C/10 TAB","","Excento de ","$37.11 ","$47.00 ","$47.00 "
"FEBRIN","Paracetamol/cafeina/fenilefrin","","Excento de ","$12.60 ","$35.00 ","$35.00 "
"LM6 ","Paracetamol/clorfenamina ","","Excento de ","$57.90 ","$85.00 ","$85.00 "
"EVALVE","Paracetamol/dextrometorfano","","Excento de ","$16.90 ","$33.00 ","$33.00 "
"EXA ","Paracetamol/Fenilefrina/Clorf","","Excento de ","$12.35 ","$30.00 ","$30.00 "
"LADEX","Paracetamol/Loratadina/Dextr","","Excento de ","$23.02 ","$50.00 ","$50.00 "
"RSOEL ","Rosel Pediatrico SOLUCIÓN ","","Excento de ","$35.76 ","$77.00 ","$77.00 "
"ROSEL ","Rosel Solucion INFANTIL ","","Excento de ","$35.94 ","$77.00 ","$77.00 "
"ROS T","ROSEL T ","","Excento de ","$21.07 ","$45.00 ","$45.00 "
"SEDALM","Sedalmerck C/20 TABLETAS","","Excento de ","$77.71 ","$98.00 ","$98.00 "
"TAB ","TABCIN ACTIVE C/12 ","","Excento de ","$68.75 ","$86.00 ","$86.00 "
"TAB A","Tabcin AZUL cada/ Tableta","","Excento de ","$1.96 ","$3.00 ","$3.00 "
"TABCIN ","TABCIN DIA CAPSULAS ","","Excento de ","$57.00 ","$75.00 ","$75.00 "
"TABC","TABCIN EFERVESCENTE ","","Excento de ","$37.40 ","$46.00 ","$46.00 "
"TAB ","TABCIN NOCHE   C/12 ","","Excento de ","$58.20 ","$75.00 ","$75.00 "
"TABCIN ","Tabcin Noche CAPSULAS ","","Excento de ","$68.25 ","$86.00 ","$86.00 "
"TAB R","Tabcin ROJO  C/ Tableta","","Excento de ","$2.04 ","$5.00 ","$5.00 "
"THERAF","THERAFLU TD DIA SABOR ","","Excento de ","$16.46 ","$22.00 ","$22.00 "
"VICK P","Vick Pyrena MIEL Y LIMON ","","Excento de ","$16.88 ","$189.00 ","$189.00 "
"CBOOS","VITAMINA C SOBRES SIN ","","Excento de ","$79.82 ","$130.00 ","$130.00 "
"XL ","XL-3 ANTIGRIPAL","","Excento de ","$18.20 ","$24.00 ","$24.00 "
"XL-VR","XL-3 VR C/24 tab","","Excento de ","$108.13 ","$135.00 ","$135.00 "
"XL-3 ","XL-3 XTRA C/12 CAPS","","Excento de ","$64.01 ","$80.00 ","$80.00 "
"NABLOD","AMLODIPINO 5MG C/10TAB","","Excento de ","$17.33 ","$38.00 ","$38.00 "
"NABLOD","AMLODIPINO 5MG ","","Excento de ","$30.96 ","$65.00 ","$65.00 "
"COLLIP","Atorvastatina 40mg ","","Excento de ","$37.02 ","$75.00 ","$75.00 "
"DYLAXY","Atorvastatina TABLETAS ","","Excento de ","$39.42 ","$85.00 ","$85.00 "
"ALTIV ","Captopril 25mg c/30 tab","","Excento de ","$13.19 ","$43.00 ","$43.00 "
"ALTIVE","Captopril TABLETAS 50mg ","","Excento de ","$34.96 ","$70.00 ","$70.00 "
"CAPT-","Captopril/hidroclorotiazida ","","Excento de ","$30.87 ","$65.00 ","$65.00 "
"ENALA","Enalapril 10mg c/30 tab ","","Excento de ","$7.70 ","$30.00 ","$30.00 "
"PRIMAZ","ENALAPRIL 10MG C/30 ","","Excento de ","$20.60 ","$42.00 ","$42.00 "
"ENAL ","ENALAPRIL TABLETAS ","","Excento de ","$11.92 ","$25.00 ","$25.00 "
"IRBE ","IRBESARTAN 300MG  C28 ","","Excento de ","$161.74 ","$180.00 ","$180.00 "
"IRBESA","Irbesartan TABLETAS ","","Excento de ","$85.70 ","$165.00 ","$165.00 "
"IRBE ","Irbesartan TABLETAS 300mg ","","Excento de ","$77.41 ","$166.00 ","$166.00 "
"PUNAB ","LOSARTAN 100MG ","","Excento de ","$19.73 ","$45.00 ","$45.00 "
"PUNAB ","Losartan TABLETAS 50mg ","","Excento de ","$20.42 ","$42.00 ","$42.00 "
"LOSAR/","Losartan/Hidroclorotiazida ","","Excento de ","$35.13 ","$76.00 ","$76.00 "
"METOP","METOPROLOL 100MG C/20","","Excento de ","$16.96 ","$38.00 ","$38.00 "
"GELPRI","Nifedipino CAPSULAS 10mg ","","Excento de ","$19.88 ","$43.00 ","$43.00 "
"PROCH","PROPRANOLOL 40MG C/30 ","","Excento de ","$23.07 ","$50.00 ","$50.00 "
"NATRAZ","TELMISARTAN 40 MG ","","Excento de ","$52.83 ","$106.00 ","$106.00 "
"TELMIS","TELMISARTAN 80MG C/14 ","","Excento de ","$51.80 ","$110.00 ","$110.00 "
"TELMIS","TELMISARTAN 80MG C/28 ","","Excento de ","$79.00 ","$160.00 ","$160.00 "
"TELMIS","Telmisartan TABLETAS ","","Excento de ","$48.28 ","$85.00 ","$85.00 "
"TELMIS","Telmisatan/Hidroclorotiazida ","","Excento de ","$124.38 ","$225.00 ","$225.00 "
"SVSLRA","Valsartan COMPRIMIDOS ","","Excento de ","$81.93 ","$165.00 ","$165.00 "
"ALDIFE","ALFIDEX COMPRIMIDOS ","","Excento de ","$68.98 ","$140.00 ","$140.00 "
"BRONA","Ambroxol/loratadina Gotas ","","Excento de ","$26.67 ","$52.00 ","$52.00 "
"AVAPEN","AVAPENA SOL ","","Excento de ","$53.07 ","$95.00 ","$95.00 "
"CET","Cetirizina 10 mg c/10 tab","","Excento de ","$40.30 ","$88.00 ","$88.00 "
"CET ","Cetirizina Sol. 100mg/100ml ","","Excento de ","$63.01 ","$135.00 ","$135.00 "
"RETIR","Cetirizina sup. 100mg/100ml ","","Excento de ","$47.12 ","$95.00 ","$95.00 "
"RAAMCI","CETIRIZINA TABLETAS ","","Excento de ","$24.32 ","$55.00 ","$55.00 "
"CINARIZ","Cinarizina TABLETAS 75mg ","","Excento de ","$35.76 ","$70.00 ","$70.00 "
"BLEND","Clorfenamina 4mg c/20 tab","","Excento de ","$16.76 ","$28.00 ","$28.00 "
"DOCSI ","Clorfenamina JARABE ","","Excento de ","$13.30 ","$30.00 ","$30.00 "
"DERIM","Clorfenamina Jarabe ","","Excento de ","$12.25 ","$23.00 ","$23.00 "
"BENN","Derloratadina Solucion ","","Excento de ","$38.50 ","$81.00 ","$81.00 "
"DEGOR","Desloratadina 50mg/100ml ","","Excento de ","$22.39 ","$46.00 ","$46.00 "
"SELEC","Desloratadina 5mg c/10 tab","","Excento de ","$23.95 ","$60.00 ","$60.00 "
"HISTAP","Desloratadina TABLETAS ","","Excento de ","$25.14 ","$55.00 ","$55.00 "
"INDU","Difenhidramina 25mg c/30 ","","Excento de ","$21.06 ","$48.00 ","$48.00 "
"LEVOCE","Levocetirizina TABLETAS ","","Excento de ","$56.00 ","$100.00 ","$100.00 "
"LART ","Loratadina Gotas Pediatricas ","","Excento de ","$24.73 ","$50.00 ","$50.00 "
"DOTAG","Loratadina Jarabe  5mg/5ml  ","","Excento de ","$18.32 ","$35.00 ","$35.00 "
"DOCTA","Loratadina JARABE ","","Excento de ","$7.47 ","$30.00 ","$30.00 "
"LOV ","Loratadina Jarabe 5mg/5ml ","","Excento de ","$26.36 ","$57.00 ","$57.00 "
"LARI ","Loratadina Susp. 1mg/1ml ","","Excento de ","$17.75 ","$38.00 ","$38.00 "
"HISTINA","LORATADINA TAB 10MG ","","Excento de ","$6.50 ","$25.00 ","$25.00 "
"HISTATI","Loratadina TABLETAS 10mg ","","Excento de ","$10.40 ","$20.00 ","$20.00 "
"TAMEX","Loratadina/Betametasona ","","Excento de ","$33.01 ","$68.00 ","$68.00 "
"COB NS ","Loratadina/Betametasona ","","Excento de ","$45.71 ","$98.00 ","$98.00 "
"ERIS ","Loratadina/Betametasona ","","Excento de ","$36.54 ","$89.00 ","$89.00 "
"INHALS","Montelukast 10 mg c/20 tab    ","","Excento de ","$38.19 ","$115.00 ","$115.00 "
"VALTO ","Montelukast GRANULADO ","","Excento de ","$78.35 ","$150.00 ","$150.00 "
"CANEST","CANESTEN V 1 ÓVULO","","Excento de ","$126.09 ","$170.00 ","$170.00 "
"CANEST","CANESTEN-V ","","Excento de ","$164.00 ","$199.00 ","$199.00 "
"CANEST","CANESTEN-V DUAL ","","Excento de ","$152.00 ","$190.00 ","$190.00 "
"CELEST","Celestone Soluspan ","","Excento de ","$352.00 ","$399.00 ","$399.00 "
"FEMITA","Clindamicina/Ketoconazol ","","Excento de ","$65.58 ","$130.00 ","$130.00 "
"LOZAM-","Clotrimazol Crema 1% c/30 ","","Excento de ","$15.21 ","$30.00 ","$30.00 "
"LIFERZ","Clotrimazol crema 2% 3 dias. ","","Excento de ","$28.22 ","$60.00 ","$60.00 "
"EURO","Clotrimazol Crema 2% c/3 apl","","Excento de ","$29.93 ","$60.00 ","$60.00 "
"CLO D","Clotrimazol DUAL 3 dias","","Excento de ","$51.74 ","$98.00 ","$98.00 "
"CANDIP","Clotrimazol óvulos 200mg c/3","","Excento de ","$59.70 ","$110.00 ","$110.00 "
"LANF","Fluconazol 100mg c/1 caps","","Excento de ","$14.01 ","$30.00 ","$30.00 "
"TERPL","Fluconazol 100mg c/10 tab","","Excento de ","$20.99 ","$59.00 ","$59.00 "
"ONGICO","FLUCONAZOL 150MG C/1 ","","Excento de ","$15.48 ","$35.00 ","$35.00 "
"FLUCON","Fluconazol CAPSULAS ","","Excento de ","$82.54 ","$165.00 ","$165.00 "
"COLLIC","HIDROCORTISONA CREMA ","","Excento de ","$48.48 ","$105.00 ","$105.00 "
"E-MIZOL","Isoconazol Crema 1g/100g  ","","Excento de ","$21.67 ","$45.00 ","$45.00 "
"ITRACO","ITRACONAZOL 100 MG ","","Excento de ","$39.00 ","$76.00 ","$76.00 "
"LOZAR","Itraconazol 100mg c/15 caps ","","Excento de ","$43.09 ","$93.00 ","$93.00 "
"ITRAC ","Itraconazol CÁPSULAS ","","Excento de ","$42.40 ","$75.00 ","$75.00 "
"LIZO C","Ketoconazol Crema 2g c/30g ","","Excento de ","$11.78 ","$25.00 ","$25.00 "
"TINIAZO","Ketoconazol Shampoo ","","Excento de ","$43.12 ","$93.00 ","$93.00 "
"MI-KE-","KETOCONAZOL TABLETAS ","","Excento de ","$16.25 ","$35.00 ","$35.00 "
"ONOFIN ","Ketoconazol TABLETAS ","","Excento de ","$37.32 ","$78.00 ","$78.00 "
"LOM CR","Lomecan Crema 3 dias. ","","Excento de ","$121.10 ","$152.00 ","$152.00 "
"LOTR","Lotrimin Crema  c/30 g ","","Excento de ","$47.41 ","$68.00 ","$68.00 "
"LOTRIMI","Lotrimin uno CREMA ","","Excento de ","$71.75 ","$89.00 ","$89.00 "
"MEDI","Medicasp Shampoo c/130ml","","Excento de ","$128.88 ","$161.00 ","$161.00 "
"FUCOD","Miconazol CREMA 2% 20g ","","Excento de ","$11.51 ","$25.00 ","$25.00 "
"ANONIS","Nistatina 100.000 UI  Vaginal ","","Excento de ","$32.06 ","$60.00 ","$60.00 "
"MIBES","Nistatina Suspension 100.000 ","","Excento de ","$33.70 ","$74.00 ","$74.00 "
"LAMI","Terbinafina 1% crema  c/30g ","","Excento de ","$82.00 ","$98.00 ","$98.00 "
"ERBI ","Terbinafina 250mg c/7 tab","","Excento de ","$74.71 ","$145.00 ","$145.00 "
"ERB ","Terbinafina Crema 1% 15g","","Excento de ","$23.52 ","$46.00 ","$46.00 "
"NAFI","Terbinafina Crema 1% c/15 g ","","Excento de ","$19.82 ","$40.00 ","$40.00 "
"TERB","Terbinafina crema 1% c/30g ","","Excento de ","$27.95 ","$58.00 ","$58.00 "
"MEGAM","Terbinafina TABLETAS ","","Excento de ","$69.47 ","$200.00 ","$200.00 "
"UNES","UNESIA Bifonazol Unguento ","","Excento de ","$125.43 ","$157.00 ","$157.00 "
"AH- MIC","AH- MICOL INF tbs","","Excento de ","$49.90 ","$62.00 ","$62.00 "
"VERM T","Albendazol 200mg c/2 tab","","Excento de ","$2.89 ","$7.00 ","$7.00 "
"VERMIN ","ALBENDAZOL 200MG C/6 ","","Excento de ","$15.89 ","$32.00 ","$32.00 "
"VERMI","Albendazol Susp. ","","Excento de ","$4.61 ","$10.00 ","$10.00 "
"ALBEND","Albendazol Vermisen tbs 200 ","","Excento de ","$12.00 ","$23.00 ","$23.00 "
"DAVLEE","Albendazol/Quinfamida 200-","","Excento de ","$20.59 ","$45.00 ","$45.00 "
"FARMIV ","Farmiver Infantil ","","Excento de ","$28.80 ","$45.00 ","$45.00 "
"HERK","HERKLIN Shampoo ","","Excento de ","$111.00 ","$140.00 ","$140.00 "
"LOMBR","LOMBRIX Infantil suspensión ","","Excento de ","$60.00 ","$70.00 ","$70.00 "
"LOXCEL","Loxcell ","","Excento de ","$84.10 ","$105.00 ","$105.00 "
"FANCI ","Mebendazol 100mg c/6 tab","","Excento de ","$11.20 ","$20.00 ","$20.00 "
"FANCIA","Mebendazol susp. 20mg/ml ","","Excento de ","$8.02 ","$16.00 ","$16.00 "
"EXBENZ","MEBENDAZOL TABLETAS ","","Excento de ","$14.00 ","$30.00 ","$30.00 "
"MITAFA","Nitazoxanida SUSPENCIÓN ","","Excento de ","$40.60 ","$80.00 ","$80.00 "
"ROSANI","Nitazoxanida TABLETAS ","","Excento de ","$63.70 ","$120.00 ","$120.00 "
"ALB","Quinafamida/Albendazol ","","Excento de ","$21.42 ","$46.00 ","$46.00 "
"LUMINO","Quinfamida tabletas 100mg ","","Excento de ","$16.23 ","$32.00 ","$32.00 "
"ALB JR","Quinfamida/Albendazol ","","Excento de ","$29.58 ","$60.00 ","$60.00 "
"FARM ","Quinfamina/Albendazol ","","Excento de ","$27.00 ","$58.00 ","$58.00 "
"OXOLV ","Ambroxol 30 mg Tabletas ","","Excento de ","$12.20 ","$24.00 ","$24.00 "
"OXOLV","Ambroxol Jarabe  ","","Excento de ","$12.50 ","$30.00 ","$30.00 "
"AMBRO","Ambroxol jarabe ","","Excento de ","$16.90 ","$30.00 ","$30.00 "
"AMBRO","AMBROXOL SOLUCION ","","Excento de ","$22.05 ","$40.00 ","$40.00 "
"AMBRO","Ambroxol SOLUCIÓN gotas ","","Excento de ","$19.94 ","$40.00 ","$40.00 "
"CLOXAN ","AMBROXOL TABLETAS 30 ","","Excento de ","$10.15 ","$22.00 ","$22.00 "
"SOLVO ","Ambroxol-Dextrometorfano ","","Excento de ","$29.15 ","$60.00 ","$60.00 "
"ADMI","Ambroxol/ Dextrometorfano ","","Excento de ","$23.50 ","$44.00 ","$44.00 "
"BROXT ","Ambroxol/ Dextrometorfano ","","Excento de ","$20.25 ","$42.00 ","$42.00 "
"EBROM-","Ambroxol/Clembuterol ","","Excento de ","$23.67 ","$43.00 ","$43.00 "
"FARI AD","Ambroxol/Dextrometorfano ","","Excento de ","$38.10 ","$81.00 ","$81.00 "
"ADMIDO","AMBROXOL/DEXTROMETO","","Excento de ","$29.86 ","$64.00 ","$64.00 "
"FARI INF","Ambroxol/dextrometorfano ","","Excento de ","$32.19 ","$68.00 ","$68.00 "
"COB AD","Ambroxol/Dextrometorfano ","","Excento de ","$24.50 ","$65.00 ","$65.00 "
"COB INF","Ambroxol/Dextrometorfano ","","Excento de ","$26.90 ","$54.00 ","$54.00 "
"TUSIGE","Ambroxol/Dextrometorfano ","","Excento de ","$56.36 ","$100.00 ","$100.00 "
"BRON J","Ambroxol/Loratadina Jarabe ","","Excento de ","$48.22 ","$98.00 ","$98.00 "
"VIAX","aMBROXOLgOTAS 7.5mg/ml ","","Excento de ","$19.08 ","$35.00 ","$35.00 "
"BENZO","BENZONATATO 100 MG ","","Excento de ","$28.17 ","$57.00 ","$57.00 "
"TEXOV","Benzonatato 100mg c/20 ","","Excento de ","$16.00 ","$35.00 ","$35.00 "
"BENZO","Benzonatato 100mg c/20 ","","Excento de ","$26.46 ","$50.00 ","$50.00 "
"PHARBE","BENZONATATO 100MG ","","Excento de ","$26.60 ","$55.00 ","$55.00 "
"D-TATO ","BENZONATATO CAPSULAS ","","Excento de ","$33.81 ","$60.00 ","$60.00 "
"CAPSIC","Benzonatato perlas 100mg ","","Excento de ","$40.00 ","$75.00 ","$75.00 "
"BISOLV ","Bisolvon Adulto Bromhexina ","","Excento de ","$144.94 ","$181.00 ","$181.00 "
"BISOL ","Bisolvon Infantil Bromhexina ","","Excento de ","$147.38 ","$185.00 ","$185.00 "
"CREAC","BREACOL JARABE ADULTO ","","Excento de ","$38.30 ","$70.00 ","$70.00 "
"BREAC","BREACOL JARABE ","","Excento de ","$37.00 ","$70.00 ","$70.00 "
"BROM ","Bromhexina ADULTO 160mg ","","Excento de ","$24.79 ","$55.00 ","$55.00 "
"BROM ","Bromhexina INFANTIL 80mg ","","Excento de ","$21.94 ","$35.00 ","$35.00 "
"DALVEA","DALVEAR JARABE ADULTO ","","Excento de ","$150.63 ","$188.00 ","$188.00 "
"DALVEA","DALVEAR JARABE ","","Excento de ","$155.63 ","$195.00 ","$195.00 "
"DALVEA","Dalvear SF Adulto 120ml ","","Excento de ","$128.13 ","$172.00 ","$172.00 "
"DALVEA","Dalvear SF Infantil 120ml ","","Excento de ","$128.13 ","$172.00 ","$172.00 "
"DEB ","Dextromet/ Guaifenesina ","","Excento de ","$51.51 ","$100.00 ","$100.00 "
"BRUD","Dextrometorfano Jar. ","","Excento de ","$15.51 ","$32.00 ","$32.00 "
"PROTA","DEXTROMETORFANO ","","Excento de ","$17.34 ","$35.00 ","$35.00 "
"DEBEQ","DEXTROMETORFANO ","","Excento de ","$22.20 ","$44.00 ","$44.00 "
"SURDRI","DEXTROMETORFANO/ ","","Excento de ","$20.68 ","$46.00 ","$46.00 "
"EXADI","Dextrometorfano/ ","","Excento de ","$20.00 ","$30.00 ","$30.00 "
"SURDRI","DEXTROMETORFANO/ ","","Excento de ","$17.92 ","$45.00 ","$45.00 "
"DEB INF","Dextrometorfano/Guaife ","","Excento de ","$46.20 ","$88.00 ","$88.00 "
"DEB C ","Dextrometorfano/Guaifenesin","","Excento de ","$23.87 ","$60.00 ","$60.00 "
"TROME","Dextrometorfano/Guaifenesin","","Excento de ","$21.88 ","$42.00 ","$42.00 "
"TROME","Dextrometorfano/Guaifenesin","","Excento de ","$23.41 ","$60.00 ","$60.00 "
"BECTOS","Dextrometorfano/Guaifenesin","","Excento de ","$24.14 ","$50.00 ","$50.00 "
"YADEG ","Dextrometorfano/Guaifenesin","","Excento de ","$32.44 ","$55.00 ","$55.00 "
"RID INF","Dextrometorfano/Guaifenesin","","Excento de ","$28.99 ","$63.00 ","$63.00 "
"RID AD","Dextrometorfano/Guaifenesin","","Excento de ","$33.99 ","$68.00 ","$68.00 "
"DEXTR","Dextrometorfano/guaifenesin","","Excento de ","$26.48 ","$54.00 ","$54.00 "
"OXIN AD","Dextrometorfano/Sulfoguayac","","Excento de ","$24.29 ","$45.00 ","$45.00 "
"OXIN ","DFextrometorfano/ ","","Excento de ","$20.58 ","$42.00 ","$42.00 "
"LETOAZ","Dropropizina JARABE  ","","Excento de ","$32.97 ","$70.00 ","$70.00 "
"BIOX","Dropropizina Jarabe ","","Excento de ","$35.80 ","$80.00 ","$80.00 "
"GANTA","DROPROPIZINA JARABE ","","Excento de ","$32.72 ","$75.00 ","$75.00 "
"DROPR","Dropropizina/Bromhexina ","","Excento de ","$80.96 ","$190.00 ","$190.00 "
"GUAXO","Guaifenesina/ Oxolamina ","","Excento de ","$48.83 ","$110.00 ","$110.00 "
"EPICOL ","Guaifenesina/Dextrometorfan","","Excento de ","$31.98 ","$82.00 ","$82.00 "
"EXIA","Guaifenesina/Oxolamina ","","Excento de ","$31.69 ","$55.00 ","$55.00 "
"GUAXO","GUAIFENESINA/OXOLAMIN","","Excento de ","$37.90 ","$80.00 ","$80.00 "
"EXIA ","Guaifenesina/Oxolamina ","","Excento de ","$25.52 ","$45.00 ","$45.00 "
"HIST AD","Histiacil ADULTO ","","Excento de ","$128.28 ","$160.00 ","$160.00 "
"HIST INF","Histiacil INFANTIL ","","Excento de ","$129.65 ","$162.00 ","$162.00 "
"LEVIGRI","LEVIGRIX SOLUCIÓN 0.5","","Excento de ","$231.25 ","$310.00 ","$310.00 "
"BOCETI","Levocetirizina SOLUCIÓN 0.5","","Excento de ","$77.03 ","$162.00 ","$162.00 "
"SUPRAT","Levodropropizina JARABE ","","Excento de ","$44.10 ","$95.00 ","$95.00 "
"SIRA ","Oxeladina/Ambroxol Infantil ","","Excento de ","$43.11 ","$90.00 ","$90.00 "
"SIRAC ","Oxeladina/Ambroxol Jarabe ","","Excento de ","$44.73 ","$85.00 ","$85.00 "
"EXAFIL","SALBUTAMOL JARABE ","","Excento de ","$18.90 ","$38.00 ","$38.00 "
"FLUXOL","Salbutamol/Ambroxol ","","Excento de ","$27.09 ","$58.00 ","$58.00 "
"FLUVICI","Salbutamol/Ambroxol ","","Excento de ","$32.29 ","$68.00 ","$68.00 "
"TUKALI","TUKALIV CAPSULAS C/20","","Excento de ","$67.24 ","$78.00 ","$78.00 "
"TUKOL-","Tukol D Jarabe Adulto ","","Excento de ","$125.43 ","$147.00 ","$147.00 "
"VICK ","Vick 44 EXP INFANTIL ","","Excento de ","$115.82 ","$145.00 ","$145.00 "
"VICK 44 ","Vick 44. Dextrometorfano/ ","","Excento de ","$122.53 ","$153.00 ","$153.00 "
"VICK 44  ","Vick EXP 44 Guaifenesina ","","Excento de ","$153.96 ","$193.00 ","$193.00 "
"BRIM","Aciclovir 200mg c/25 comp","","Excento de ","$35.22 ","$70.00 ","$70.00 "
"MACLO","Aciclovir 400mg c/35 tab ","","Excento de ","$68.73 ","$148.00 ","$148.00 "
"BRIM ","Aciclovir 400mg tab  c/35 ","","Excento de ","$70.50 ","$180.00 ","$180.00 "
"SOVI","Aciclovir Crema 0.05g c/5g","","Excento de ","$22.27 ","$48.00 ","$48.00 "
"CLOVEX","Aciclovir Crema c/5 g","","Excento de ","$12.00 ","$26.00 ","$26.00 "
"LESA","Aciclovir Susp. 200mg/5ml ","","Excento de ","$48.40 ","$118.00 ","$118.00 "
"VIROXIL ","Aciclovir tabletas 200mg  c/25 ","","Excento de ","$55.01 ","$120.00 ","$120.00 "
"LANDVI","Aciclovir TABLETAS 200mg ","","Excento de ","$30.46 ","$66.00 ","$66.00 "
"ACICLO","Aciclovir Tbs 400mg c35 tbs","","Excento de ","$35.92 ","$70.00 ","$70.00 "
"CICLOF","Cicloferon Aciclovir 5.0% ","","Excento de ","$58.52 ","$78.00 ","$78.00 "
"CICLO ","Cicloferon Piel Aciclovir 5% ","","Excento de ","$65.17 ","$82.00 ","$82.00 "
"DISTRA","FENILEFRINA LORATADINA ","","Excento de ","$22.10 ","$45.00 ","$45.00 "
"CAMBE","Oseltamivir capsulas 75mg ","","Excento de ","$148.15 ","$325.00 ","$325.00 "
"TERNUR","2 CHUPONES TERNURA ","","Excento de ","$32.00 ","$40.00 ","$40.00 "
"ABSOR ","ABSORSEC JUMBO ","","Excento de ","$38.00 ","$47.00 ","$47.00 "
"ACEITE ","Aceite Menen P/bebe 200ml","","Excento de ","$47.00 ","$60.00 ","$60.00 "
"ACEI","Aceite para bebe 120ml ","","Excento de ","$14.86 ","$21.00 ","$21.00 "
"ACEI 60","Aceite para bebe 60ml ","","Excento de ","$11.18 ","$15.00 ","$15.00 "
"ASPPIR","ASPIRADOR NASAL NUBY ","","Excento de ","$44.00 ","$55.00 ","$55.00 "
"BEPA","Bepanthen crema c/30g","","Excento de ","$63.25 ","$80.00 ","$80.00 "
"BEPANT","Bepanthen de 100g","","Excento de ","$108.50 ","$145.00 ","$145.00 "
"BEPANT","BEPANTHEN ","","Excento de ","$63.25 ","$80.00 ","$80.00 "
"BIBERO","Biberon 0-12m EVENFLO ","","Excento de ","$34.00 ","$48.00 ","$48.00 "
"BIOBER","BIBERON 270ML EVENFLO","","Excento de ","$75.00 ","$100.00 ","$100.00 "
"BIB 4OZ","Biberon 4 OZ JALOMA","","Excento de ","$16.92 ","$22.00 ","$22.00 "
"BIBE ","Biberon 4 Oz. NIÑA Jaloma  ","","Excento de ","$12.40 ","$20.00 ","$20.00 "
"BIBE ","Biberon 4 Oz. NIÑO ","","Excento de ","$13.40 ","$20.00 ","$20.00 "
"BIB 8 OZ","Biberon 8 OZ Jaloma ","","Excento de ","$15.60 ","$25.00 ","$25.00 "
"BIBERO","Biberón 8oz 3-12m ","","Excento de ","$17.16 ","$26.00 ","$26.00 "
"BIB 8 OZ ","Biberon 8Oz Jaloma NIÑO","","Excento de ","$15.20 ","$25.00 ","$25.00 "
"BIB 8OZ ","Biberon 8Oz Jaloma NIÑO ","","Excento de ","$21.48 ","$30.00 ","$30.00 "
"BIBERO","Biberon azul","","Excento de ","$16.99 ","$23.00 ","$23.00 "
"BIB ","Biberon Cuello Ancho dysney ","","Excento de ","$58.50 ","$80.00 ","$80.00 "
"EVENFL","Biberon EVENFLO 0-3 m  ","","Excento de ","$30.00 ","$38.00 ","$38.00 "
"EVENFL","Biberon EVENFLO 0-3m 2oz","","Excento de ","$18.60 ","$25.00 ","$25.00 "
"EVENFL","Biberon EVENFLO 0-3m 4oz ","","Excento de ","$18.00 ","$25.00 ","$25.00 "
"BIBERO","Biberon EVENFLO 5oz ","","Excento de ","$105.00 ","$125.00 ","$125.00 "
"EVENFL","Biberon EVENFLO 8oz 3-12 ","","Excento de ","$48.00 ","$59.00 ","$59.00 "
"EVENFL","Biberon EVENFLO 8oz 3-","","Excento de ","$22.00 ","$32.00 ","$32.00 "
"EVENFL","Biberon EVENFLO 9oz 9oz","","Excento de ","$47.00 ","$58.00 ","$58.00 "
"BIB ","Biberon evenflo c diseño 9 ","","Excento de ","$88.00 ","$130.00 ","$130.00 "
"bib evenf ","Biberon Evenflo Cuello ancho ","","Excento de ","$69.00 ","$100.00 ","$100.00 "
"BIB ","Biberon Evenflo Relax Fit 5 ","","Excento de ","$75.00 ","$95.00 ","$95.00 "
"BIBERO","Biberon ternura rosa","","Excento de ","$16.99 ","$23.00 ","$23.00 "
"BIBERO","Biberon verde bebe","","Excento de ","$17.52 ","$26.00 ","$26.00 "
"PQT 3 ","Biberones evenflo","","Excento de ","$42.10 ","$90.00 ","$90.00 "
"CAPENT","Capent Pomada  c/45g","","Excento de ","$72.60 ","$85.00 ","$85.00 "
"CAPENT ","CAPENT POMADA 45G ","","Excento de ","$74.60 ","$89.00 ","$89.00 "
"CEPILL","Cepillo DEDAL safety ","","Excento de ","$73.00 ","$93.00 ","$93.00 "
"CEP ","Cepillo Dientes Infantil c/2 pz","","Excento de ","$10.86 ","$19.00 ","$19.00 "
"CEPILL","CEPILLO ORAL B KIDS ","","Excento de ","$25.00 ","$32.00 ","$32.00 "
"CEPILL","CEPILLO Y PEINE BEBÉ ","","Excento de ","$20.00 ","$30.00 ","$30.00 "
"CHUPO","CHUPON BABY PAYSKOOL","","Excento de ","$38.00 ","$48.00 ","$48.00 "
"CHUPO","CHUPON BEBYTO MIEL C/1 ","","Excento de ","$6.50 ","$10.00 ","$10.00 "
"CHUPO","Chupon c/alas pack c/4 ","","Excento de ","$57.00 ","$72.00 ","$72.00 "
"CHUP ","Chupon c/miel JALOMA","","Excento de ","$2.10 ","$5.00 ","$5.00 "
"CHUPO","CHUPON CLIP C/3 PZAS ","","Excento de ","$40.00 ","$55.00 ","$55.00 "
"CHUPO","Chupon con Miel BALON c/u","","Excento de ","$2.43 ","$5.00 ","$5.00 "
"CHUPO","Chupon con Miel FLOR c/u","","Excento de ","$2.43 ","$5.00 ","$5.00 "
"CHUPO","Chupon cuello angosto pack ","","Excento de ","$55.00 ","$70.00 ","$70.00 "
"EVENFL","Chupon EVENFLO 0-3m c/4","","Excento de ","$35.44 ","$60.00 ","$60.00 "
"EVENFL","Chupon EVENFLO 3-12 c/4","","Excento de ","$57.00 ","$72.00 ","$72.00 "
"CHUPO","Chupon evenflo pack c/4 ","","Excento de ","$57.00 ","$72.00 ","$72.00 "
"CUPON ","CHUPON EVENFLO ","","Excento de ","$4.55 ","$9.00 ","$9.00 "
"CHUPO","CHUPON FIGURA BIGOTE ","","Excento de ","$20.00 ","$30.00 ","$30.00 "
"CHUPO","CHUPON NUBY ","","Excento de ","$50.00 ","$60.00 ","$60.00 "
"CHUPO","Chupon Ortodontico NUBY ","","Excento de ","$82.76 ","$105.00 ","$105.00 "
"CHUP","Chupon para Mamila","","Excento de ","$4.43 ","$6.00 ","$6.00 "
"CORTA","Corta Uñas Bebe","","Excento de ","$15.50 ","$20.00 ","$20.00 "
"CUCHA","CUBIERTOS 6 PACK DE ","","Excento de ","$25.00 ","$35.00 ","$35.00 "
"CUBIER","Cubiertos entrenadores c/12 ","","Excento de ","$56.00 ","$68.00 ","$68.00 "
"CURITY ","Curity Biberon 8oz","","Excento de ","$16.92 ","$23.00 ","$23.00 "
"DODYS ","DODYS ROSAL TOALLITAS ","","Excento de ","$27.40 ","$39.00 ","$39.00 "
"ENF 1","Enfamil Etapa 1 c/800gr","","Excento de ","$317.00 ","$362.00 ","$362.00 "
"ENFAMI","Enfamil Premium 0-6 meses ","","Excento de ","$89.41 ","$113.00 ","$113.00 "
"ENFAMI","Enfamil Premium 0-6 meses ","","Excento de ","$153.20 ","$170.00 ","$170.00 "
"ENFAMI","Enfamil Premium 2 6 a 12 ","","Excento de ","$152.00 ","$195.00 ","$195.00 "
"ESCOBI","ESCOBILLA EVENFLO C/2 ","","Excento de ","$55.00 ","$72.00 ","$72.00 "
"ECOBIL","Escobillon Doble Ternura c/1","","Excento de ","$17.00 ","$25.00 ","$25.00 "
"ESCOBI","Escobillon Nuby p/biberones ","","Excento de ","$59.97 ","$75.00 ","$75.00 "
"ESP ","Esponja Animalitos c/1","","Excento de ","$14.46 ","$20.00 ","$20.00 "
"ESPONJ","ESPONJA BAÑO BEBÉ ","","Excento de ","$16.00 ","$20.00 ","$20.00 "
"ESPONJ","ESPONJA CUADRADO ","","Excento de ","$10.26 ","$18.00 ","$18.00 "
"ESPONJ","Esponja Redonda de tela ","","Excento de ","$13.03 ","$20.00 ","$20.00 "
"ESPONJ","Esponja Suave para Baño c/1","","Excento de ","$10.00 ","$16.00 ","$16.00 "
"ESPONJ","ESPONJA ZUUM BABY","","Excento de ","$25.00 ","$35.00 ","$35.00 "
"ESPONJ","Esponjas suaves Ositos c/2 ","","Excento de ","$11.22 ","$15.00 ","$15.00 "
"vASDO ","Evenflo entren 6+m","","Excento de ","$49.00 ","$62.00 ","$62.00 "
"HISOPO","Hisopos Mediamart c/200","","Excento de ","$11.00 ","$17.00 ","$17.00 "
"HISOPO","Hisopos Mediamart c/200   2","","Excento de ","$11.00 ","$17.00 ","$17.00 "
"TOALLIT","HUGGIES CUIDADO ","","Excento de ","$38.80 ","$50.00 ","$50.00 "
"DOVE ","Jabon DOBE BABY 75G","","Excento de ","$12.60 ","$17.00 ","$17.00 "
"JABON ","Jabon mennen cremoso ","","Excento de ","$11.40 ","$20.00 ","$20.00 "
"JABON ","Jabon mennen lavanda ","","Excento de ","$11.40 ","$20.00 ","$20.00 "
"NEUTR","Jabon NEUTRO BALANCE ","","Excento de ","$22.00 ","$27.00 ","$27.00 "
"JONH ","Jabon NEUTRO Johnson's ","","Excento de ","$20.50 ","$25.00 ","$25.00 "
"RICITOS ","Jabon Ricitos Avena Colo ","","Excento de ","$13.65 ","$18.00 ","$18.00 "
"RICIT ","Jabon Ricitos de Oro ","","Excento de ","$13.65 ","$18.00 ","$18.00 "
"RICITOS ","Jabon Ricitos de Oro Miel ","","Excento de ","$17.00 ","$20.00 ","$20.00 "
"RIC NEU","Jabon Ricitos de Oro ","","Excento de ","$21.32 ","$27.00 ","$27.00 "
"RICIT ","Jabon Ricitos Milk c/90g","","Excento de ","$13.65 ","$18.00 ","$18.00 "
"PERILLA ","Jeringa Pera #3","","Excento de ","$20.60 ","$32.00 ","$32.00 "
"DIBAR ","Jeringa Pera de hule","","Excento de ","$16.60 ","$27.00 ","$27.00 "
"PERILLA ","JERINGA PERA HULE No.1 ","","Excento de ","$17.29 ","$25.00 ","$25.00 "
"PERILLA ","Jeringa Perilla #5","","Excento de ","$18.70 ","$30.00 ","$30.00 "
"JNSN ","Johnson Baby Hipoalergenico ","","Excento de ","$20.50 ","$25.00 ","$25.00 "
"JSNBAB","Johnson Baby Shampoo ","","Excento de ","$20.45 ","$28.00 ","$28.00 "
"SHAMP","Johnson's Baby Shampoo ","","Excento de ","$36.34 ","$47.00 ","$47.00 "
"JOHNO","JOHNSON´S BABY CREMA ","","Excento de ","$36.70 ","$75.00 ","$75.00 "
"JGO. 2 ","Juego de 2 tacitas ","","Excento de ","$31.00 ","$50.00 ","$50.00 "
"JGO. ","Juego de bambinos chico","","Excento de ","$25.00 ","$35.00 ","$35.00 "
"KANK B","Kanka BABY Benzocaina Gel ","","Excento de ","$85.00 ","$125.00 ","$125.00 "
"NAN1 ","Leche Nan 1 400g","","Excento de ","$228.03 ","$285.00 ","$285.00 "
"LECHE ","Leche nan 3","","Excento de ","$110.40 ","$125.00 ","$125.00 "
"NAN3 ","Leche NAN 3 400g","","Excento de ","$141.85 ","$165.00 ","$165.00 "
"nan1","Leche Nestle NAN 1 350g","","Excento de ","$86.85 ","$103.00 ","$103.00 "
"nan2","Leche Nestle NAN 2 350g","","Excento de ","$85.15 ","$98.00 ","$98.00 "
"NIDO80","Leche Nestle NIDO 1-3 Años ","","Excento de ","$109.20 ","$125.00 ","$125.00 "
"LECH ","Leche Nido Kinder 360g 1-3 ","","Excento de ","$51.00 ","$58.50 ","$58.50 "
"LLAVES ","LLAVES BRIGHT STATS + ","","Excento de ","$47.00 ","$60.00 ","$60.00 "
"BIBERO","MAMILA EVENFLO 8oz ","","Excento de ","$23.54 ","$30.00 ","$30.00 "
"MAMILA ","MAMILA EVENFLO DECOR ","","Excento de ","$19.00 ","$25.00 ","$25.00 "
"MAMILA ","MAMILA JALOMA C/1 ","","Excento de ","$5.20 ","$8.00 ","$8.00 "
"MAMILA ","MAMILA SILICON JALOMA ","","Excento de ","$4.29 ","$8.00 ","$8.00 "
"MORDE","MORDEDERA 3*M","","Excento de ","$35.00 ","$46.00 ","$46.00 "
"BRIGHT ","MORDEDERA BRIGHT ","","Excento de ","$79.00 ","$98.00 ","$98.00 "
"MORDE","MORDEDERA CON AGUA","","Excento de ","$41.00 ","$48.00 ","$48.00 "
"MORDE","Mordedera Figura Suave ","","Excento de ","$23.66 ","$35.00 ","$35.00 "
"MORDE","MORDEDERA FRESA ","","Excento de ","$20.00 ","$30.00 ","$30.00 "
"MORDE","MORDEDERA KIDZ TIME","","Excento de ","$25.00 ","$32.00 ","$32.00 "
"MOPRD","MORDEDERA LLAVES ","","Excento de ","$62.00 ","$82.00 ","$82.00 "
"MORDE","Mordedera Refrigerante ","","Excento de ","$15.00 ","$30.00 ","$30.00 "
"MORDE","Mordedera Refrigerante ","","Excento de ","$39.00 ","$49.00 ","$49.00 "
"MORDE","Mordedera Refrigerante ","","Excento de ","$59.00 ","$74.00 ","$74.00 "
"MORDE","Mordedera Refrigerrante ","","Excento de ","$49.00 ","$61.00 ","$61.00 "
"MORDE ","Mordedera suave +3meses ","","Excento de ","$57.00 ","$80.00 ","$80.00 "
"MORDE","Mordedera Suave OSITO ","","Excento de ","$26.72 ","$34.00 ","$34.00 "
"MR ","MR VASO AZUL MICKEY + 6 ","","Excento de ","$99.00 ","$127.00 ","$127.00 "
"NAN 2","NAN 2 6 A 12 MESES 400g","","Excento de ","$194.80 ","$210.00 ","$210.00 "
"HIPOGL","OXIDO DE ZINC 15% 110G ","","Excento de ","$94.18 ","$130.00 ","$130.00 "
"PALTO ","PALTO CON BASE ","","Excento de ","$30.00 ","$50.00 ","$50.00 "
"PAME","PAMEDAN Dexpantenol ","","Excento de ","$22.27 ","$35.00 ","$35.00 "
"PAÑAL ","Pañal Premium ETAPA 5 ","","Excento de ","$200.00 ","$240.00 ","$240.00 "
"PAÑAL ","PAÑAL RASCAL ETAPA 5","","Excento de ","$2.50 ","$5.00 ","$5.00 "
"PASTA ","Pasta Oral-B Infantil  ","","Excento de ","$47.00 ","$60.00 ","$60.00 "
"PEINE ","PEINE P/BEBÉ PEPPA PIG","","Excento de ","$15.00 ","$25.00 ","$25.00 "
"PERILLA ","Perilla de hule Bebe #3","","Excento de ","$16.50 ","$28.00 ","$28.00 "
"PER H","Perilla de Hule bebe KAREY","","Excento de ","$20.54 ","$28.00 ","$28.00 "
"PERILLA ","PERILLA DE HULE NO.1","","Excento de ","$17.29 ","$25.00 ","$25.00 "
"PER HU","Perilla de Hulle bebe  #2 ","","Excento de ","$15.52 ","$28.00 ","$28.00 "
"PERA ","PERILLA HULE #4","","Excento de ","$24.62 ","$35.00 ","$35.00 "
"PROTE","Protector Lactancia ","","Excento de ","$52.44 ","$66.00 ","$66.00 "
"RICITOS ","RICITOS DE ORO BIO-","","Excento de ","$68.00 ","$82.00 ","$82.00 "
"RICITOS ","Ricitos de oro Jabón ","","Excento de ","$16.10 ","$20.00 ","$20.00 "
"RICITOS ","RICITOS DE ORO LAVANDA ","","Excento de ","$20.00 ","$32.00 ","$32.00 "
"RICITOS ","RICITOS DE ORO MIEL & ","","Excento de ","$20.00 ","$32.00 ","$32.00 "
"RICITOS ","RICITOS DE ORO NEUTRO ","","Excento de ","$20.00 ","$32.00 ","$32.00 "
"RICI ","Shampoo Baby Ricitos de ","","Excento de ","$57.50 ","$82.00 ","$82.00 "
"RICITOS ","Shampoo Baby Ricitos de ","","Excento de ","$57.50 ","$82.00 ","$82.00 "
"LOREAL ","Shampoo explosión de ","","Excento de ","$46.00 ","$70.00 ","$70.00 "
"SHAMP","SHAMPOO JOHNSONS ","","Excento de ","$39.00 ","$52.00 ","$52.00 "
"LOREAL ","Shampoo mango/naranja ","","Excento de ","$46.00 ","$70.00 ","$70.00 "
"LOREAL ","Shampoo manzanilla 265ml ","","Excento de ","$46.00 ","$70.00 ","$70.00 "
"SHAMP","Shampoo Ricitos de Oro ","","Excento de ","$24.80 ","$30.00 ","$30.00 "
"SHAMP","Shampoo Ricitos De Oro ","","Excento de ","$57.50 ","$82.00 ","$82.00 "
"RICITOS ","Shampoo Ricitos de Oro ","","Excento de ","$57.50 ","$82.00 ","$82.00 "
"SONAJA ","SONAJA BRIGHT STARTS + ","","Excento de ","$55.00 ","$69.00 ","$69.00 "
"SONAJA ","SONAJA HELADO ","","Excento de ","$20.00 ","$30.00 ","$30.00 "
"SONAJA ","SONAJA/ MORDEDERA ","","Excento de ","$75.00 ","$95.00 ","$95.00 "
"SONAJE","SONAJERO COLORES ","","Excento de ","$52.00 ","$63.00 ","$63.00 "
"SUAVEL","SUAVELASTIC TOALLITAS ","","Excento de ","$29.83 ","$38.00 ","$38.00 "
"TACITA  ","Tacita con chupete","","Excento de ","$15.30 ","$25.00 ","$25.00 "
"TALCO ","Talco Baby Azul 150g","","Excento de ","$9.80 ","$14.00 ","$14.00 "
"TALCO ","Talco Baby Rosa c/150g","","Excento de ","$9.80 ","$14.00 ","$14.00 "
"MENEN ","Talco p/bebe MENNEN Niñ0 ","","Excento de ","$46.59 ","$58.00 ","$58.00 "
"TALCO ","Talco p/bebe MENNEN Niña ","","Excento de ","$46.59 ","$58.00 ","$58.00 "
"TAZA ","TAZA ANTIDERRAMES ","","Excento de ","$57.00 ","$72.00 ","$72.00 "
"TAZA ","Taza Entrenadora 8oz Masha","","Excento de ","$35.00 ","$44.00 ","$44.00 "
"TAZA ","Taza entrenadora EVENFLO ","","Excento de ","$72.00 ","$90.00 ","$90.00 "
"TAZA ","TAZA ENTRENADORA NIÑO ","","Excento de ","$20.00 ","$30.00 ","$30.00 "
"TAZA 6 ","TAZA EVENFLO 6 MESES ","","Excento de ","$62.50 ","$78.00 ","$78.00 "
"EVENFL","Taza Evenflo 6m+ 10oz","","Excento de ","$55.00 ","$68.00 ","$68.00 "
"TIRALC","Tiraleche CRISTAL ","","Excento de ","$38.87 ","$50.00 ","$50.00 "
"TIRALE","Tiraleche Divar Cristal c/1","","Excento de ","$33.80 ","$50.00 ","$50.00 "
"SOLO ","TOALLAS REPELENTES DE ","","Excento de ","$11.58 ","$20.00 ","$20.00 "
"HUGGIE","TOALLITAS HUMEDAS ","","Excento de ","$33.24 ","$50.00 ","$50.00 "
"HUGGI","Toallitas Humedas HUGGIES ","","Excento de ","$38.30 ","$50.00 ","$50.00 "
"HUGGIE","Toallitas Humedas HUGGIES ","","Excento de ","$35.50 ","$45.00 ","$45.00 "
"TOA ","Toallitas Humedas Little ","","Excento de ","$23.78 ","$30.00 ","$30.00 "
"SUAVE ","Toallitas Humedas ","","Excento de ","$27.11 ","$34.00 ","$34.00 "
"TOALLIT ","TOALLITAS LIMPIADORES ","","Excento de ","$14.00 ","$20.00 ","$20.00 "
"TOALLIT","Toallitas Suavelastic Stich ","","Excento de ","$33.94 ","$45.00 ","$45.00 "
"NUBY","Vaso  Entrenador 300ml ","","Excento de ","$92.00 ","$115.00 ","$115.00 "
"NUBY ","Vaso Antiderramante NUBY ","","Excento de ","$87.00 ","$100.00 ","$100.00 "
"VASO ","Vaso con chupete rosa 296ml","","Excento de ","$10.90 ","$20.00 ","$20.00 "
"BABY ","VASO ENTRENADOR ","","Excento de ","$20.00 ","$30.00 ","$30.00 "
"VASO ","Vaso entrenador 10oz Mickey ","","Excento de ","$22.00 ","$45.00 ","$45.00 "
"VASO LI","Vaso entrenador 10oz PJ ","","Excento de ","$22.00 ","$45.00 ","$45.00 "
"VASO LI ","Vaso entrenador 10oz Pow ","","Excento de ","$22.00 ","$45.00 ","$45.00 "
"NUVY ","Vaso Entrenador 12 Oz ","","Excento de ","$105.00 ","$125.00 ","$125.00 "
"HELLO ","Vaso entrenador 200ml  ","","Excento de ","$49.00 ","$80.00 ","$80.00 "
"VASO ","Vaso entrenador colores","","Excento de ","$27.00 ","$35.00 ","$35.00 "
"VASO ","Vaso entrenador de sorbitos ","","Excento de ","$139.00 ","$150.00 ","$150.00 "
"NUBY ","Vaso Entrenador Etapa 1","","Excento de ","$95.00 ","$118.00 ","$118.00 "
"VASITO ","Vaso entrenador ROSA 10oz ","","Excento de ","$130.00 ","$155.00 ","$155.00 "
"VASO ","Vaso junior con chupete ","","Excento de ","$10.90 ","$20.00 ","$20.00 "
"MR ","VASO MINNIE ROSA + 6 ","","Excento de ","$102.00 ","$127.00 ","$127.00 "
"VITACIL ","Vitacilina BEBE 110g","","Excento de ","$76.80 ","$99.00 ","$99.00 "
"ARGEM"," Sulfadiazina Crema 1% c/28 ","","Excento de ","$34.37 ","$74.00 ","$74.00 "
"NEO-F","Acetonido de ","","Excento de ","$25.58 ","$55.00 ","$55.00 "
"AGUA ","AGUA TERMAL AVENE 50 ","","Excento de ","$105.85 ","$145.00 ","$145.00 "
"ALOSUA","Alibur Polvo c/12 sobre 2.2g","","Excento de ","$49.25 ","$75.00 ","$75.00 "
"ARNID","ARNIDOL Crema  Arnica","","Excento de ","$28.62 ","$44.00 ","$44.00 "
"SUAD","Baño Coliode Polvo pH 90g","","Excento de ","$28.06 ","$60.00 ","$60.00 "
"BAÑO ","Baño Coloide c/90 g SERRAL ","","Excento de ","$42.43 ","$85.00 ","$85.00 "
"BENZAC ","BENZAC AC PEROXIDO DE ","","Excento de ","$256.00 ","$348.00 ","$348.00 "
"BARM ","Betametasona/ Clotrimazol/ ","","Excento de ","$23.00 ","$49.00 ","$49.00 "
"BARM","Betametasona/Clotrimazol/G","","Excento de ","$23.46 ","$36.00 ","$36.00 "
"GEL","Betametasona/Gentamicina/","","Excento de ","$17.08 ","$30.00 ","$30.00 "
"CALA ","Caladryl Clear c/180ml","","Excento de ","$174.46 ","$218.00 ","$218.00 "
"BIOND","Clioquinol crema  c/20g","","Excento de ","$15.42 ","$29.00 ","$29.00 "
"TOLERI","CREMA HIDRATANTE ","","Excento de ","$416.95 ","$480.00 ","$480.00 "
"DERM ","Derman CREMA c/25g","","Excento de ","$27.45 ","$35.00 ","$35.00 "
"CREMO","Ketoconazol crema 2% 40g","","Excento de ","$36.64 ","$70.00 ","$70.00 "
"MIC","Miconazol Crema 2% c/20g ","","Excento de ","$12.66 ","$27.00 ","$27.00 "
"MUP","Mupirocina crema 2% c/15g  ","","Excento de ","$85.68 ","$190.00 ","$190.00 "
"SANIDE","Oxido de Zinc 25%  c/45g ","","Excento de ","$25.80 ","$38.00 ","$38.00 "
"OXID","Oxido de Zinc Pasta 25g tubo ","","Excento de ","$13.81 ","$30.00 ","$30.00 "
"PAST ","Pasta de Lassar OXIDO DE ","","Excento de ","$37.50 ","$65.00 ","$65.00 "
"PAST ","Pasta de Lassar OXIDO DE ","","Excento de ","$53.50 ","$72.00 ","$72.00 "
"PRO","PROTECTOR SOLAR ","","Excento de ","$88.43 ","$140.00 ","$140.00 "
"QUADR","QUADRIDERM NF C/25G ","","Excento de ","$75.00 ","$200.00 ","$200.00 "
"SKLEAN","SJLEAN Locion anti-","","Excento de ","$23.35 ","$30.00 ","$30.00 "
"ARGE","Sulfadiazina de Plata Crema ","","Excento de ","$35.70 ","$68.00 ","$68.00 "
"QUERA","Tretinoina Crema 0.05% ","","Excento de ","$25.48 ","$55.00 ","$55.00 "
"ALI-Y","ALi-yaba 0.7 g c/30 tab","","Excento de ","$49.60 ","$95.00 ","$95.00 "
"ULGEL","Aluminio/ Magnesio/ ","","Excento de ","$33.37 ","$72.00 ","$72.00 "
"PLUS S","Aluminio/Magnesio/Dimeticon","","Excento de ","$43.30 ","$91.00 ","$91.00 "
"PLUS T","Aluminio/Magnesio/Dimeticon","","Excento de ","$40.91 ","$88.00 ","$88.00 "
"ULGEL ","Aluminio/Magnesio/Simeticon","","Excento de ","$42.32 ","$85.00 ","$85.00 "
"DIST","Bromuro de Pinaverio 100mg ","","Excento de ","$36.10 ","$78.00 ","$78.00 "
"DIVELG","Bromuro de ","","Excento de ","$74.44 ","$170.00 ","$170.00 "
"DIVELG","Bromuro de ","","Excento de ","$95.86 ","$215.00 ","$215.00 "
"PRESIS","Cisaprida Susp. 1mg/1ml ","","Excento de ","$44.11 ","$88.00 ","$88.00 "
"DIOTEX","Dimeticona Susp 10g/100ml ","","Excento de ","$42.46 ","$90.00 ","$90.00 "
"ESPRAD","Estraden Tabletas ","","Excento de ","$33.68 ","$69.00 ","$69.00 "
"GENO ","Genoprazol 20 mg c/14 caps ","","Excento de ","$47.50 ","$70.00 ","$70.00 "
"GENOP","GENOPRAZOL 20MG c/14 ","","Excento de ","$33.72 ","$50.00 ","$50.00 "
"LACT  ","Lactopram Adulto c/20 caps","","Excento de ","$29.02 ","$65.00 ","$65.00 "
"LACTO ","LACTOPRAM INFANITL ","","Excento de ","$33.00 ","$63.00 ","$63.00 "
"DITIL","Lanzoprazol 15mg c/14 caps ","","Excento de ","$14.05 ","$38.00 ","$38.00 "
"AMDO","Lanzoprazol 30 mg c/17 caps ","","Excento de ","$29.00 ","$72.00 ","$72.00 "
"LECHE ","LECHE DE MAGNESIA ","","Excento de ","$42.51 ","$82.00 ","$82.00 "
"NORME","LECHE DE MAGNESIA ","","Excento de ","$25.63 ","$55.00 ","$55.00 "
"GALAV  ","Magaldrato/ Dimeticona Gel ","","Excento de ","$57.41 ","$105.00 ","$105.00 "
"GALAV ","Magaldrato/ Dimeticona ","","Excento de ","$62.69 ","$132.00 ","$132.00 "
"MADIF","Magaldrato/DIMETICONA ","","Excento de ","$50.50 ","$85.00 ","$85.00 "
"MELOX ","Melox Noche SUSPENCION ","","Excento de ","$125.00 ","$155.00 ","$155.00 "
"MELOX ","MELOX PLUS TABLETAS ","","Excento de ","$53.90 ","$65.00 ","$65.00 "
"OMYG ","Omeprazol 20 mg c/14 cap    ","","Excento de ","$7.97 ","$35.00 ","$35.00 "
"OME","Omeprazol 20mg c/14 caps ","","Excento de ","$15.81 ","$42.00 ","$42.00 "
"OMEPR","Omeprazol 20mg c/60 caps ","","Excento de ","$36.40 ","$78.00 ","$78.00 "
"OMEP","Omeprazol 20mg c/7caps ","","Excento de ","$10.85 ","$25.00 ","$25.00 "
"NOVOL","Omeprazol 40mg c/7 cap","","Excento de ","$54.49 ","$85.00 ","$85.00 "
"OMEP ","Omeprazol 40mg c/7 caps ","","Excento de ","$29.44 ","$65.00 ","$65.00 "
"OME ","OMEPRAZOL CAPSULA ","","Excento de ","$11.73 ","$30.00 ","$30.00 "
"OMEPR","OMPERAZOL 20MG C/30 ","","Excento de ","$20.74 ","$45.00 ","$45.00 "
"POPRA","Pantoprazol 40mg c/14 tab","","Excento de ","$26.72 ","$68.00 ","$68.00 "
"NOGAS","Pantoprazol 40mg c/14 tab ","","Excento de ","$20.83 ","$60.00 ","$60.00 "
"PEPT  ","Pepto Bismol CEREZA ","","Excento de ","$44.00 ","$52.00 ","$52.00 "
"PEPT ","Pepto Bismol Original c/118 ","","Excento de ","$92.34 ","$115.00 ","$115.00 "
"PEPT ","Pepto Bismol PLUS c/118 ml","","Excento de ","$51.00 ","$74.00 ","$74.00 "
"PEPT B","Pepto Bismol Tab mast c/4","","Excento de ","$11.71 ","$18.00 ","$18.00 "
"NOVAG ","Plantago Psyllium NARANJA-","","Excento de ","$106.95 ","$165.00 ","$165.00 "
"RANI","Ranitidina 150mg c/20 tab ","","Excento de ","$6.14 ","$15.00 ","$15.00 "
"RANIT","Ranitidina sol 50mg/2ml ","","Excento de ","$15.76 ","$40.00 ","$40.00 "
"SAL DE ","Sal de Uvas PICOT Frutas ","","Excento de ","$34.14 ","$40.00 ","$40.00 "
"SIRAPO","Subsalicilato de Bismuto ","","Excento de ","$27.12 ","$55.00 ","$55.00 "
"ITAM","Subsalicilato de Bismuto c/24 ","","Excento de ","$30.89 ","$67.00 ","$67.00 "
"ESP 20","Trimebutina 200mg c/20 tab","","Excento de ","$61.70 ","$125.00 ","$125.00 "
"TUMS","TUMS Tabletas masticables ","","Excento de ","$35.42 ","$45.00 ","$45.00 "
"TUMS ","TUMS TABLETAS ","","Excento de ","$72.20 ","$95.00 ","$95.00 "
"SOLUTI","Feniramina,Nafazolina","","Excento de ","$57.95 ","$75.00 ","$75.00 "
"GOTAS ","GOTAS OFTALMICAS","","Excento de ","$4.00 ","$8.00 ","$8.00 "
"ACEITE ","Aceite cpilar Anti-Frizz ","","Excento de ","$132.61 ","$165.00 ","$165.00 "
"AXE ","AXE Antitranspirante ","","Excento de ","$30.00 ","$40.00 ","$40.00 "
"AXE ","AXE BARRA COLLISION ","","Excento de ","$44.20 ","$62.00 ","$62.00 "
"AXE ICE ","AXE BARRA ICE CHILL 45G","","Excento de ","$44.20 ","$62.00 ","$62.00 "
"AXE ","Axe Black Night Deso ","","Excento de ","$44.40 ","$62.00 ","$62.00 "
"BOCAS","Bocasan ","","Excento de ","$3.80 ","$7.00 ","$7.00 "
"CAPRIC","Caprice Control Caspa ","","Excento de ","$7.95 ","$11.00 ","$11.00 "
"CAPRIC","Caprice especialidades FV ","","Excento de ","$7.95 ","$11.00 ","$11.00 "
"CAPRIC","Caprice Especialidades MG ","","Excento de ","$7.95 ","$11.00 ","$11.00 "
"CAPRIC","Caprice Especialidades ","","Excento de ","$7.95 ","$11.00 ","$11.00 "
"CAPRIC","Caprice Naturals Shampoo ","","Excento de ","$7.95 ","$11.00 ","$11.00 "
"CEPILL","Cepillo cOLGATE c/2 DURO ","","Excento de ","$23.11 ","$29.00 ","$29.00 "
"CEP AD","Cepillo de Dientes Adulto  ","","Excento de ","$8.84 ","$18.00 ","$18.00 "
"CEPILL","Cepillo de Dientes Adulto c/u","","Excento de ","$5.25 ","$10.00 ","$10.00 "
"CEP INF","Cepillo de Dientes INFANTIL ","","Excento de ","$7.10 ","$14.00 ","$14.00 "
"CEPILL ","Cepillo de Dientes JUNIOR ","","Excento de ","$4.19 ","$10.00 ","$10.00 "
"CEP VIA","Cepillo de Dientes Viajero ","","Excento de ","$10.95 ","$20.00 ","$20.00 "
"COLG ","Cepillo Dent  Colgate Estra ","","Excento de ","$19.00 ","$25.00 ","$25.00 "
"GUM ","CEPILLO DENTAL GUM ","","Excento de ","$41.70 ","$53.00 ","$53.00 "
"ORAL B ","Cepillo Dental ORAL B 2x1","","Excento de ","$30.15 ","$38.00 ","$38.00 "
"ORAL B ","Cepillo Dental ORAL B ","","Excento de ","$24.00 ","$29.00 ","$29.00 "
"ORAL 90","Cepillo Dental Oral-B Pro ","","Excento de ","$15.00 ","$30.00 ","$30.00 "
"CEPILL","Cepillo Infantil COWCO ","","Excento de ","$11.36 ","$15.00 ","$15.00 "
"CEPILL","Cepillo Oral B 5 acciones ","","Excento de ","$39.25 ","$47.00 ","$47.00 "
"ORAL B ","CEPILLO ORAL B CROSS ","","Excento de ","$38.30 ","$48.00 ","$48.00 "
"CEP ","Cepillo oral B Iniciador ","","Excento de ","$28.80 ","$35.00 ","$35.00 "
"CEPCLI","CEPOLLOS CLINI","","Excento de ","$12.88 ","$17.00 ","$17.00 "
"COLGAT","COLGATE CARBON ","","Excento de ","$30.00 ","$45.00 ","$45.00 "
"COLGAT","Colgate Carbon Activado y ","","Excento de ","$54.00 ","$90.00 ","$90.00 "
"COLGAT","COLGATE ENJUAGUE ","","Excento de ","$36.40 ","$55.00 ","$55.00 "
"COLGAT","COLGATE KIDS 50GR ","","Excento de ","$26.61 ","$34.00 ","$34.00 "
"COLGAT","Colgate Maxima Proteccion ","","Excento de ","$7.40 ","$10.00 ","$10.00 "
"COLGAT","COLGATE TOTAL 12 100ML","","Excento de ","$52.20 ","$60.00 ","$60.00 "
"COLGAT","Colgate Total 12 50ml","","Excento de ","$18.20 ","$23.00 ","$23.00 "
"COLGAT","Colgate Triple Accion c/2","","Excento de ","$30.79 ","$40.00 ","$40.00 "
"PRUD ","Condon PRUDENCE Clasico ","","Excento de ","$3.68 ","$7.00 ","$7.00 "
"COT CH","Corta Uñas Chico pharma","","Excento de ","$6.65 ","$10.00 ","$10.00 "
"COTTO","COTTONI APLICADORES ","","Excento de ","$26.60 ","$40.00 ","$40.00 "
"CONCH","CREMA  CONCHA NACAR ","","Excento de ","$56.64 ","$74.00 ","$74.00 "
"PASTA ","Crest Complete 75ml Scope","","Excento de ","$10.00 ","$15.00 ","$15.00 "
"SDESD. ","Deodorante SPEED STICK ","","Excento de ","$39.50 ","$55.00 ","$55.00 "
"DERMA","Derman CREMA C/50G","","Excento de ","$47.22 ","$64.00 ","$64.00 "
"Gel ","DES. gillette antibacterial gel ","","Excento de ","$65.40 ","$82.00 ","$82.00 "
"DES. ","Desd. Dove original 87g ","","Excento de ","$49.90 ","$65.00 ","$65.00 "
"DES. ","Desd. Dove tono uniforme  ","","Excento de ","$58.31 ","$73.00 ","$73.00 "
"OLD ","Desd. Old spice aerosol MAR ","","Excento de ","$57.60 ","$73.00 ","$73.00 "
"OLD ","DESD. OLD SPICE AFTER ","","Excento de ","$41.10 ","$50.00 ","$50.00 "
"REXON","Desd. Rexona barra HAPPY ","","Excento de ","$56.15 ","$67.00 ","$67.00 "
"OBAO ","DESOD OBAO ACTIVE ","","Excento de ","$15.60 ","$25.00 ","$25.00 "
"OBAO ","DESOD OBAO AUDAZ ","","Excento de ","$15.60 ","$25.00 ","$25.00 "
"OLD ","Desod Old Spice Fresh 48H ","","Excento de ","$25.00 ","$37.00 ","$37.00 "
"AXE ","DESOD. AXE DARK ","","Excento de ","$52.00 ","$65.00 ","$65.00 "
"OLD ","Desod. Old Sipce PURE ","","Excento de ","$62.10 ","$73.00 ","$73.00 "
"DESOD ","Desod. Old Spice LEÑA ","","Excento de ","$62.91 ","$79.00 ","$79.00 "
"OLD ","Desod. Old Spice MAR ","","Excento de ","$66.00 ","$72.00 ","$72.00 "
"REXON","Desod. Rexona Toronja-","","Excento de ","$56.15 ","$67.00 ","$67.00 "
"AXE ","Desodorante Aerosol Axe ","","Excento de ","$59.47 ","$75.00 ","$75.00 "
"BI-O ","Desodorante Barra bí-o ","","Excento de ","$32.50 ","$40.00 ","$40.00 "
"LADY ","Desodorante Barra Lady ","","Excento de ","$64.03 ","$80.00 ","$80.00 "
"LADY ","Desodorante barra Lady ","","Excento de ","$44.90 ","$55.00 ","$55.00 "
"OLD ","Desodorante old spice ","","Excento de ","$39.40 ","$55.00 ","$55.00 "
"OLD ","Desodorante OLS SPAICE ","","Excento de ","$56.97 ","$72.00 ","$72.00 "
"OLD ","Desodorante OLS SPAICE ","","Excento de ","$55.76 ","$67.00 ","$67.00 "
"SPEEDS","Desodorante spedd stick 24/7 ","","Excento de ","$38.70 ","$48.00 ","$48.00 "
"OBAO ","Desodornte OBAO Fres Int ","","Excento de ","$31.00 ","$39.00 ","$39.00 "
"OBAO ","Desodornte OBAO Miss ","","Excento de ","$15.20 ","$22.00 ","$22.00 "
"OBAO ","Desodornte OBAO Piel ","","Excento de ","$31.00 ","$39.00 ","$39.00 "
"OBAO ","Desodornte OBAO Rosa ","","Excento de ","$24.00 ","$30.00 ","$30.00 "
"OBAO ","Desodornte OBAO Suave ","","Excento de ","$31.00 ","$39.00 ","$39.00 "
"OBAO ","Desodornte OBAOFloral 65g","","Excento de ","$31.00 ","$39.00 ","$39.00 "
"DOVE ","Dove Aerosol ORQUIDEAS ","","Excento de ","$61.64 ","$75.00 ","$75.00 "
"DOVE ","Dove Aerosol ROSAS 150ml","","Excento de ","$61.64 ","$74.00 ","$74.00 "
"DOVE ","DOVE BARRA ACEITE DE ","","Excento de ","$27.70 ","$37.00 ","$37.00 "
"DOVE ","Dove Barra orquideas 50ml ","","Excento de ","$27.70 ","$37.00 ","$37.00 "
"DOVE ","DOVE GO FRESH NEURO ","","Excento de ","$23.60 ","$32.00 ","$32.00 "
"DOVE ","DOVE INVISIBLE DRY ","","Excento de ","$26.50 ","$65.00 ","$65.00 "
"DOVE ","DOVE PINK 135 GR","","Excento de ","$23.60 ","$32.00 ","$32.00 "
"ESCUD","ESCUDO GEL ","","Excento de ","$18.00 ","$28.00 ","$28.00 "
"NIEA ","Espuma de Afeitar NIVEA ","","Excento de ","$74.80 ","$92.00 ","$92.00 "
"DES-","ESTEFANO BLACK 60G","","Excento de ","$32.40 ","$41.00 ","$41.00 "
"EUCERI","Euerin Anti-Pigment CREMA ","","Excento de ","$443.39 ","$510.00 ","$510.00 "
"FLOSSE","FLOSSERS/PORTE FIL ","","Excento de ","$21.40 ","$28.00 ","$28.00 "
"FOTOSU","FOTOSUN UV 100 ","","Excento de ","$94.14 ","$155.00 ","$155.00 "
"GEL ","Gel Antibacterial c/125ml","","Excento de ","$17.00 ","$23.00 ","$23.00 "
"XTREM","Gel Xtreme 12 250g","","Excento de ","$10.50 ","$14.50 ","$14.50 "
"HEAD&S","Head & Shoulders Prot Caida ","","Excento de ","$18.75 ","$25.00 ","$25.00 "
"HERKLI","HERKLIN Shampoo ","","Excento de ","$164.30 ","$210.00 ","$210.00 "
"HIL","Hilo Dental  Pharma&pharma ","","Excento de ","$13.24 ","$28.00 ","$28.00 "
"JABON ","JABON LAMINA ","","Excento de ","$3.50 ","$10.00 ","$10.00 "
"JABON ","Jabon liquido angry birds","","Excento de ","$24.00 ","$35.00 ","$35.00 "
"JABON ","Jabon liquido antibacterial","","Excento de ","$16.70 ","$26.00 ","$26.00 "
"JABON ","Jabon liquido para manos","","Excento de ","$25.15 ","$35.00 ","$35.00 "
"JABON ","Jabon liquido sweet berry","","Excento de ","$24.00 ","$35.00 ","$35.00 "
"LOM INT","Jabon Lomecan Intimo ","","Excento de ","$24.50 ","$30.00 ","$30.00 "
"LOMEC","Jabon Lomecan Intimo ","","Excento de ","$24.50 ","$30.00 ","$30.00 "
"grissi","Jabon neutro GRISI 150f","","Excento de ","$14.90 ","$19.00 ","$19.00 "
"JAB PS","Jabon Wolderm Almendra ","","Excento de ","$48.19 ","$75.00 ","$75.00 "
"JAB PG","Jabon Wolderm Piel Grasosa ","","Excento de ","$51.76 ","$75.00 ","$75.00 "
"AXEPCI","Jbn axepcia Exfoliante 100g","","Excento de ","$22.00 ","$29.00 ","$29.00 "
"ASEPXI","Jbn Axepcia Neutro 100g","","Excento de ","$19.00 ","$27.00 ","$27.00 "
"PASTA ","Kit Portatil Infantil GUM c/3pz ","","Excento de ","$46.50 ","$58.00 ","$58.00 "
"LADY ","Lady speed Stick Aerosol ","","Excento de ","$51.20 ","$75.00 ","$75.00 "
"LADY ","Lady Speed Stick Aerosol ","","Excento de ","$60.70 ","$76.00 ","$76.00 "
"LADY ","Lady speed stick derma ","","Excento de ","$51.20 ","$65.00 ","$65.00 "
"LADY ","Lady speed stick ","","Excento de ","$46.80 ","$58.00 ","$58.00 "
"lady ","Lady speed stick POWER ","","Excento de ","$57.00 ","$69.00 ","$69.00 "
"LIST ","Listerine Anticaries 250ml","","Excento de ","$59.70 ","$75.00 ","$75.00 "
"LISTERI","Listerine PRO-ENCÍAS ","","Excento de ","$59.70 ","$85.00 ","$85.00 "
"LISTERI","Listerine UltraClean ","","Excento de ","$102.19 ","$128.00 ","$128.00 "
"LOMEC","Lomecan ESOS DIAS ","","Excento de ","$77.86 ","$97.00 ","$97.00 "
"LOMEC","Lomecan shampoo PIEL ","","Excento de ","$77.85 ","$97.00 ","$97.00 "
"SPRAY ","LOTRIMIN ACTIVE ","","Excento de ","$69.31 ","$87.00 ","$87.00 "
"LOTRIM","Lotrimin AF Aerosol","","Excento de ","$82.50 ","$108.00 ","$108.00 "
"COT 100","Multiaplicadores Tip-tops ","","Excento de ","$8.00 ","$16.00 ","$16.00 "
"MULT","Multiaplicadores Tip-tops c/50 ","","Excento de ","$2.80 ","$7.00 ","$7.00 "
"COT 200","Multiaplicadores ZUUM c/200","","Excento de ","$8.97 ","$23.00 ","$23.00 "
"NIV MN","Nive Milj Nutritiva 125ml PIel ","","Excento de ","$18.20 ","$25.00 ","$25.00 "
"NIV SK","Nive Sun Kidas PFS50+ ","","Excento de ","$92.50 ","$116.00 ","$116.00 "
"NIVEA ","NIVEA BLACK WHITE ","","Excento de ","$62.50 ","$78.00 ","$78.00 "
"NIV TA","Nivea Creme Tarro 200ml","","Excento de ","$84.11 ","$97.00 ","$97.00 "
"NIVEA ","NIVEA INVISIBLE AEROSOL ","","Excento de ","$62.50 ","$78.00 ","$78.00 "
"NIV PS ","Nivea Proteccion Solar Adulto ","","Excento de ","$41.85 ","$58.00 ","$58.00 "
"NIVEA ","Nivea Roll-on Aclarado Nat ","","Excento de ","$19.00 ","$25.00 ","$25.00 "
"NIVEA ","Nivea Roll-on Aclarado Nat ","","Excento de ","$19.00 ","$25.00 ","$25.00 "
"NIVEA ","Nivea Soft Milk CREMA ","","Excento de ","$38.57 ","$50.00 ","$50.00 "
"NIVEA ","Nivea Soft Milk CREMA 5en1 ","","Excento de ","$25.34 ","$31.00 ","$31.00 "
"NIV SM","Nivea Soft Milk PIEL SECA ","","Excento de ","$18.20 ","$25.00 ","$25.00 "
"OLD ","Old spice FRESH c/50g","","Excento de ","$47.30 ","$63.00 ","$63.00 "
"OLD ","OLD SPICE MAR ","","Excento de ","$58.67 ","$73.00 ","$73.00 "
"OLD ","OLD SPICE WOLFTHORN ","","Excento de ","$52.82 ","$66.00 ","$66.00 "
"ORAL B ","ORAL B KIDS MICKEY 50GR ","","Excento de ","$25.00 ","$35.00 ","$35.00 "
"ORAL B ","ORAL B KIDS PRINCESS ","","Excento de ","$25.00 ","$35.00 ","$35.00 "
"ORAL B ","ORAL B KIDS SPIDERMAN ","","Excento de ","$25.00 ","$35.00 ","$35.00 "
"ORAL B ","ORL B KIDS MINNIE 50GR ","","Excento de ","$25.00 ","$33.00 ","$33.00 "
"PAÑ","Pañuelos Desechables ","","Excento de ","$2.54 ","$5.00 ","$5.00 "
"PAROD","Parodontax Original PASTA ","","Excento de ","$82.29 ","$120.00 ","$120.00 "
"COLGAT","PASTA COLGATE 90G 68ML","","Excento de ","$34.00 ","$55.00 ","$55.00 "
"COLG ","Pasta Dental Colgate Max ","","Excento de ","$34.30 ","$43.00 ","$43.00 "
"PAST ","Pasta Dental Oral-B ","","Excento de ","$12.50 ","$18.00 ","$18.00 "
"GUM ","PASTA GUM INFANTIL 3+ ","","Excento de ","$14.00 ","$25.00 ","$25.00 "
"PASTA ","Pasta Oral B KIDS 75ml/100g ","","Excento de ","$45.00 ","$60.00 ","$60.00 "
"BENZAL","Polvo-12  Cuidado Intimo ","","Excento de ","$59.50 ","$80.00 ","$80.00 "
"PONDS","Ponds Clarant B3 50 g","","Excento de ","$45.49 ","$57.00 ","$57.00 "
"PONDS ","Pond´s CREMA Anti-","","Excento de ","$72.33 ","$90.00 ","$90.00 "
"PROTE","Protector Solar Eucerin ","","Excento de ","$570.52 ","$685.00 ","$685.00 "
"REXON","Rexona Aerosol ANARCHY ","","Excento de ","$44.40 ","$62.00 ","$62.00 "
"REXON","Rexona Aerosol ","","Excento de ","$62.20 ","$72.00 ","$72.00 "
"REXON","Rexona Aerosol TONO ","","Excento de ","$44.40 ","$65.00 ","$65.00 "
"REXON","Rexona Barra HAPPY ","","Excento de ","$26.40 ","$35.00 ","$35.00 "
"REXON","Rexona Barra SEXY ","","Excento de ","$26.40 ","$35.00 ","$35.00 "
"REXON","Rexona clinical CREMA 3× ","","Excento de ","$55.50 ","$75.00 ","$75.00 "
"REXON","REXONA MEN STAY FRESH ","","Excento de ","$50.90 ","$62.00 ","$62.00 "
"REXON","Rexona Men XTRACOOL ","","Excento de ","$62.00 ","$75.00 ","$75.00 "
"DESDO ","Rexona STAY FRESH ","","Excento de ","$35.00 ","$55.00 ","$55.00 "
"REXON","Rexona Talco Efficient 100g","","Excento de ","$35.56 ","$55.00 ","$55.00 "
"REXON","Rexona Talco Efficient 200g","","Excento de ","$62.00 ","$78.00 ","$78.00 "
"SABA ","Saba ultrainvisible c/12","","Excento de ","$28.90 ","$36.00 ","$36.00 "
"SHAMP","Shampoo Anti-Frizz Herbal-","","Excento de ","$71.42 ","$90.00 ","$90.00 "
"INTIM IN","Shampoo Intima Inhibidor de ","","Excento de ","$46.34 ","$65.00 ","$65.00 "
"INT","Shampoo Intima Uso Diario ","","Excento de ","$46.34 ","$65.00 ","$65.00 "
"INTIM ","Shampoo Intimo INTIM FEM ","","Excento de ","$58.74 ","$75.00 ","$75.00 "
"LOMEC","Shampoo lomecan Intimo ","","Excento de ","$77.86 ","$97.00 ","$97.00 "
"LOMEC","Shampoo lomecan Intimo ","","Excento de ","$69.21 ","$86.00 ","$86.00 "
"Lomecan ","Shampoo lomecan Intimo ","","Excento de ","$55.45 ","$74.00 ","$74.00 "
"SILICA ","SILICA UVA 120ML 4 EN 1","","Excento de ","$39.90 ","$48.00 ","$48.00 "
"SILVER ","Silver active Anti-transpirante ","","Excento de ","$64.00 ","$79.00 ","$79.00 "
"SPEED ","SPEED STICK xtreme night ","","Excento de ","$39.50 ","$55.00 ","$55.00 "
"STEFAN","Stefano Aerosol GLADIUS ","","Excento de ","$78.32 ","$98.00 ","$98.00 "
"TALCO ","TALCO REXONA efficient ","","Excento de ","$25.70 ","$33.00 ","$33.00 "
"TAMPO","Tampones super plus","","Excento de ","$33.58 ","$45.00 ","$45.00 "
"TING ","TING AEROSOL 150G ","","Excento de ","$141.00 ","$175.00 ","$175.00 "
"TING ","TING AEROSOL 2.4","","Excento de ","$104.40 ","$130.00 ","$130.00 "
"SABA ","TOALLAS SABA BUENAS ","","Excento de ","$29.41 ","$50.00 ","$50.00 "
"SABE ","TOALLAS SABA C/8","","Excento de ","$26.42 ","$35.00 ","$35.00 "
"SABA ","TOALLAS SABA ","","Excento de ","$25.80 ","$35.00 ","$35.00 "
"TOA ","Toallitas Humedas Femenina","","Excento de ","$7.82 ","$11.00 ","$11.00 "
"TOA LIM","Toallitas Limpieza profunda","","Excento de ","$7.82 ","$11.00 ","$11.00 "
"VANART ","Vanart Clasico Shampoo ","","Excento de ","$19.70 ","$26.00 ","$26.00 "
"VANART ","Vanart Duo Shampoo 750ml","","Excento de ","$19.70 ","$26.00 ","$26.00 "
"VANART ","Vanart lasixo Enjuague 750ml","","Excento de ","$19.70 ","$26.00 ","$26.00 "
"VANART ","Vanart Reconstruccion ","","Excento de ","$19.70 ","$26.00 ","$26.00 "
"CIRUEL","CIRUELAX FORTE 25mg ","","Excento de ","$128.02 ","$162.00 ","$162.00 "
"MOTILA","Picosulfato de Sodio 5mg/5ml ","","Excento de ","$26.10 ","$47.00 ","$47.00 "
"ANARA ","Picosulfato de sodio ","","Excento de ","$90.84 ","$125.00 ","$125.00 "
"FIBR N","Plantago Psyllium  c/250g ","","Excento de ","$84.19 ","$160.00 ","$160.00 "
"NOVAG","Psyllium Plantago  Polvo ","","Excento de ","$102.30 ","$219.00 ","$219.00 "
"FINA","Psyllium Plantago c/200g","","Excento de ","$40.24 ","$70.00 ","$70.00 "
"PUNZO#","PUNZOCAT#21 X 3/4""","","Excento de ","$9.00 ","$18.00 ","$18.00 "
"SENOSI","SENOSIDO AB TABLETAS ","","Excento de ","$10.86 ","$30.00 ","$30.00 "
"AGUA "," Agua Oxigenada ","Excento de ","$10.50 ","$20.00 ","$20.00 ","$20.00 "
"ABATE ","ABATELENGUAS SENSI ","Excento de ","$18.11 ","$22.00 ","$22.00 ","$22.00 "
"AGUAO","Agua Oxigenada 110ml","","Excento de ","$6.03 ","$7.50 ","$7.50 "
"Agua ","Agua Oxigenada 110ml  ","","Excento de ","$9.10 ","$15.00 ","$15.00 "
"AGUA ","AGUA OXIGENADA 110ML ","","Excento de ","$9.10 ","$15.00 ","$15.00 "
"AGU ","Agua Oxigenada 112ml","","Excento de ","$8.00 ","$10.00 ","$10.00 "
"AGUA ","AGUA OXIGENADA 125ML ","","Excento de ","$5.63 ","$10.00 ","$10.00 "
"AGUAO","Agua Oxigenada 220ml Lasa","","Excento de ","$7.33 ","$13.00 ","$13.00 "
"AGUA ","Agua Oxigenada 250ml ","","Excento de ","$17.58 ","$35.00 ","$35.00 "
"AGUAO","Agua Oxigenada 480 ml","","Excento de ","$10.78 ","$19.00 ","$19.00 "
"AGUA ","Agua Oxigenada 480 ml ","","Excento de ","$13.35 ","$21.00 ","$21.00 "
"AGUA ","Agua Oxigenada 480 ml ","","Excento de ","$12.90 ","$26.00 ","$26.00 "
"AGUA ","AGUA OXIGENADA 500ML ","","Excento de ","$13.19 ","$32.00 ","$32.00 "
"AGUA ","Agua oxigenada 55ml ","","Excento de ","$5.74 ","$10.00 ","$10.00 "
"AGUA ","Agua oxigenada 60ml ","","Excento de ","$4.20 ","$12.00 ","$12.00 "
"AGUA ","Agua Oxigenada c/224 ml","","Excento de ","$12.14 ","$15.00 ","$15.00 "
"AGUA ","Agua Oxigenada Dermocleen ","","Excento de ","$7.73 ","$12.00 ","$12.00 "
"AGUA ","Agua Oxigenada RAB 225ml","","Excento de ","$7.50 ","$14.00 ","$14.00 "
"AGUA ","Agua Oxigenada RAB 460ml","","Excento de ","$20.80 ","$27.00 ","$27.00 "
"AGUA ","Agua Oxigenada RAB 60ml","","Excento de ","$3.50 ","$5.00 ","$5.00 "
"AGUA ","Agua Oxigenanada RAB ","","Excento de ","$4.90 ","$8.00 ","$8.00 "
"ALCOH","ALCOHOL  1000ML LUMAN","","Excento de ","$40.80 ","$75.00 ","$75.00 "
"ALCOH","Alcohol 125ML DIBAR","","Excento de ","$4.41 ","$9.00 ","$9.00 "
"ALCOH","ALCOHOL 125ML LUMAN","","Excento de ","$6.67 ","$13.00 ","$13.00 "
"ALCOH","ALCOHOL 1L ","","Excento de ","$50.28 ","$90.00 ","$90.00 "
"ALCOH","ALCOHOL 250MG 70° CH","","Excento de ","$18.94 ","$27.00 ","$27.00 "
"ALCO ","ALCOHOL 500ML LUNA","","Excento de ","$26.20 ","$40.00 ","$40.00 "
"ALCOH","Alcohol 70% 1L Jaloma","","Excento de ","$31.84 ","$47.00 ","$47.00 "
"ALCO ","Alcohol Azul  500ml PROTEC","","Excento de ","$30.00 ","$38.00 ","$38.00 "
"ALC 110","Alcohol Azul  PROTEC ","","Excento de ","$7.30 ","$10.00 ","$10.00 "
"ALCOH","ALCOHOL AZUL 1000ML ","","Excento de ","$37.20 ","$75.00 ","$75.00 "
"ALCOH","Alcohol Azul 130ml ","","Excento de ","$8.16 ","$12.00 ","$12.00 "
"ALC 1L","Alcohol Azul 1LT PROTEC","","Excento de ","$74.00 ","$90.00 ","$90.00 "
"ALC ","Alcohol azul 200ml PROTEC","","Excento de ","$17.90 ","$27.00 ","$27.00 "
"ALCOH","Alcohol Azul 250ml ","","Excento de ","$13.41 ","$25.00 ","$25.00 "
"ALCO ","ALCOHOL AZUL 250ML ","","Excento de ","$14.03 ","$25.00 ","$25.00 "
"ALC JAL ","Alcohol Azul Jaloma 120ml","","Excento de ","$11.42 ","$16.00 ","$16.00 "
"ALC JAL ","Alcohol Azul Jaloma 1L","","Excento de ","$29.78 ","$42.00 ","$42.00 "
"ALC JAL","Alcohol Azul JALOMA 240ml ","","Excento de ","$13.80 ","$20.00 ","$20.00 "
"ALC JAL ","Alcohol Azul Jaloma 480ml","","Excento de ","$24.19 ","$45.00 ","$45.00 "
"ALC AZ ","ALCOHOL AZUL LOURDES ","","Excento de ","$6.00 ","$10.00 ","$10.00 "
"ALCH ","Alcohol Desnaturalizado ","","Excento de ","$7.76 ","$12.00 ","$12.00 "
"ALCOH ","Alcohol Desnaturalizado ","","Excento de ","$29.85 ","$38.00 ","$38.00 "
"ALCOH","Alcohol Desnaturalizado 70 ","","Excento de ","$31.28 ","$65.00 ","$65.00 "
"ALCOH","Alcohol Desnaturalizado ","","Excento de ","$55.00 ","$85.00 ","$85.00 "
"ALCOH","Alcohol DIBAR 1L","","Excento de ","$38.20 ","$80.00 ","$80.00 "
"DIBAR ","Alcohol DIBAR 500ml","","Excento de ","$23.40 ","$50.00 ","$50.00 "
"ALCOH","ALCOHOL ETILICO 1000ML ","","Excento de ","$57.42 ","$90.00 ","$90.00 "
"ALCOH","Alcohol Etilico 500ml CHG","","Excento de ","$22.30 ","$50.00 ","$50.00 "
"ALCOH","ALCOHOL ETILICO 70 ","","Excento de ","$9.81 ","$13.00 ","$13.00 "
"ALCOG","ALCOHOL ETILICO 70 ","","Excento de ","$17.02 ","$22.00 ","$22.00 "
"ALCOH","ALCOHOL LUMAN 250ML","","Excento de ","$14.28 ","$25.00 ","$25.00 "
"ALCOH","ALCOHOL LUMAN 500ML","","Excento de ","$21.48 ","$45.00 ","$45.00 "
"ALCOH","Alcohol luman rojo 250ml","","Excento de ","$13.55 ","$26.00 ","$26.00 "
"ALC ","ALCOHOL LUNA 125ML ","","Excento de ","$4.00 ","$10.00 ","$10.00 "
"ALCOH","ALCOHOL ROJO 11L ","","Excento de ","$46.57 ","$75.00 ","$75.00 "
"ALCOH","Alcohol Rojo 1L ","","Excento de ","$44.84 ","$70.00 ","$70.00 "
"ALCOH","ALCOHOL ROJO 500ML","","Excento de ","$25.28 ","$38.00 ","$38.00 "
"ALCOH","Alcohol Rojo 500ml ","","Excento de ","$25.64 ","$38.00 ","$38.00 "
"ALC ","ALCOHOL ROJO LOURDES ","","Excento de ","$9.50 ","$14.00 ","$14.00 "
"ALCOH","Alcohol rojo luman","","Excento de ","$7.28 ","$18.00 ","$18.00 "
"ALG ","Algodon 100gr Quirmex ","","Excento de ","$18.57 ","$30.00 ","$30.00 "
"ALG 25 ","Algodon 25g Quirmex","","Excento de ","$8.00 ","$17.00 ","$17.00 "
"ALG ","Algodon 50g Quirmex","","Excento de ","$15.99 ","$23.00 ","$23.00 "
"DIBAR ","Algodon Dibar 100g","","Excento de ","$10.20 ","$25.00 ","$25.00 "
"DIBAR ","Algodon Dibar 200mg ","","Excento de ","$25.10 ","$38.00 ","$38.00 "
"DIBAR ","Algodon Dibar 25g","","Excento de ","$4.10 ","$9.00 ","$9.00 "
"DIBAR ","Algodon Dibar 50g","","Excento de ","$5.50 ","$14.00 ","$14.00 "
"ALG 3G","Algodon Torunda 3g","","Excento de ","$0.50 ","$2.00 ","$2.00 "
"ANTIBE","ANTIBENZIL 500ML","","Excento de ","$37.00 ","$56.00 ","$56.00 "
"SKINPR","Banditas Adhesivas Clasicas ","","Excento de ","$0.43 ","$1.50 ","$1.50 "
"CABEST","Cabestrillo ADULTO la Roy ","","Excento de ","$122.00 ","$150.00 ","$150.00 "
"CABEST","Cabestrillo Anatomico ","","Excento de ","$56.89 ","$110.00 ","$110.00 "
"CABEST","Cabestrillo CHICO INFANTIL ","","Excento de ","$54.71 ","$78.00 ","$78.00 "
"CABES ","CABESTRILLO CHICO SAN ","","Excento de ","$58.00 ","$95.00 ","$95.00 "
"CABEST","Cabestrillo encillo Adulto ","","Excento de ","$59.90 ","$75.00 ","$75.00 "
"CABES","CABESTRILLO MEDIANO","","Excento de ","$56.71 ","$85.00 ","$85.00 "
"CABES ","CABESTRILLO MEDIANO ","","Excento de ","$58.00 ","$100.00 ","$100.00 "
"CAMPO ","Campos Quirurgicos ","","Excento de ","$16.00 ","$40.00 ","$40.00 "
"CATETE","CATETER P/VENOCLISIS ","","Excento de ","$10.93 ","$20.00 ","$20.00 "
"CINTA ","Cinta Adhesiva Blanca p/piel ","","Excento de ","$18.98 ","$27.00 ","$27.00 "
"PROTE","CINTA ADHESIVA ","","Excento de ","$14.58 ","$21.00 ","$21.00 "
"CINT ","Cinta Adhesiva microporosa ","","Excento de ","$6.93 ","$13.00 ","$13.00 "
"CINT ","Cinta Adhesiva Microporosa ","","Excento de ","$12.18 ","$21.00 ","$21.00 "
"CINTA ","Cinta Adhesiva microporosa ","","Excento de ","$8.12 ","$15.00 ","$15.00 "
"CINTA ","Cinta Adhesiva p/piel color ","","Excento de ","$18.98 ","$27.00 ","$27.00 "
"CINTA ","Cinta Adhesiva Plastica Mic ","","Excento de ","$10.74 ","$19.00 ","$19.00 "
"PROTE","CINTA ADHESIVA ","","Excento de ","$16.02 ","$23.00 ","$23.00 "
"CINT ","Cinta Adhesiva Transparente ","","Excento de ","$13.22 ","$26.00 ","$26.00 "
"SKIN ","CINTA MICROPOOSA ","","Excento de ","$15.50 ","$26.00 ","$26.00 "
"CINTA ","Cinta Micropore  blanco","","Excento de ","$10.34 ","$15.00 ","$15.00 "
"MICR","Cinta Micropore 2.5cmx9.1 m","","Excento de ","$20.00 ","$30.00 ","$30.00 "
"CINTA ","Cinta micropore piel","","Excento de ","$29.00 ","$39.00 ","$39.00 "
"COLLAR","Collarin Cervical GRANDE ","","Excento de ","$54.40 ","$80.00 ","$80.00 "
"SUMITE","Collarin Cervical MEDIANO","","Excento de ","$126.94 ","$180.00 ","$180.00 "
"COLLAR","COLLARIN CERVICAL ","","Excento de ","$51.75 ","$110.00 ","$110.00 "
"CUBRE ","CUBRE BOCAS INFANTIL ","","Excento de ","$2.60 ","$4.00 ","$4.00 "
"CUBRE ","Cubre bocas Sencillo","","Excento de ","$2.32 ","$4.00 ","$4.00 "
"CUBRE","CUBREBOCA INFANTIL ","","Excento de ","$4.00 ","$4.00 ","$4.00 "
"FFG ","CUBREBOCAS PLISADO ","","Excento de ","$5.00 ","$20.00 ","$20.00 "
"CUBR","Cubrebocas Quirurgico Sensi ","","Excento de ","$1.72 ","$4.50 ","$4.50 "
"CUBRE ","CUBREBOCAS ","","Excento de ","$0.87 ","$3.00 ","$3.00 "
"CUB ","CUBREBOCAS ","","Excento de ","$1.80 ","$4.00 ","$4.00 "
"CUB ","CUBREBOCAS ","","Excento de ","$1.80 ","$4.00 ","$4.00 "
"CUBRE ","Cubrebocas ROSA ","","Excento de ","$1.36 ","$2.50 ","$2.50 "
"CUBRE ","Cubrebocas VERDE ","","Excento de ","$1.36 ","$2.50 ","$2.50 "
"CURITA","CURITA AGUA PROTEC ","","Excento de ","$51.00 ","$57.00 ","$57.00 "
"CUR ","Curitas Adulto Pharma","","Excento de ","$0.28 ","$1.50 ","$1.50 "
"CUR DIF","Curitas Difernetes Tamaños","","Excento de ","$0.23 ","$1.00 ","$1.00 "
"CUR INF","Curitas Infantiles ","","Excento de ","$0.34 ","$1.50 ","$1.50 "
"CURITA","CURITAS INFANTILES C/10","","Excento de ","$44.27 ","$55.00 ","$55.00 "
"CURITA","CURITAS KIDS NIÑA alfa ","","Excento de ","$0.67 ","$2.00 ","$2.00 "
"CUR ","Curitas Star Wars c/u","","Excento de ","$1.64 ","$2.50 ","$2.50 "
"CURITA","Curitas Transpiel ","","Excento de ","$0.37 ","$2.00 ","$2.00 "
"AXEMA","DESODORANTEAEROSOLH","","Excento de ","$36.00 ","$48.00 ","$48.00 "
"NIPRO","EQUIPO DE VENOCLISIS","","Excento de ","$12.00 ","$25.00 ","$25.00 "
"FEELIN","Espejo Vaginal MEDIANO","","Excento de ","$17.01 ","$38.00 ","$38.00 "
"ESTERI","ESTERICIDE SPRAY ","","Excento de ","$78.56 ","$95.00 ","$95.00 "
"FERUL","Ferula Metalica 2 Piezas","","Excento de ","$34.31 ","$48.00 ","$48.00 "
"FERULA ","FERULA P/DEDO GRANDE ","","Excento de ","$70.76 ","$88.00 ","$88.00 "
"GASA ","GASA 10 CM DIBAR C/U","","Excento de ","$0.63 ","$2.50 ","$2.50 "
"DIB C ","Gasa 10x10 DIBAR C/10","","Excento de ","$9.29 ","$20.00 ","$20.00 "
"DIB ","Gasa 10x10cm DIBAR","","Excento de ","$0.75 ","$2.00 ","$2.00 "
"GASA ","Gasa Esteril 10X10 DIBAR","","Excento de ","$0.86 ","$2.00 ","$2.00 "
"GAS ","Gasa Esteril 10X10 Quirmex","","Excento de ","$1.00 ","$3.00 ","$3.00 "
"GASA ","GASA ESTERIL 7.5X5CM ","","Excento de ","$0.60 ","$2.00 ","$2.00 "
"GASA C","Gasa Esteril c/10gasas CAJA","","Excento de ","$15.00 ","$22.00 ","$22.00 "
"SUGAS","Gasa Esteril c/10gasas CAJA ","","Excento de ","$12.72 ","$21.00 ","$21.00 "
"SUGAS","GASA ESTERIL SUGASA ","","Excento de ","$0.84 ","$3.00 ","$3.00 "
"GASA ","GASA SIMPLE ESTERIL ","","Excento de ","$0.85 ","$2.00 ","$2.00 "
"GEL AN","Gel Antibacterial c/60ml","","Excento de ","$13.43 ","$22.00 ","$22.00 "
"GERMIC ","GERMICIN ESPUMA YODO ","","Excento de ","$16.00 ","$25.00 ","$25.00 "
"GERMI ","GERMICIN SOLUCION ","","Excento de ","$18.90 ","$20.00 ","$20.00 "
"GOTER","GOTERO DE CRISTAL C/U","","Excento de ","$4.79 ","$10.00 ","$10.00 "
"GUA NE","Guante de Exploracion ","","Excento de ","$1.28 ","$2.50 ","$2.50 "
"GUAN ","Guante esteril Chico c/u","","Excento de ","$3.52 ","$4.50 ","$4.50 "
"GUAN ","Guante Esteril Exploracion ","","Excento de ","$3.20 ","$4.50 ","$4.50 "
"GUANT","GUANTE ESTERIL GRANDE ","","Excento de ","$3.20 ","$4.00 ","$4.00 "
"GUAN ","Guante Esteril para ","","Excento de ","$3.20 ","$4.50 ","$4.50 "
"GUANT","Guante exploracion Chico c/u","","Excento de ","$1.55 ","$3.00 ","$3.00 "
"GUANT","Guante exploración Latex ","","Excento de ","$3.52 ","$4.00 ","$4.00 "
"GUANT","Guante p/ Exploracion","","Excento de ","$1.32 ","$3.50 ","$3.50 "
"GUANT","GUANTE plus MEDIANO ","","Excento de ","$1.75 ","$5.00 ","$5.00 "
"GUANT","GUANTE VINYL DE NITRILO ","","Excento de ","$0.79 ","$3.00 ","$3.00 "
"GAUNT","Guante X-CH NITRILO zul ","","Excento de ","$1.93 ","$3.00 ","$3.00 "
"BIS #20","Hoja de Bisturi #20","","Excento de ","$2.22 ","$6.00 ","$6.00 "
"HOJA ","Hoja p/bisturi Acero No.10","","Excento de ","$2.06 ","$6.00 ","$6.00 "
"BISTURI ","HOJAS P/BISTURI No.23 ","","Excento de ","$2.14 ","$6.00 ","$6.00 "
"SENSIM","JERINGA 0.3ML CAJA C/100","","Excento de ","$202.00 ","$490.00 ","$490.00 "
"JER 1ML ","Jeringa 1ml INSULINA 30X13","","Excento de ","$2.70 ","$4.50 ","$4.50 "
"JER 3ML ","Jeringa 3ml AZUL 23x25","","Excento de ","$1.30 ","$3.00 ","$3.00 "
"JER 3ML ","Jeringa 3ml NEGRA 22X32","","Excento de ","$1.95 ","$3.00 ","$3.00 "
"JER 3ML ","Jeringa 3ml VERDE 21X32","","Excento de ","$1.42 ","$3.00 ","$3.00 "
"JER 5ML ","Jeringa 5ml NEGRA 22X32","","Excento de ","$2.00 ","$4.00 ","$4.00 "
"JERI ","Jeringa 5ml NEGRA DL","","Excento de ","$2.41 ","$4.00 ","$4.00 "
"JERING ","JERINGA 5ML NEGRA ","","Excento de ","$2.57 ","$4.00 ","$4.00 "
"JER 5ML ","Jeringa 5ml VERDE 21X32","","Excento de ","$1.39 ","$3.00 ","$3.00 "
"JERING","JERINGA AMARILLA 5ML ","","Excento de ","$2.00 ","$4.00 ","$4.00 "
"JERING","Jeringa Azul 3ml DL","","Excento de ","$1.37 ","$3.00 ","$3.00 "
"JER INS ","JERINGA DE INSULINA BD ","","Excento de ","$3.75 ","$5.00 ","$5.00 "
"JERING","Jeringa Imsulina 0.5ml DL","","Excento de ","$2.77 ","$5.00 ","$5.00 "
"jer insul ","JERINGA INSULINA 0.3ML ","","Excento de ","$2.75 ","$4.00 ","$4.00 "
"JERING","JERINGA NEGRA 10ML ","","Excento de ","$3.09 ","$7.00 ","$7.00 "
"JER 3ML ","Jeringa NEGRA 3 ml DL ","","Excento de ","$2.04 ","$3.50 ","$3.50 "
"JERING","Jeringa pediatrica AZUL 3ML ","","Excento de ","$2.13 ","$3.50 ","$3.50 "
"JERING","Jeringa Protect 5ml NEGRA","","Excento de ","$2.19 ","$4.00 ","$4.00 "
"JERING","JERINGA VERDE 5ML ","","Excento de ","$2.64 ","$4.00 ","$4.00 "
"CURITA","KURITAS KIDS NIÑO alfa ","","Excento de ","$0.67 ","$2.00 ","$2.00 "
"LAVA ","LAVA OJODS C/U","","Excento de ","$3.62 ","$10.00 ","$10.00 "
"MERT ","Mertodol Blanco c/40ml ","","Excento de ","$16.26 ","$21.00 ","$21.00 "
"MERT ","Mertodol Tintura c/40ml ","","Excento de ","$13.20 ","$18.00 ","$18.00 "
"PARCH","Parche Poroso  SALICILATO ","","Excento de ","$61.25 ","$95.00 ","$95.00 "
"PARCH","Parche Poroso 15cm x 28cm","","Excento de ","$43.05 ","$60.00 ","$60.00 "
"CONDIL","Podofilino Sol VERRUGAS, ","","Excento de ","$110.50 ","$146.00 ","$146.00 "
"SULFAT","Polvo de Sulfatiazol 1gr","","Excento de ","$2.50 ","$4.00 ","$4.00 "
"OXID Z","Polvo Oxido de Zinc 1gr","","Excento de ","$2.00 ","$4.00 ","$4.00 "
"PUNZ","Punzocat # 18","","Excento de ","$10.00 ","$20.00 ","$20.00 "
"PUN 14","Punzocat #14","","Excento de ","$8.44 ","$18.00 ","$18.00 "
"PUNZO","PUNZOCAT #14G","","Excento de ","$8.62 ","$18.00 ","$18.00 "
"PUNZO","Punzocat #16","","Excento de ","$10.00 ","$18.00 ","$18.00 "
"PUNZO","PUNZOCAT #16 48mm DLP","","Excento de ","$7.14 ","$18.00 ","$18.00 "
"PUNZO#","PUNZOCAT #17 X 1 1/2""","","Excento de ","$9.00 ","$18.00 ","$18.00 "
"PUNZO","PUNZOCAT #18 1.10x25mm ","","Excento de ","$8.14 ","$20.00 ","$20.00 "
"PUNZO ","PUNZOCAT #18 X 1","","Excento de ","$10.00 ","$18.00 ","$18.00 "
"PUN","Punzocat #19","","Excento de ","$10.00 ","$18.00 ","$18.00 "
"PUNZC","Punzocat #20","","Excento de ","$8.25 ","$18.00 ","$18.00 "
"PUNZO ","PUNZOCAT #20 X 3/4""","","Excento de ","$9.00 ","$18.00 ","$18.00 "
"PUNZO","PUNZOCAT #22  0.9x25mm ","","Excento de ","$8.60 ","$20.00 ","$20.00 "
"PUNZ 24","Punzocat #24","","Excento de ","$9.40 ","$18.00 ","$18.00 "
"SOL. FIS ","Solucion Cloruro de Sodio ","","Excento de ","$29.38 ","$34.00 ","$34.00 "
"SOL ","SOLUCION MIXTA 500ML ","","Excento de ","$37.50 ","$50.00 ","$50.00 "
"SOL. ","SOLUCION MIXTA KABI 1LT","","Excento de ","$40.00 ","$70.00 ","$70.00 "
"SON","Sonda Urinaria Foley #14 Fr","","Excento de ","$26.00 ","$60.00 ","$60.00 "
"SOND","Sonda Urinaria Foley #16 Fr","","Excento de ","$25.00 ","$60.00 ","$60.00 "
"SON 20","Sonda Urinaria Foley #20Fr","","Excento de ","$26.00 ","$60.00 ","$60.00 "
"SULFAD","Sulfadiazina de Plata TARRO ","","Excento de ","$166.67 ","$290.00 ","$290.00 "
"SUT 2","Sutura Nylon 2-0","","Excento de ","$47.50 ","$90.00 ","$90.00 "
"SUT 3","Sutura Nylon 3-0","","Excento de ","$43.66 ","$65.00 ","$65.00 "
"SUTURA ","Sutura Nylon 3-0 19-20mm ","","Excento de ","$32.85 ","$75.00 ","$75.00 "
"SUTURA ","SUTURA NYLON 3-0 45cm","","Excento de ","$32.56 ","$80.00 ","$80.00 "
"SUT ","Sutura Nylon 4-0","","Excento de ","$25.50 ","$65.00 ","$65.00 "
"SUT 5","Sutura Nylon 5-0","","Excento de ","$40.00 ","$70.00 ","$70.00 "
"TEGADE","Tegaderm 6x7cm Nexcare ","","Excento de ","$20.68 ","$26.00 ","$26.00 "
"TELA","Tela Adesiva 1.25cm x 9.1m ","","Excento de ","$21.00 ","$30.00 ","$30.00 "
"TEL AD","Tela Adhesiva 1.25cmx1m ","","Excento de ","$2.89 ","$5.00 ","$5.00 "
"TELA ","Tela Adhesiva 2.5cm * 9.1m","","Excento de ","$27.60 ","$42.00 ","$42.00 "
"TELA ","Tela Adhesiva 2.5cm x 1m","","Excento de ","$4.92 ","$7.00 ","$7.00 "
"TERMO","Termometro Clinico Oral ","","Excento de ","$22.00 ","$45.00 ","$45.00 "
"TERM D","Termometro Digital Clinico ","","Excento de ","$56.70 ","$79.00 ","$79.00 "
"VAS ","Vaso Recolector DIBAR","","Excento de ","$3.90 ","$10.00 ","$10.00 "
"SELECT","VENDA 20CM C/5M ","","Excento de ","$18.38 ","$28.00 ","$28.00 "
"VENDA ","Venda 5cm PROTEC ","","Excento de ","$6.82 ","$9.00 ","$9.00 "
"VENDA ","VENDA 7.5CM QUIRMEX","","Excento de ","$8.42 ","$13.00 ","$13.00 "
"DIBAR ","Venda DIBAR 10cm","","Excento de ","$13.70 ","$21.00 ","$21.00 "
"DIBAR ","Venda DIBAR 20cm","","Excento de ","$23.40 ","$33.00 ","$33.00 "
"DIBAR ","Venda Dibar 30cm","","Excento de ","$36.30 ","$46.00 ","$46.00 "
"DIBAR ","Venda DIBAR 5000CM","","Excento de ","$0.00 ","$0.00 ","$0.00 "
"DIBAR 5","Venda DIBAR 5CM","","Excento de ","$9.50 ","$14.00 ","$14.00 "
"DIBAR ","Venda Dibar 7.5","","Excento de ","$10.20 ","$11.00 ","$11.00 "
"VEN ","Venda Elastica  5CM","","Excento de ","$4.60 ","$7.00 ","$7.00 "
"VEN ","Venda elastica 10cm Pharma","","Excento de ","$6.88 ","$11.00 ","$11.00 "
"VENDA ","VENDA ELASTICA 10CM ","","Excento de ","$11.08 ","$18.00 ","$18.00 "
"VENDA ","VENDA ELASTICA 10CM ","","Excento de ","$9.34 ","$15.00 ","$15.00 "
"VEN ","Venda elastica 15 cm ","","Excento de ","$12.01 ","$17.00 ","$17.00 "
"VEN ","Venda Elastica 30cm pharma","","Excento de ","$21.29 ","$35.00 ","$35.00 "
"vVEND ","Venda Elastica 5cm ","","Excento de ","$3.69 ","$6.00 ","$6.00 "
"VEND 5 ","Venda Elastica 5cm ","","Excento de ","$5.00 ","$7.00 ","$7.00 "
"VEND ","Venda Elastica 7 cm ","","Excento de ","$5.00 ","$7.50 ","$7.50 "
"VEN 7.5","Venda Elastica 7.5 cm ","","Excento de ","$5.42 ","$8.00 ","$8.00 "
"VENDA ","Venda elastica de Alta ","","Excento de ","$27.56 ","$38.00 ","$38.00 "
"VENDA ","Venda Elastica vENDAL 10*5 ","","Excento de ","$5.54 ","$12.00 ","$12.00 "
"VENDA ","Venda enyesada 10cm","","Excento de ","$44.00 ","$58.00 ","$58.00 "
"VEN 15 ","Venda Enyesada 15 cm ","","Excento de ","$50.14 ","$63.00 ","$63.00 "
"VENDA ","Venda enyesada 15cm","","Excento de ","$52.00 ","$70.00 ","$70.00 "
"VEN Y","Venda Enyesada 5cm","","Excento de ","$19.23 ","$28.00 ","$28.00 "
"VENDA ","Venda enyesada 7.5cm","","Excento de ","$32.50 ","$45.00 ","$45.00 "
"VENDA ","Venda Quirmex 20cm","","Excento de ","$14.63 ","$25.00 ","$25.00 "
"VENDA ","VENDA STICK Auto-","","Excento de ","$53.23 ","$95.00 ","$95.00 "
"VENOC","Venoclisis SensiMedical ","","Excento de ","$8.69 ","$22.00 ","$22.00 "
"MERT ","Violeta de Genciana c/40ml ","","Excento de ","$10.20 ","$16.00 ","$16.00 "
"VENDA ","Vnda elastica 10 cm JALOMA","","Excento de ","$10.38 ","$12.00 ","$12.00 "
"VOTARE","Voltaren Parche 24 hrs","","Excento de ","$135.50 ","$170.00 ","$170.00 "
"AGGLA","Agglad Ofteno SOLUCIÓN ","","Excento de ","$688.99 ","$884.00 ","$884.00 "
"ATRO ","ATROPINA 1%","","Excento de ","$231.01 ","$277.00 ","$277.00 "
"FENIZZA","CLORANFENICOL ","","Excento de ","$22.91 ","$44.00 ","$44.00 "
"CLORA","CLORANFENICOL ","","Excento de ","$39.22 ","$85.00 ","$85.00 "
"DEXA/N","DEXAMETASONA/ ","","Excento de ","$15.87 ","$32.00 ","$32.00 "
"DONDE","Dexametasona/ Neomicina ","","Excento de ","$21.25 ","$40.00 ","$40.00 "
"CORNE","DEXPANTENOL 5%","","Excento de ","$462.64 ","$644.00 ","$644.00 "
"KRYTAN","DORZOLAMINA/TIMOLOL/B","","Excento de ","$849.33 ","$1,019.00 ","$1,019.00 "
"ELIPTIC ","Eliptic Ofteno (SOLUCIÓN ","","Excento de ","$693.48 ","$867.00 ","$867.00 "
"OPCON-","FENIAMINA/NAFAZOLINA  ","","Excento de ","$74.51 ","$102.00 ","$102.00 "
"FLUMET","FLUMETOL NF OFTENO ","","Excento de ","$401.78 ","$503.00 ","$503.00 "
"LAGRIC","HIALURONATO DE SODIO","","Excento de ","$408.11 ","$568.00 ","$568.00 "
"HIP","Hipromelosa Gotas ","","Excento de ","$36.68 ","$74.00 ","$74.00 "
"KILADEL","Hipromelosa sol 5mg/ml0.5% ","","Excento de ","$20.05 ","$38.00 ","$38.00 "
"HIPRO ","HIPROMELOSA SOL. ","","Excento de ","$32.37 ","$68.00 ","$68.00 "
"OPTIMIL","MANZANILLA-","","Excento de ","$50.86 ","$95.00 ","$95.00 "
"VIGAMO","MOXIFLOXACINO 0.5%","","Excento de ","$761.51 ","$913.00 ","$913.00 "
"NAFA","NAFAZOLINA GOTAS ","","Excento de ","$18.74 ","$40.00 ","$40.00 "
"NAFAZO","Nafazolina sol Oftalmica 1.0","","Excento de ","$22.11 ","$40.00 ","$40.00 "
"FAZ F","Nafazolina/ Feniramina  c/15 ","","Excento de ","$30.28 ","$65.00 ","$65.00 "
"FENIXI","Nafazolina/Feniramina Gotas ","","Excento de ","$26.58 ","$55.00 ","$55.00 "
"NEOMI ","Neomicina/ Polimixina B/ ","","Excento de ","$42.47 ","$80.00 ","$80.00 "
"GOTAS","Neomicina/Dexametasona ","","Excento de ","$25.53 ","$50.00 ","$50.00 "
"NEO UN","Neomicina/Polimixina/ ","","Excento de ","$50.32 ","$100.00 ","$100.00 "
"POENT","Poentobral F Suspencion ","","Excento de ","$490.00 ","$613.00 ","$613.00 "
"SOPHIP","PREDNISOLONA","","Excento de ","$362.36 ","$434.00 ","$434.00 "
"PRENN","PREDNISOLONA 1%","","Excento de ","$474.40 ","$569.00 ","$569.00 "
"TOBRA","Tobramicina/Dexametasona ","","Excento de ","$55.94 ","$112.00 ","$112.00 "
"THEALO","TREHALOSA 3%","","Excento de ","$624.75 ","$749.00 ","$749.00 "
"ACEI ","ACEITE DE ROSAS  50ML ","","Excento de ","$6.00 ","$12.00 ","$12.00 "
"ACETO","ACETONIDO DE ","","Excento de ","$18.20 ","$36.00 ","$36.00 "
"AVIREX-","Aciclovir 200mg c/25 tbs","","Excento de ","$66.36 ","$93.00 ","$93.00 "
"PURIBE","Alopurinol Tbs 300mg 20 tbs","","Excento de ","$27.51 ","$60.00 ","$60.00 "
"CHUP 3-","Chupon EVENFLO 3-12m c/4","","Excento de ","$47.00 ","$60.00 ","$60.00 "
"CERETE","Cinarizina 75mg c/60 tbs","","Excento de ","$57.33 ","$124.00 ","$124.00 "
"CUBRE","Cubreboca KF-94 c/u","","Excento de ","$5.00 ","$15.00 ","$15.00 "
"BEXINE ","Dexametasona iny 8mg /2ml ","","Excento de ","$13.20 ","$25.00 ","$25.00 "
"DEXNE ","Dexametasona/ Neomicina/ ","","Excento de ","$44.98 ","$105.00 ","$105.00 "
"BIOSTA","FEXOFENADINA 120MG ","","Excento de ","$39.00 ","$90.00 ","$90.00 "
"GEL JAL","Gel antibacterial jaloma ","","Excento de ","$13.70 ","$25.00 ","$25.00 "
"POR OT","Hidrocortisona/Clopranfenicol","","Excento de ","$37.43 ","$80.00 ","$80.00 "
"HIDROC","hIDROCORTISONA/cLORAN","","Excento de ","$29.38 ","$55.00 ","$55.00 "
"sLOSA/","LOSARTARN/HIDROCLORO","","Excento de ","$27.75 ","$75.00 ","$75.00 "
"OTILIN","Neomicina/Lidocaina Gotas ","","Excento de ","$27.88 ","$50.00 ","$50.00 "
"PEPTO-","PEPTO-BISMOL DIARREA ","","Excento de ","$82.30 ","$110.00 ","$110.00 "
"PIOGLI ","Pioglitazona TABLETAS  ","","Excento de ","$24.08 ","$50.00 ","$50.00 "
"mFARM","SALBUTAMOL AEROSOL ","","Excento de ","$28.75 ","$65.00 ","$65.00 "
"LACTAC","Shampoo Lactacyd Pro-Bio ","","Excento de ","$54.90 ","$85.00 ","$85.00 "
"SILDE","Sildenafil 50mg 1/tab Serral ","","Excento de ","$5.10 ","$35.00 ","$35.00 "
"NOGRAI","SUMATRIPTAN 5 MG ","","Excento de ","$45.59 ","$95.00 ","$95.00 "
"SUP ","Supositorios de Glicerina ","","Excento de ","$61.12 ","$85.00 ","$85.00 "
"HUGGIE","Toallitas Humedas HUGGIES ","","Excento de ","$40.90 ","$54.00 ","$54.00 "
"VALPRO","Vaolproato de magnesio ","","Excento de ","$94.00 ","$160.00 ","$160.00 "
"CAP"," Captopril 25mg c/30 tab","","Excento de ","$8.26 ","$25.00 ","$25.00 "
"naturella"," toallas naturella cont.10T","","Excento de ","$21.50 ","$30.00 ","$30.00 "
"Algodon","10g Algodon","","Excento de ","$2.32 ","$10.00 ","$10.00 "
"ORALB ","2Pack Cepillos Oral-B ","","Excento de ","$67.90 ","$86.00 ","$86.00 "
"ORALB ","2Pack Oral-B Advance","","Excento de ","$71.20 ","$90.00 ","$90.00 "
"ABATEL","Abatelenguas c/12 Su","","Excento de ","$6.55 ","$12.00 ","$12.00 "
"ABATEL","Abatelenguas c/25pz ","","Excento de ","$7.68 ","$18.00 ","$18.00 "
"PROTE","ABATELENGUAS DE ","","Excento de ","$14.15 ","$18.00 ","$18.00 "
"ABATEL","ABATELENGUAS POP","","Excento de ","$11.23 ","$22.00 ","$22.00 "
"ABSOR","ABSORSEC MEDIANO C/14 ","","Excento de ","$33.65 ","$40.00 ","$40.00 "
"ABSOR","ABSORSEC R/N C/14 ","","Excento de ","$28.75 ","$35.00 ","$35.00 "
"ACAR","Acarbosa 50mg c/30 tab","","Excento de ","$47.25 ","$102.00 ","$102.00 "
"SACART","Acarbosa 50mg c/30 tab ","","Excento de ","$46.00 ","$70.00 ","$70.00 "
"ACARB","Acarbosa TABLETAS 100mg ","","Excento de ","$90.30 ","$150.00 ","$150.00 "
"CARB","Acarbosa tbs 50mg c 30tbs","","Excento de ","$48.60 ","$88.00 ","$88.00 "
"ACARB","Acarbosa tbs 50mg c 30tbs ","","Excento de ","$55.04 ","$88.00 ","$88.00 "
"ACC ","ACC 200MG ","","Excento de ","$176.55 ","$220.00 ","$220.00 "
"TIRAS ","ACCU-CHEK INSTANT ","","Excento de ","$317.63 ","$395.00 ","$395.00 "
"ACCU-","ACCU-CHEK SCTIVE ","","Excento de ","$364.35 ","$650.00 ","$650.00 "
"ACCU-","ACCU-CHEKC INSTANT KIT ","","Excento de ","$619.54 ","$745.00 ","$745.00 "
"ACEITE ","Aceite Aguacate 50ml","","Excento de ","$7.41 ","$15.00 ","$15.00 "
"ACEITE ","Aceite Almendras SANAX","","Excento de ","$9.62 ","$19.00 ","$19.00 "
"OLEOD","Aceite de Almebdras e ","","Excento de ","$179.00 ","$210.00 ","$210.00 "
"ACEI ","ACEITE DE ALMENDRAS 50 ","","Excento de ","$5.10 ","$10.00 ","$10.00 "
"ACEITE ","ACEITE DE ALMENDRAS ","","Excento de ","$13.00 ","$20.00 ","$20.00 "
"ACEITE ","ACEITE DE ALMENDRAS ","","Excento de ","$7.50 ","$15.00 ","$15.00 "
"ACEI ","Aceite de Almendras Dulces ","","Excento de ","$17.62 ","$28.00 ","$28.00 "
"ACEITE ","Aceite de Almendras Dulces ","","Excento de ","$24.09 ","$40.00 ","$40.00 "
"AC ALM ","ACEITE DE ALMENDRAS ","","Excento de ","$8.46 ","$13.00 ","$13.00 "
"ACEITE ","ACEITE DE COCO 50ML","","Excento de ","$19.46 ","$25.00 ","$25.00 "
"ACEI ","ACEITE DE COCO 50ML PT","","Excento de ","$5.30 ","$10.00 ","$10.00 "
"JAL ","Aceite de Coco Jaloma 120ml","","Excento de ","$29.47 ","$40.00 ","$40.00 "
"ACEITE ","ACEITE DE COCO JALOMA ","","Excento de ","$13.14 ","$18.00 ","$18.00 "
"AC ","ACEITE DE COCO ","","Excento de ","$8.16 ","$12.00 ","$12.00 "
"VITAMIN","Aceite de Germen de Trigo ","","Excento de ","$45.55 ","$98.00 ","$98.00 "
"ACEITE ","ACEITE DE GERMEN DE ","","Excento de ","$7.28 ","$16.00 ","$16.00 "
"ACEI ","ACEITE DE GLICERINA Q. ","","Excento de ","$10.79 ","$17.00 ","$17.00 "
"ACEITE ","ACEITE DE LAVANDA 50ML ","","Excento de ","$8.50 ","$15.00 ","$15.00 "
"AC LIMA ","ACEITE DE LIMA ","","Excento de ","$6.00 ","$10.00 ","$10.00 "
"ACEI ","ACEITE DE LIMON ","","Excento de ","$5.50 ","$10.00 ","$10.00 "
"ACEITE ","Aceite de linaza","","Excento de ","$6.74 ","$10.00 ","$10.00 "
"OMELIN","Aceite de linaza organica ","","Excento de ","$45.12 ","$100.00 ","$100.00 "
"ACEI ","ACEITE DE MAMEY PT ","","Excento de ","$5.50 ","$10.00 ","$10.00 "
"ACEITE ","Aceite de manzanilla 50ml","","Excento de ","$6.74 ","$10.00 ","$10.00 "
"ACEITE ","Aceite de olivo","","Excento de ","$7.41 ","$13.00 ","$13.00 "
"ACEI ","ACEITE DE OLIVO ","","Excento de ","$3.75 ","$9.00 ","$9.00 "
"ACE ","ACEITE DE OLIVO PT 50ML","","Excento de ","$5.30 ","$10.00 ","$10.00 "
"ACEI ","ACEITE DE RICINO 50ML ","","Excento de ","$5.50 ","$10.00 ","$10.00 "
"ACEITE ","ACEITE DE RICINO 60ML ","","Excento de ","$17.62 ","$23.00 ","$23.00 "
"ACEITE ","Aceite de Ricino 70ml","","Excento de ","$12.20 ","$20.00 ","$20.00 "
"ACEITE ","Aceite de Romero 50ml ","","Excento de ","$8.16 ","$12.00 ","$12.00 "
"ACEI ","ACEITE DE ROMERO PT ","","Excento de ","$5.50 ","$10.00 ","$10.00 "
"ACEI ","ACEITE DE UVA 50ML PT","","Excento de ","$5.00 ","$10.00 ","$10.00 "
"ACEI ","ACEITE LAVANDA 50ML PT","","Excento de ","$5.40 ","$10.00 ","$10.00 "
"mennen","Aceite Mennen Bebes 100ml","","Excento de ","$44.49 ","$55.00 ","$55.00 "
"MENEN ","Aceite Mennen Bebes 50ml","","Excento de ","$26.90 ","$34.00 ","$34.00 "
"JAL ","ACEITE OLIVO 60ML","","Excento de ","$6.90 ","$12.00 ","$12.00 "
"ACEITE ","Aceite Suavisante ","","Excento de ","$17.50 ","$25.00 ","$25.00 "
"ACC ","ACETILCISTEINA 600MG ","","Excento de ","$273.00 ","$325.00 ","$325.00 "
"WOLFF","Acetona  100,l","","Excento de ","$12.98 ","$20.00 ","$20.00 "
"ACETO","ACETONA 120 ML JALOMA","","Excento de ","$17.41 ","$25.00 ","$25.00 "
"ACET","Acetona c/60 ml Jaloma","","Excento de ","$13.63 ","$25.00 ","$25.00 "
"ACETO","ACETONA LUMAN PLUS","","Excento de ","$6.58 ","$12.00 ","$12.00 "
"CORTIL","Acetonido de Fluocinolona ","","Excento de ","$20.29 ","$37.00 ","$37.00 "
"VAGITR","Acetonido de Fluocinolona, ","","Excento de ","$218.00 ","$268.00 ","$268.00 "
"CORTIF","ACETONIDO DE ","","Excento de ","$28.33 ","$60.00 ","$60.00 "
"LESACL","ACICLOVIR CREMA 5% ","","Excento de ","$19.09 ","$38.00 ","$38.00 "
"ACICRA","Acicran Mix SOBRES c/30 1g ","","Excento de ","$609.33 ","$730.00 ","$730.00 "
"ASPIRIN","Acido Acetil Salicilico 100mg ","","Excento de ","$35.00 ","$40.00 ","$40.00 "
"ACIDO ","ACIDO ACETIL SALICILICO ","","Excento de ","$8.78 ","$20.00 ","$20.00 "
"ASPITA","ACIDO ACETILSALICILICO ","","Excento de ","$29.06 ","$60.00 ","$60.00 "
"ACIDO ","ACIDO ACETILSALICILICO ","","Excento de ","$11.96 ","$28.00 ","$28.00 "
"ACIDO ","Acido Acetilsalicilico 100mg ","","Excento de ","$15.43 ","$34.00 ","$34.00 "
"CUO ","Acido Acetilsalicilico 100mg ","","Excento de ","$60.00 ","$80.00 ","$80.00 "
"ACIDO ","ACIDO ACETILSALICILICO ","","Excento de ","$8.78 ","$15.00 ","$15.00 "
"ACIDO ","ACIDO ACETILSALICILICO ","","Excento de ","$2.77 ","$15.00 ","$15.00 "
"ASPIRIN","Acido Acetilsalicilico ","","Excento de ","$63.69 ","$80.00 ","$80.00 "
"ACIDO ","ACIDO ACETILSALICILICO ","","Excento de ","$17.39 ","$38.00 ","$38.00 "
"AXAL","Acido Acetilsalicilico Tbs ","","Excento de ","$8.83 ","$14.00 ","$14.00 "
"OXIVAG ","Acido Alendronico 70mg ","","Excento de ","$30.96 ","$75.00 ","$75.00 "
"ACIDO ","Acido Alendronico 70mg ","","Excento de ","$25.74 ","$127.00 ","$127.00 "
"ACIDO ","Acido Alendronico ","","Excento de ","$29.14 ","$62.00 ","$62.00 "
"ACIDO ","Acido AScetil Salicilico ","","Excento de ","$14.11 ","$45.00 ","$45.00 "
"REDOX","Acido Ascorbico 100m c/100 ","","Excento de ","$108.50 ","$138.00 ","$138.00 "
"C-","Acido Ascorbico 100mg c/20 ","","Excento de ","$16.80 ","$36.00 ","$36.00 "
"ADRIPH","Acido Ascorbico 1g c/10 ","","Excento de ","$44.33 ","$90.00 ","$90.00 "
"ACIDO ","ACIDO ASCORBICO ","","Excento de ","$89.99 ","$125.00 ","$125.00 "
"NORAT","Acido Ascorbico Vitamina C ","","Excento de ","$49.78 ","$110.00 ","$110.00 "
"REDOX","Acido ascorbico,colecalciferol ","","Excento de ","$129.70 ","$155.00 ","$155.00 "
"AZOGE","Acido ","","Excento de ","$79.53 ","$150.00 ","$150.00 "
"EXCELS","ACIDO SALICILICO ","","Excento de ","$52.83 ","$65.00 ","$65.00 "
"ONIREN ","Acido Tranexanico ","","Excento de ","$936.15 ","$1,120.00 ","$1,120.00 "
"URSOF","Acido Ursodeoxicolico 250mg ","","Excento de ","$401.40 ","$480.00 ","$480.00 "
"NILAMS","Acido Ursodeoxicolico ","","Excento de ","$228.00 ","$350.00 ","$350.00 "
"RDP C","Aciso ascorbico Vitamina C ","","Excento de ","$28.50 ","$56.00 ","$56.00 "
"ADerogyl ","ADerogil C Ing 10ml","","Excento de ","$50.86 ","$68.00 ","$68.00 "
"ADERO","Aderogyl C Infantil 30ml","","Excento de ","$142.00 ","$180.00 ","$180.00 "
"ADVIL ","ADVIL 12 HORAS C/12 ","","Excento de ","$121.00 ","$158.00 ","$158.00 "
"ADVIL ","ADVIL IBUPROFENO ","","Excento de ","$31.50 ","$50.00 ","$50.00 "
"ADVIL ","ADVIL Ibuprofeno 200mg c/2","","Excento de ","$2.00 ","$8.00 ","$8.00 "
"ADVIL ","Advil LIFT c/10","","Excento de ","$43.50 ","$68.00 ","$68.00 "
"Bye ","Aerosol Repelente Bye Bites","","Excento de ","$53.51 ","$75.00 ","$75.00 "
"AFRIN ","AFRIN LUB ADULTO 12 ","","Excento de ","$53.82 ","$74.00 ","$74.00 "
"AFRIN ","Afrin Lub Infantil c/20 ml ","","Excento de ","$56.10 ","$88.00 ","$88.00 "
"AFRIN ","Afrin Oximetazolina ADULTO","","Excento de ","$60.25 ","$82.00 ","$82.00 "
"AFRIN ","Afrin Oximetazolina ","","Excento de ","$39.86 ","$68.00 ","$68.00 "
"AGRIFE","AGRIFEN ANTIGRIPAL ","","Excento de ","$16.46 ","$28.00 ","$28.00 "
"AGRIFE","Agrifen Tbs c/15","","Excento de ","$18.50 ","$33.00 ","$33.00 "
"Bona","Agua Bonafont 600ml","","Excento de ","$4.22 ","$6.00 ","$6.00 "
"AGUA ","AGUA BURTS PURIFICADA ","","Excento de ","$2.00 ","$5.00 ","$5.00 "
"AGUA ","Agua Destilada 1l","","Excento de ","$30.00 ","$60.00 ","$60.00 "
"AGUA ","AGUA DESTILADA LUMAN ","","Excento de ","$13.19 ","$28.00 ","$28.00 "
"AGUA ","AGUA DESTILADA NIVEL 1 ","","Excento de ","$14.38 ","$25.00 ","$25.00 "
"AGUA ","Agua Inyectable 500ml Pisa","","Excento de ","$38.00 ","$44.00 ","$44.00 "
"AGUA ","AGUA INYECTABLE 5ML  ","","Excento de ","$3.40 ","$6.00 ","$6.00 "
"AGUA ","Agua Inyectable PiSA 1L","","Excento de ","$27.87 ","$40.00 ","$40.00 "
"AGUA ","AGUA MEMBER'S MARK ","","Excento de ","$1.97 ","$5.00 ","$5.00 "
"GARNIE","Agua Micelar Garnier 100ml","","Excento de ","$38.91 ","$49.00 ","$49.00 "
"GARNIE","Agua Micelar GARNIER All in ","","Excento de ","$108.40 ","$136.00 ","$136.00 "
"NIAGAR","AGUA NIAGARA 500ML","","Excento de ","$1.88 ","$5.00 ","$5.00 "
"AGUA ","Agua Oxigenada 125ml ","","Excento de ","$12.48 ","$18.00 ","$18.00 "
"AGUA ","AGUA OXIGENADA 448ML ","","Excento de ","$16.00 ","$32.00 ","$32.00 "
"ALCOM","Agua Oxigenada ALCOMEX ","","Excento de ","$23.89 ","$32.00 ","$32.00 "
"agua ox ","AGUA OXIGENADA LUMAN ","","Excento de ","$7.20 ","$15.00 ","$15.00 "
"AGUA ","AGUA PURIFICADA 1L","","Excento de ","$3.50 ","$7.00 ","$7.00 "
"AGUA","Agua Purificada Member´s ","","Excento de ","$2.63 ","$5.00 ","$5.00 "
"AGUA ","Agua Purifivada Member ","","Excento de ","$2.15 ","$4.00 ","$4.00 "
"SKARC","Agua Skarch 1.5L","","Excento de ","$5.60 ","$12.00 ","$12.00 "
"SKARC","Agua Skarch 1l","","Excento de ","$5.00 ","$11.00 ","$11.00 "
"SKARC","Agua Skarch 330ml","","Excento de ","$3.54 ","$5.00 ","$5.00 "
"skarch ","Agua Skarch 600ml","","Excento de ","$3.25 ","$9.00 ","$9.00 "
"AGUJA ","Aguja Hipodermica negra ","","Excento de ","$0.63 ","$1.50 ","$1.50 "
"AH-MIC ","AH- MICOL INF Susp c/10ml","","Excento de ","$41.15 ","$60.00 ","$60.00 "
"AJOLOT","Ajolotius c/Miel 250ml MIEL","","Excento de ","$54.20 ","$75.00 ","$75.00 "
"AJOLOT","Ajolotius c/Miel 250ml SIN ","","Excento de ","$91.32 ","$130.00 ","$130.00 "
"AJOLOT","Ajolotius c/Propoleo 250ml","","Excento de ","$68.88 ","$87.00 ","$87.00 "
"AJOLOT","Ajolotius Caramelo ","","Excento de ","$20.83 ","$44.00 ","$44.00 "
"AJOLOT","Ajolotius Edelverry c/250ml","","Excento de ","$62.80 ","$110.00 ","$110.00 "
"AJOLOT","Ajolotius Menta-Eucalipto ","","Excento de ","$1.50 ","$8.00 ","$8.00 "
"SEBAST","Alantoina/ Alquitran de ","","Excento de ","$62.49 ","$85.00 ","$85.00 "
"ALBEND","Albendazol 200mg c/6 ","","Excento de ","$0.10 ","$8.00 ","$8.00 "
"PASTILL","Alcanfor pastillas","","Excento de ","$3.00 ","$6.00 ","$6.00 "
"ALCOH","ALCOHOL DIBAR 250ML ","","Excento de ","$12.00 ","$27.00 ","$27.00 "
"ALCOH","ALCOHOL GEL JALOMA ","","Excento de ","$52.72 ","$69.00 ","$69.00 "
"ALCOH","Alcohol Luna 1litro","","Excento de ","$55.96 ","$70.00 ","$70.00 "
"ALCOH","Alcohol polivinilico otico","","Excento de ","$32.91 ","$65.00 ","$65.00 "
"ALCOH","Alcohol Rojo 10ml","","Excento de ","$6.42 ","$13.00 ","$13.00 "
"ALCOHP","Alcohol Rojo 250ml","","Excento de ","$15.42 ","$29.00 ","$29.00 "
"ALCOH","ALCOHOL SAN JOSE 75° 1 ","","Excento de ","$50.00 ","$80.00 ","$80.00 "
"ALERT ","ALERT SHAMPOO ","","Excento de ","$40.00 ","$50.00 ","$50.00 "
"ALEVAR","Alevarin cps 166.60mg Oral","","Excento de ","$50.00 ","$79.00 ","$79.00 "
"SOMER","Alfa Cetoanalogos de ","","Excento de ","$619.00 ","$1,225.00 ","$1,225.00 "
"PROTE","Algodon 25g Protec","","Excento de ","$11.42 ","$17.00 ","$17.00 "
"ALG ","ALGODON ICEBERG 200GR","","Excento de ","$25.80 ","$45.00 ","$45.00 "
"ALG ","ALGODON ICEBERG 25GR","","Excento de ","$4.30 ","$8.00 ","$8.00 "
"ALGOD","Algodon Jaloma 25g","","Excento de ","$7.00 ","$12.00 ","$12.00 "
"ALG ","ALGODON PRITEC 100GR","","Excento de ","$24.73 ","$35.00 ","$35.00 "
"ALGOD","ALGODON QUIRMEX ","","Excento de ","$44.65 ","$60.00 ","$60.00 "
"QUIRME","Algodon Quirmex 300G","","Excento de ","$56.72 ","$75.00 ","$75.00 "
"ALGOD","ALGODON QUIRMEX ","","Excento de ","$43.25 ","$68.00 ","$68.00 "
"ALG ","ALGODON TORUNDA 75 ","","Excento de ","$13.20 ","$25.00 ","$25.00 "
"algodon ","Algopdon plisado PROTEC ","","Excento de ","$12.44 ","$20.00 ","$20.00 "
"ALICAT","ALICATA P/OÑAS DE LOS ","","Excento de ","$154.97 ","$185.00 ","$185.00 "
"ALIN ","ALIN TABLETAS .5MG ","","Excento de ","$64.50 ","$75.00 ","$75.00 "
"ALIN ","ALIN TABLETAS 0.75MG ","","Excento de ","$53.29 ","$70.00 ","$70.00 "
"ALKA","Alka- Seltzer cada/ tableta  ","","Excento de ","$2.51 ","$4.00 ","$4.00 "
"ALLI-","Alli-Triple c/6 tbs","","Excento de ","$79.94 ","$98.00 ","$98.00 "
"ALMAX ","Almax Suspensión 1.5g/15ml ","","Excento de ","$226.58 ","$275.00 ","$275.00 "
"EQUATE ","Almohadilla de algodon c/80","","Excento de ","$10.00 ","$20.00 ","$20.00 "
"ZUUM ","ALMOHADILLAS ","","Excento de ","$20.90 ","$26.00 ","$26.00 "
"INCRESI","Alogliptina/Metformina ","","Excento de ","$1,291.00 ","$1,615.00 ","$1,615.00 "
"UNIZ","Alopurinol 300 mg c/30 tab  ","","Excento de ","$30.50 ","$60.00 ","$60.00 "
"ARRAM","Alopurinol 300mg c/20 tab","","Excento de ","$23.52 ","$43.00 ","$43.00 "
"BIONOL","Alopurinol 300mg c/20 tab ","","Excento de ","$21.88 ","$39.00 ","$39.00 "
"BIONOL ","ALOPURINOL TABLETAS ","","Excento de ","$25.50 ","$60.00 ","$60.00 "
"ALOPU ","Alopurinol TABLETAS 300mg ","","Excento de ","$24.05 ","$50.00 ","$50.00 "
"ALOPUR","Alopurinol TABLETAS 300mg ","","Excento de ","$29.39 ","$60.00 ","$60.00 "
"ALZOPR","Alopurinol TABLETAS ","","Excento de ","$29.70 ","$60.00 ","$60.00 "
"ALPRAZ","ALPRAZOLAM TABLETAS ","","Excento de ","$278.90 ","$350.00 ","$350.00 "
"MELOX ","Aluminio, Magnesio y ","","Excento de ","$92.80 ","$116.00 ","$116.00 "
"MELOX ","Aluminio, Magnesio y ","","Excento de ","$82.20 ","$110.00 ","$110.00 "
"ALKAGE","Aluminio-Magnesio-","","Excento de ","$33.89 ","$58.00 ","$58.00 "
"alwysnh","Always Noche","","Excento de ","$21.16 ","$25.00 ","$25.00 "
"ALWAY","Always Noct c/8 Rosa","","Excento de ","$20.00 ","$28.00 ","$28.00 "
"BREGA","Amantadina, Clorfenamina, ","","Excento de ","$29.51 ","$55.00 ","$55.00 "
"BREGA","Amantadina, Clorfenamina, ","","Excento de ","$24.47 ","$45.00 ","$45.00 "
"FLUVIR","Amantadina,fenilefrina,","","Excento de ","$32.49 ","$64.00 ","$64.00 "
"TORBRI","AMBROXOL ","","Excento de ","$15.22 ","$35.00 ","$35.00 "
"COBA ","Ambroxol /Dextrometorfano ","","Excento de ","$19.59 ","$35.00 ","$35.00 "
"CLOXAN","Ambroxol 15mg/5ml 120ml","","Excento de ","$12.91 ","$30.00 ","$30.00 "
"AMBRO","Ambroxol 300mg/100ml Sol ","","Excento de ","$9.97 ","$22.00 ","$22.00 "
"MUSALT","Ambroxol 750mg/100ml Sol ","","Excento de ","$17.15 ","$38.00 ","$38.00 "
"MINISOL ","AMBROXOL GOTAS C/30ML","","Excento de ","$21.22 ","$40.00 ","$40.00 "
"LOEXO","Ambroxol Sol 300mg/100ml ","","Excento de ","$16.50 ","$33.00 ","$33.00 "
"BROGA","Ambroxol Sol 750mg/100ml ","","Excento de ","$27.03 ","$55.00 ","$55.00 "
"BROSO","Ambroxol SOLUCIÓN 300mg ","","Excento de ","$30.99 ","$60.00 ","$60.00 "
"MUSALT","Ambroxol Suspension ","","Excento de ","$15.30 ","$31.00 ","$31.00 "
"FLUDEX","Ambroxol TABLETAS 30mg ","","Excento de ","$12.00 ","$24.00 ","$24.00 "
"TORVA ","AMBROXOL/ ","","Excento de ","$20.01 ","$40.00 ","$40.00 "
"BROGA","AMBROXOL/ ","","Excento de ","$30.10 ","$55.00 ","$55.00 "
"SIGRIM","AMBROXOL/ LORATADINA ","","Excento de ","$11.99 ","$25.00 ","$25.00 "
"OXOLVA","Ambroxol/Clembuterol ","","Excento de ","$14.60 ","$28.00 ","$28.00 "
"BROGA","Ambroxol/Clembuterol ","","Excento de ","$31.85 ","$65.00 ","$65.00 "
"AMRX/D","Ambroxol/Dextrometorfano ","","Excento de ","$37.64 ","$55.00 ","$55.00 "
"SUPRAT","Ambroxol/levodropropizina ","","Excento de ","$48.33 ","$104.00 ","$104.00 "
"DIZOLVI","AMBROXOL/LEVODROPRO","","Excento de ","$53.89 ","$110.00 ","$110.00 "
"AMTASI","Ambroxol/Loratadina ","","Excento de ","$27.86 ","$55.00 ","$55.00 "
"CONNE","Ambroxol/Oxeladina 225-","","Excento de ","$43.15 ","$88.00 ","$88.00 "
"CONNE","AMBROXOL/OXELADINA ","","Excento de ","$42.63 ","$80.00 ","$80.00 "
"BROSO","AMBROXOL/SALBUTAMOL ","","Excento de ","$34.99 ","$80.00 ","$80.00 "
"BROXO","Ambroxol/Salbutamol 150/40 ","","Excento de ","$146.00 ","$166.00 ","$166.00 "
"AML","Amlodipino 5mg C/10 tab","","Excento de ","$7.27 ","$22.00 ","$22.00 "
"MALODI","Amlodipino 5mg c/10 tbs ","","Excento de ","$5.35 ","$15.00 ","$15.00 "
"AMLODI","Amlodipino 5mg c/100 tbs ","","Excento de ","$34.53 ","$100.00 ","$100.00 "
"AMLODI","Amlodipino 5mg c/30 tabs ","","Excento de ","$11.42 ","$45.00 ","$45.00 "
"AMLODI ","AMLODIPINO TABLETAS ","","Excento de ","$11.16 ","$25.00 ","$25.00 "
"AMLOD","Amlodipino Tbs 5mg c/10 tbs","","Excento de ","$6.50 ","$28.00 ","$28.00 "
"SISTOP","AMLODIPUNO 5MG C/10 ","","Excento de ","$10.40 ","$35.00 ","$35.00 "
"CLAVIP","AMOX/ACIDO ","","Excento de ","$36.20 ","$76.00 ","$76.00 "
"CLAMO","Amoxiciclina/ acido ","","Excento de ","$30.70 ","$65.00 ","$65.00 "
"VALCLA","AMOXICILIINA/ACIDO C ","","Excento de ","$19.68 ","$65.00 ","$65.00 "
"DIMOPE","Amoxicilina 250mg/5ml ","","Excento de ","$25.99 ","$52.00 ","$52.00 "
"AMOX/A","Amoxicilina 400mg/5ml ","","Excento de ","$38.96 ","$80.00 ","$80.00 "
"PENTIC","Amoxicilina 500mg c/12 ","","Excento de ","$22.05 ","$42.00 ","$42.00 "
"ORMOC","Amoxicilina 500mg c/20 caps","","Excento de ","$41.00 ","$75.00 ","$75.00 "
"GIMALXI","AMOXICILINA 50MG C/12 ","","Excento de ","$21.94 ","$50.00 ","$50.00 "
"CLAVIP","AMOXICILINA/ACIDO ","","Excento de ","$39.08 ","$80.00 ","$80.00 "
"VALCLA","Amoxicilina/Acido Clavulanico ","","Excento de ","$57.84 ","$116.00 ","$116.00 "
"VALCLA","Amoxicilina/acido clavulanico ","","Excento de ","$58.50 ","$160.00 ","$160.00 "
"AMOX/A","Amoxicilina/Acido Clavulanico ","","Excento de ","$62.75 ","$100.00 ","$100.00 "
"VALCLA","Amoxicilina/Acido Clavulanico ","","Excento de ","$56.88 ","$130.00 ","$130.00 "
"VALCAN  ","Amoxicilina/Acido clavulanico ","","Excento de ","$35.27 ","$75.00 ","$75.00 "
"VALCLA","Amoxicilina500mg/Acido ","","Excento de ","$44.24 ","$86.00 ","$86.00 "
"AMPAMI","AMPAMIL JARABE 60ML","","Excento de ","$28.60 ","$58.00 ","$58.00 "
"AMPICIL","Ampicilina 1g c/10 Tbs AMSA","","Excento de ","$25.91 ","$55.00 ","$55.00 "
"MEXAPI","Ampicilina 1G WAND","","Excento de ","$24.20 ","$48.00 ","$48.00 "
"MEXAPI","Ampicilina 250mg/5l Susp ","","Excento de ","$16.30 ","$34.00 ","$34.00 "
"MEXAPI","Ampicilina 500mg c/20 Caps","","Excento de ","$29.61 ","$70.00 ","$70.00 "
"PENTIV","Ampicilina 50mg susp 60ml","","Excento de ","$18.20 ","$40.00 ","$40.00 "
"ANDANT","ANDANTOL JALEA 0.75","","Excento de ","$162.50 ","$205.00 ","$205.00 "
"ANDANT","ANDANTOL JALEA 0.75","","Excento de ","$212.46 ","$265.00 ","$265.00 "
"ANIMALI","Animalin Hierro 240ml","","Excento de ","$27.30 ","$55.00 ","$55.00 "
"LISTER ","Antisep lister Total-Care ","","Excento de ","$59.70 ","$85.00 ","$85.00 "
"COTON","Aplicadores c/100 COTTONI ","","Excento de ","$19.07 ","$24.00 ","$24.00 "
"EQUATE ","AQUATE ALMOHADILLAS ","","Excento de ","$22.50 ","$28.00 ","$28.00 "
"EXALVE","aracetamol/Fenilefrina/Dextro","","Excento de ","$19.68 ","$40.00 ","$40.00 "
"ARLUY-","Arluy-duo ","","Excento de ","$560.16 ","$700.00 ","$700.00 "
"ARNICA ","ARNICA DE UNTAR ","","Excento de ","$6.67 ","$15.00 ","$15.00 "
"ARN","Arnica Globulos  c/150 gl ","","Excento de ","$39.09 ","$65.00 ","$65.00 "
"ARNICA ","Arnica Montana Nartex30g","","Excento de ","$52.57 ","$112.00 ","$112.00 "
"ARTRO ","ARTYROBEN SPRAY CON ","","Excento de ","$31.88 ","$67.00 ","$67.00 "
"ASA 100","Asa 100 Acido Acetilsalicilico ","","Excento de ","$50.50 ","$78.00 ","$78.00 "
"ASEPXI","ASEPXIA BICARBINATO DE ","","Excento de ","$64.94 ","$84.00 ","$84.00 "
"ASEPX ","Asepxia Bige Claro Mate 10g","","Excento de ","$85.00 ","$100.00 ","$100.00 "
"asepxia ","ASEPXIA CARBON ","","Excento de ","$64.94 ","$84.00 ","$84.00 "
"ASEPX ","Asepxia Farma Azufre 100g","","Excento de ","$36.12 ","$52.00 ","$52.00 "
"ASEP ","Asepxia Maquillaje polvo ","","Excento de ","$77.00 ","$95.00 ","$95.00 "
"ASP 500 ","Aspirina 500mg c/10 tab","","Excento de ","$13.44 ","$17.00 ","$17.00 "
"ASPIRIN","Aspirina Efervecente 500mg ","","Excento de ","$3.50 ","$6.00 ","$6.00 "
"ASP","ASPIRINA PROTEC C/28 ","","Excento de ","$143.49 ","$179.00 ","$179.00 "
"ASPIRI","ASPIRINA TABLETAS ","","Excento de ","$41.75 ","$46.00 ","$46.00 "
"ASPIRIN","Aspirina TABLETAS 500mg ","","Excento de ","$28.60 ","$34.00 ","$34.00 "
"BIOFILE","Atenolol Tbs 50mg","","Excento de ","$50.69 ","$97.00 ","$97.00 "
"ODIVITO","ATORVASTATINA 10 MG ","","Excento de ","$30.87 ","$57.00 ","$57.00 "
"ATORLI","ATORVASTATINA 10 MG ","","Excento de ","$24.82 ","$50.00 ","$50.00 "
"ATORVA","Atorvastatina 10mg c/20tbs","","Excento de ","$28.63 ","$76.00 ","$76.00 "
"BACAT ","ATORVASTATINA 20 MG ","","Excento de ","$56.00 ","$120.00 ","$120.00 "
"ACTRO","Atorvastatina 20mg c/10","","Excento de ","$17.95 ","$60.00 ","$60.00 "
"ATORLI","ATORVASTATINA 20MG ","","Excento de ","$30.00 ","$60.00 ","$60.00 "
"ODIV","Atorvastatina 20mg c/10 tab","","Excento de ","$34.18 ","$60.00 ","$60.00 "
"BACAT","Atorvastatina 20mg c/10 tbs","","Excento de ","$19.98 ","$52.00 ","$52.00 "
"ATORVA","Atorvastatina 20mg c/10 tbs ","","Excento de ","$21.00 ","$50.00 ","$50.00 "
"ATORVA","Atorvastatina 20mg c/10tbs","","Excento de ","$19.50 ","$62.00 ","$62.00 "
"DYLAXY","Atorvastatina 20mg c/20","","Excento de ","$24.20 ","$54.00 ","$54.00 "
"ATORVA","Atorvastatina 20mg c/30 tbs ","","Excento de ","$65.69 ","$130.00 ","$130.00 "
"ATORLI","ATORVASTATINA 40MG ","","Excento de ","$45.22 ","$108.00 ","$108.00 "
"ATORVA","Atorvastatina 40mg c/10 tbs ","","Excento de ","$35.00 ","$80.00 ","$80.00 "
"ATOR ","Atorvastatina 40mg c/10tab","","Excento de ","$30.33 ","$92.00 ","$92.00 "
"DESOD ","Axe -2012-","","Excento de ","$40.50 ","$48.00 ","$48.00 "
"AXE ","Axe Collision +25ml","","Excento de ","$32.50 ","$45.00 ","$45.00 "
"AXE ","Axe Dark +25ml","","Excento de ","$32.50 ","$46.00 ","$46.00 "
"AXE 48H ","AXE EPIC FRESH 150ML","","Excento de ","$59.47 ","$75.00 ","$75.00 "
"AXE ","AXE EXCIT DESODORANTE ","","Excento de ","$35.00 ","$45.00 ","$45.00 "
"AXE ","AXE FUSION 48H C/45G","","Excento de ","$54.63 ","$76.00 ","$76.00 "
"AXE ","AXE FUSION ","","Excento de ","$35.00 ","$45.00 ","$45.00 "
"AXE ","AXE GOLD AEROSOL ","","Excento de ","$30.00 ","$35.00 ","$35.00 "
"AXE GT ","Axe Gold Temp +25ml","","Excento de ","$32.50 ","$46.00 ","$46.00 "
"AXE IN","AXE INTENSE 48H C/45G","","Excento de ","$44.00 ","$62.00 ","$62.00 "
"AKE ","Axe Kilo +25ml grt","","Excento de ","$32.50 ","$46.00 ","$46.00 "
"AXE ","Axe Mar+in +25ml","","Excento de ","$32.50 ","$46.00 ","$46.00 "
"DESOD","AXECOLLISIONDESODORA","","Excento de ","$68.00 ","$90.00 ","$90.00 "
"AZITRO","Azitromicina 200mg/5ml Susp ","","Excento de ","$74.25 ","$150.00 ","$150.00 "
"CRAZTR","Azitromicina 500mg c/4 tbs","","Excento de ","$30.75 ","$80.00 ","$80.00 "
"BEBYTO ","BABERO CHICO VINIL ","","Excento de ","$15.00 ","$25.00 ","$25.00 "
"CHAPST","Balsamo Labial Fresa","","Excento de ","$42.20 ","$52.00 ","$52.00 "
"SIPS C/8","Bandas de limpieza carbón ","","Excento de ","$41.04 ","$70.00 ","$70.00 "
"SUADE","Baño coloide POLVO ph 5.75 ","","Excento de ","$34.69 ","$65.00 ","$65.00 "
"BAÑO ","Baño Coloide Riban Polvo p/ ","","Excento de ","$24.74 ","$70.00 ","$70.00 "
"BATITA","BATITA SIN MANGAS VINIL","","Excento de ","$39.00 ","$55.00 ","$55.00 "
"BAUMA","BAUMANÓMETRO MOD HL.","","Excento de ","$551.29 ","$720.00 ","$720.00 "
"BIOBEN","Bencidamida Sol 0.15g/100ml ","","Excento de ","$26.00 ","$51.00 ","$51.00 "
"BIOBEN","Bencidamida Sol 0.15g/100ml ","","Excento de ","$43.30 ","$85.00 ","$85.00 "
"BENIF","Bencidamida Solucion 360ml ","","Excento de ","$51.00 ","$110.00 ","$110.00 "
"ARTRO","Bencidamida Solucion 360ml ","","Excento de ","$63.50 ","$105.00 ","$105.00 "
"BEN ","Bencidamida Spray  c/30 ml ","","Excento de ","$38.40 ","$81.00 ","$81.00 "
"BENCI ","Bencidamina 45mg/30ml 30 ","","Excento de ","$25.41 ","$52.00 ","$52.00 "
"MARACI","BENCIDAMINA SOLUCION ","","Excento de ","$53.37 ","$108.00 ","$108.00 "
"BENCIL ","Bencilpenicilina Benzatinica ","","Excento de ","$21.11 ","$47.00 ","$47.00 "
"BENCID","Bencilpenicilina procainica ","","Excento de ","$12.44 ","$25.00 ","$25.00 "
"BENZAB","Benzafibrato tabletas 200mg","","Excento de ","$10.40 ","$25.00 ","$25.00 "
"BENCID","Benzatinica Bencilpenicilina, ","","Excento de ","$17.68 ","$34.00 ","$34.00 "
"KANKA","Benzocaina 20% 9.7ml","","Excento de ","$189.80 ","$228.00 ","$228.00 "
"PROGE","BENZONATATO  ","","Excento de ","$25.55 ","$55.00 ","$55.00 "
"BENZ","Benzonatato 10mg c/20 caps","","Excento de ","$24.75 ","$38.00 ","$38.00 "
"VELPRO ","Benzonatato capsulas 100mg","","Excento de ","$31.42 ","$60.00 ","$60.00 "
"BITENV","BETAHISTINA TABLETAS ","","Excento de ","$67.00 ","$145.00 ","$145.00 "
"DERMO","Betameasona CREMA 0.10g ","","Excento de ","$87.71 ","$165.00 ","$165.00 "
"SONBLE","Betametasona 0.100g v/40g","","Excento de ","$42.00 ","$90.00 ","$90.00 "
"BETAM","Betametasona crema c/30 g","","Excento de ","$79.89 ","$130.00 ","$130.00 "
"ERIS ","Betametasona Sol. Iny ","","Excento de ","$30.24 ","$65.00 ","$65.00 "
"QUDER","Betametasona/Clotrimazol/G","","Excento de ","$24.08 ","$49.00 ","$49.00 "
"GELMICI","Betametasona/Gentamicina/","","Excento de ","$19.60 ","$42.00 ","$42.00 "
"CELESB","Betanetasona iny.8mg/2ml","","Excento de ","$20.15 ","$40.00 ","$40.00 "
"FIBROX","Bezafibarto TABLETAS ","","Excento de ","$23.40 ","$45.00 ","$45.00 "
"FIBROX","Bezafibrato ","","Excento de ","$16.90 ","$40.00 ","$40.00 "
"NIBEZV","Bezafibrato 200 mg c/30 tbs","","Excento de ","$26.17 ","$55.00 ","$55.00 "
"BIONO","Bezafibrato 200mg c/30 tab","","Excento de ","$23.14 ","$47.00 ","$47.00 "
"BIFARE","Bezafibrato 200mg c/30 tab ","","Excento de ","$27.03 ","$55.00 ","$55.00 "
"BRUFIZ","Bezafibrato 200mg c/30 tab ","","Excento de ","$21.40 ","$48.00 ","$48.00 "
"REDAL","Bezafibrato 200mg c/30 tab ","","Excento de ","$28.35 ","$56.00 ","$56.00 "
"BEZAFI","Bezafibrato 200mg c/30 tbs B","","Excento de ","$26.81 ","$50.00 ","$50.00 "
"BEZAFI","BEZAFIBRATO 200MG ","","Excento de ","$20.09 ","$40.00 ","$40.00 "
"BEZAFI","BEZAFIBRATO TABLETAS ","","Excento de ","$24.92 ","$50.00 ","$50.00 "
"BEZAFI ","Bezafibrato TABLETAS ","","Excento de ","$62.72 ","$138.00 ","$138.00 "
"BI-O ","Bi-o wom Des ROLLON B ","","Excento de ","$22.70 ","$30.00 ","$30.00 "
"VASO ","Biberon 3 en 1 Evenflo ","","Excento de ","$160.00 ","$200.00 ","$200.00 "
"EVENFL","Biberon Cuello Ancho","","Excento de ","$117.00 ","$139.00 ","$139.00 "
"BIB ","Biberon Cuello Ancho 9Oz ","","Excento de ","$64.00 ","$80.00 ","$80.00 "
"BIB ","Biberon Disney Pooh Cuello ","","Excento de ","$117.00 ","$135.00 ","$135.00 "
"BIBERO","Biberon Dysnep Baby 3-12m","","Excento de ","$64.99 ","$80.00 ","$80.00 "
"EVENFL","BIBERON EVENFLO 4 OZ ","","Excento de ","$44.00 ","$55.00 ","$55.00 "
"EVEN ","Biberon Evenflo 47oz Jirafa","","Excento de ","$14.70 ","$25.00 ","$25.00 "
"EVENFL","Biberon EVENFLO 4oz 0-3m","","Excento de ","$34.00 ","$44.00 ","$44.00 "
"EVENFL ","BIBERON EVENFLO 8 OZ  ","","Excento de ","$16.32 ","$26.00 ","$26.00 "
"BIBERO","BIberon Evenflo 8oz ","","Excento de ","$45.00 ","$60.00 ","$60.00 "
"EVENFL","Biberon evenflo 8Oz Ro","","Excento de ","$33.00 ","$40.00 ","$40.00 "
"eveEVE","Biberon Evenflo Amigo   4oz","","Excento de ","$11.90 ","$20.00 ","$20.00 "
"EVENFL","Biberon Evenflo Boquilla g ","","Excento de ","$48.00 ","$60.00 ","$60.00 "
"BIBERO","Biberon nuby 6+m","","Excento de ","$80.00 ","$98.00 ","$98.00 "
"TERNUR","Biberon TERNURA 2 1/2 oz","","Excento de ","$15.00 ","$22.00 ","$22.00 "
"BICALU","BICALUTANIDA TABLETAS ","","Excento de ","$198.86 ","$340.00 ","$340.00 "
"BICARB","BICARBONATO DE SODIO ","","Excento de ","$8.20 ","$15.00 ","$15.00 "
"BICO ","Bicoesterol Eucalipto C/16 ","","Excento de ","$28.80 ","$36.00 ","$36.00 "
"BICO ","Bicoestol CEREZA C/16 Past","","Excento de ","$28.80 ","$36.00 ","$36.00 "
"BICO ","Bicoestol LIMON c/16 past","","Excento de ","$28.80 ","$36.00 ","$36.00 "
"BICO ","Bicoestol NARANJA c/16 ","","Excento de ","$28.80 ","$36.00 ","$36.00 "
"BIO-","Bio-colageno POLVO sabor ","","Excento de ","$92.25 ","$165.00 ","$165.00 "
"BIOCOR","Biocord Susp Ingerible 5 Amp ","","Excento de ","$110.39 ","$220.00 ","$220.00 "
"BIOGAIA ","BioGaia protectis 5ml","","Excento de ","$378.50 ","$420.00 ","$420.00 "
"BIXILINA ","Bioxilina CREMA 35g Medica ","","Excento de ","$30.62 ","$66.00 ","$66.00 "
"BIPERID","Biperideno 2mg 50tbs","","Excento de ","$58.66 ","$150.00 ","$150.00 "
"BIPERID","Biperideno 2mg c/30tbs","","Excento de ","$55.69 ","$110.00 ","$110.00 "
"BOLS ","BOLSA RECOLECTORA DE ","","Excento de ","$19.00 ","$50.00 ","$50.00 "
"BOLSA ","BOLSA RECOLECTORA DE ","","Excento de ","$39.41 ","$55.00 ","$55.00 "
"BOLS ","BOLSA RECOLECTORA DE ","","Excento de ","$4.30 ","$10.00 ","$10.00 "
"BOLS ","BOLSA RECOLECTORA DE ","","Excento de ","$4.30 ","$10.00 ","$10.00 "
"UREOPL","BOLSA RECOLECTORA DE ","","Excento de ","$56.00 ","$85.00 ","$85.00 "
"ESPONJ","BORLA PARA BAÑO ","","Excento de ","$20.00 ","$28.00 ","$28.00 "
"BOTIQUI","BOTIQUIN JALOMA","","Excento de ","$125.00 ","$170.00 ","$170.00 "
"BREGA","BREGAMIN SOLUCION ","","Excento de ","$17.42 ","$35.00 ","$35.00 "
"BRILLA","BRILLANTINA PALMOLIVE    ","","Excento de ","$12.10 ","$22.00 ","$22.00 "
"BRILLA ","BRILLANTINA PALMOLIVE ","","Excento de ","$24.00 ","$38.00 ","$38.00 "
"BROCH","BROCHES PARA VENDAS ","","Excento de ","$0.90 ","$2.00 ","$2.00 "
"BROMex","Bromexina 160mg/ml Sol ","","Excento de ","$20.00 ","$43.00 ","$43.00 "
"NORMO","Bromhexina 160mg sol 100ml","","Excento de ","$20.00 ","$42.00 ","$42.00 "
"BROM ","Bromhexina Inf 80mg/100ml ","","Excento de ","$18.85 ","$40.00 ","$40.00 "
"NORMO","Bromhexina jarabe infantil","","Excento de ","$20.10 ","$40.00 ","$40.00 "
"BROM","Bromuro de Ipratropio ","","Excento de ","$86.05 ","$250.00 ","$250.00 "
"IPRAS","Bromuro de Ipratropio/ ","","Excento de ","$93.23 ","$200.00 ","$200.00 "
"BROMU","BROMURO DE PINAVERIO ","","Excento de ","$18.24 ","$70.00 ","$70.00 "
"BROM ","Bromuro de pinaverio 100mg ","","Excento de ","$31.51 ","$62.00 ","$62.00 "
"BRIOMO","Bromuro de Pinaverio 100mg ","","Excento de ","$28.46 ","$58.00 ","$58.00 "
"PROTAI","Bromuro de Pinaverio ","","Excento de ","$83.45 ","$160.00 ","$160.00 "
"DUALIV","BROMURO DE ","","Excento de ","$159.20 ","$190.00 ","$190.00 "
"LONVIT","Bromuro ","","Excento de ","$100.79 ","$220.00 ","$220.00 "
"BRONC","Broncho Vaxom ","","Excento de ","$782.12 ","$978.00 ","$978.00 "
"BR ","BRONCO FRESH MIEL ","","Excento de ","$7.90 ","$13.00 ","$13.00 "
"FRESH ","BRONCO FRESH MIEL ","","Excento de ","$7.90 ","$13.00 ","$13.00 "
"BRO ","BRONCO FRESH MIEL ","","Excento de ","$7.90 ","$13.00 ","$13.00 "
"FRESH","BRONCO FRESH MIEL Y ","","Excento de ","$7.90 ","$13.00 ","$13.00 "
"BRONC","Broncolin Etiquet Verde ","","Excento de ","$83.90 ","$120.00 ","$120.00 "
"BRONC","Broncolin Etiquet vERDE ","","Excento de ","$64.70 ","$88.00 ","$88.00 "
"BRONC","Broncolin Etiqueta Azul ","","Excento de ","$57.00 ","$85.00 ","$85.00 "
"BRONC","BRONCOLIN/ CARAMELO ","","Excento de ","$0.79 ","$1.50 ","$1.50 "
"BRONKI","Bronki Tose Sin Azucar  ","","Excento de ","$65.77 ","$142.00 ","$142.00 "
"PARACE","BRUNADOL","","Excento de ","$46.62 ","$107.00 ","$107.00 "
"BUBBAL","BUBBALO0 FRESA","","Excento de ","$0.94 ","$2.00 ","$2.00 "
"BUDES","Budesonida P/Nbeuluzacion ","","Excento de ","$148.22 ","$299.00 ","$299.00 "
"DANKIA","Budesonida p/nebulzacion ","","Excento de ","$87.53 ","$180.00 ","$180.00 "
"DANKIA","Budesonida SUSPENCION ","","Excento de ","$108.00 ","$220.00 ","$220.00 "
"BUDEN","Budesonida Suspension ","","Excento de ","$134.31 ","$265.00 ","$265.00 "
"BUDEN","Budesonida Suspension ","","Excento de ","$160.09 ","$315.00 ","$315.00 "
"BUSCAP","Buscapina Butilhioscina ","","Excento de ","$78.50 ","$105.00 ","$105.00 "
"BUSCAP ","Buscapina Butilhioscina ","","Excento de ","$43.00 ","$90.00 ","$90.00 "
"BUSCAP","Buscapina Duo TABLETAS ","","Excento de ","$196.70 ","$245.00 ","$245.00 "
"BUSCAP","Buscapina Fem c/10 tbs","","Excento de ","$124.25 ","$160.00 ","$160.00 "
"BUSCAP","Buscapina INYECTABLE ","","Excento de ","$70.00 ","$180.00 ","$180.00 "
"BUTILHI","Butilhioscina 10 mg c/10 ","","Excento de ","$19.30 ","$42.00 ","$42.00 "
"BUTIRA","BUTILHIOSCINA ","","Excento de ","$39.07 ","$75.00 ","$75.00 "
"BIOM C","Butilhioscina/Metamizol ","","Excento de ","$33.15 ","$72.00 ","$72.00 "
"BYE ","BYE BITES CREMA ","","Excento de ","$44.00 ","$65.00 ","$65.00 "
"BYE ","BYE BITES REEPELENTE ","","Excento de ","$61.74 ","$95.00 ","$95.00 "
"C-KIDS","C- KIDS VITAMINA C ","","Excento de ","$46.19 ","$98.00 ","$98.00 "
"C-VYM  ","C-VYM SOBRES C/10  ","","Excento de ","$83.26 ","$150.00 ","$150.00 "
"CABER","CABERGOLINA 0.5MG C/2 ","","Excento de ","$106.34 ","$245.00 ","$245.00 "
"CABER","CABERGOLINA 0.5MG C/2 ","","Excento de ","$85.13 ","$180.00 ","$180.00 "
"CABER","Cabergolina 0.5mg c/2 tbs","","Excento de ","$103.05 ","$220.00 ","$220.00 "
"PROGO","Cabergolina 0.5mg c/2 tbs FH","","Excento de ","$122.06 ","$250.00 ","$250.00 "
"CABES ","CABESTRILLO ADULTO ","","Excento de ","$54.71 ","$80.00 ","$80.00 "
"CABES ","CABESTRILLO ADULTO ","","Excento de ","$49.00 ","$70.00 ","$70.00 "
"CABEST","Cabestrillo Beige  Grande","","Excento de ","$50.16 ","$90.00 ","$90.00 "
"CABEST","Cabestrillo Beige Mediano","","Excento de ","$50.16 ","$90.00 ","$90.00 "
"CABEST","Cabestrillo Chico anatomico","","Excento de ","$56.89 ","$80.00 ","$80.00 "
"CABEST","CABESTRILLO CON ","","Excento de ","$54.71 ","$80.00 ","$80.00 "
"CABES ","CABESTRILLO INFANTIL ","","Excento de ","$49.00 ","$70.00 ","$70.00 "
"CABEST","CABESTRILLO INFANTIL ","","Excento de ","$54.71 ","$78.00 ","$78.00 "
"CABES ","CABESTRILLO INFANTIL ","","Excento de ","$49.00 ","$70.00 ","$70.00 "
"CABES ","CABESTRILLO INFANTIL ","","Excento de ","$58.00 ","$90.00 ","$90.00 "
"CABEST","Cabestrillo Mediano ","","Excento de ","$43.85 ","$75.00 ","$75.00 "
"CAFI ","CafiAspirina 500mg/30mg ","","Excento de ","$56.00 ","$65.00 ","$65.00 "
"CAJA ","Caja Guante Chico","","Excento de ","$143.00 ","$200.00 ","$200.00 "
"CAJA ","Caja Guantes Mediano c/100 ","","Excento de ","$290.00 ","$345.00 ","$345.00 "
"CALADR","Calamina CALADRYL ","","Excento de ","$149.36 ","$187.00 ","$187.00 "
"CALAZI","Calazin (Calamina) ","","Excento de ","$33.95 ","$73.00 ","$73.00 "
"CALAZI","CALAZIN/ CALAMINA ","","Excento de ","$17.49 ","$45.00 ","$45.00 "
"ERCATR","Calcitriol 0.25 CAPSULAS ","","Excento de ","$46.49 ","$95.00 ","$95.00 "
"CALTRA","Caltrate 600+D c/60 caps","","Excento de ","$238.56 ","$300.00 ","$300.00 "
"CALTRA","CALTRATE 600+D C/60 TBS","","Excento de ","$160.00 ","$200.00 ","$200.00 "
"CALTRO","Caltron(calcio, magnecio)","","Excento de ","$80.47 ","$110.00 ","$110.00 "
"CAMPO ","Campo Quirurgico de Tela ","","Excento de ","$16.74 ","$33.00 ","$33.00 "
"CABEST","CANBESTRILLO MEDIPAR ","","Excento de ","$76.00 ","$120.00 ","$120.00 "
"CANDIP","Candiphen ovilos ","","Excento de ","$99.85 ","$175.00 ","$175.00 "
"CANEL","Canel´s Chicles c/4 ","","Excento de ","$0.40 ","$1.00 ","$1.00 "
"CANES ","CANESTEN V crema 2%","","Excento de ","$140.00 ","$175.00 ","$175.00 "
"CANEST ","CANESTEN V OVULOS 3 ","","Excento de ","$152.50 ","$183.00 ","$183.00 "
"CANULA ","Canula nasal Adulto ","","Excento de ","$20.63 ","$40.00 ","$40.00 "
"CANULA ","CANULA NASAL C/SONDA ","","Excento de ","$20.00 ","$40.00 ","$40.00 "
"OXIDAR","CANULA NASAL DE ","","Excento de ","$26.00 ","$35.00 ","$35.00 "
"CANULA ","CÁNULA NASAL ","","Excento de ","$15.19 ","$35.00 ","$35.00 "
"CANULA ","CÁNULA NASAL ","","Excento de ","$14.80 ","$35.00 ","$35.00 "
"CANULA ","CANULA NASAL ","","Excento de ","$20.00 ","$40.00 ","$40.00 "
"CAPRIC","CAPRICE ALGAS C/316ML","","Excento de ","$33.20 ","$47.00 ","$47.00 "
"CAPRIC","CAPRICE GRANADA ","","Excento de ","$41.40 ","$52.00 ","$52.00 "
"CAPRIC","CAPRICE KIWI LAVANDA ","","Excento de ","$30.00 ","$42.00 ","$42.00 "
"CAPRIC","CAPRICE SPRAY ","","Excento de ","$41.20 ","$53.00 ","$53.00 "
"CAPRIC","CAPRICE SPRAY ","","Excento de ","$33.20 ","$47.00 ","$47.00 "
"CAPSIF","Capsiflu total capsulas","","Excento de ","$37.06 ","$60.00 ","$60.00 "
"BRUCA","Captopril 25mg  c/30 tabletas ","","Excento de ","$6.81 ","$20.00 ","$20.00 "
"NOVA","Captopril 25mg c/30 tab ","","Excento de ","$7.32 ","$25.00 ","$25.00 "
"CAPTOP","CAPTOPRIL 25MG C/30 ","","Excento de ","$8.31 ","$30.00 ","$30.00 "
"CAPTO","Captopril-Hidroclorotiazida 50 ","","Excento de ","$42.96 ","$73.00 ","$73.00 "
"API-","Caramelo de miel/propoleo y ","","Excento de ","$13.00 ","$20.00 ","$20.00 "
"CARAM","CARAMELOS PROPOLEO Y ","","Excento de ","$10.00 ","$16.00 ","$16.00 "
"CARBAA","Carbamazepina 200mg  c/20 ","","Excento de ","$21.64 ","$44.00 ","$44.00 "
"CARP","Carbamazepina 200mg c/20 ","","Excento de ","$17.22 ","$35.00 ","$35.00 "
"cCARBA","CARBAMAZEPINA 200MG ","","Excento de ","$20.20 ","$45.00 ","$45.00 "
"SOLPRE","Carbamazepina c/20","","Excento de ","$33.50 ","$72.00 ","$72.00 "
"CARP ","Carbamazepina Suspension ","","Excento de ","$28.08 ","$57.00 ","$57.00 "
"BIONEU","Carbamazepina ","","Excento de ","$27.88 ","$50.00 ","$50.00 "
"CARBA","CARBAMAZEPINA ","","Excento de ","$57.21 ","$125.00 ","$125.00 "
"CARBAL","Carbamazepina tabletas ","","Excento de ","$16.20 ","$35.00 ","$35.00 "
"car4bon ","CARBON DETOX PARCHEZ ","","Excento de ","$52.00 ","$65.00 ","$65.00 "
"Carboant","Carbonato de Magnesio ","","Excento de ","$33.00 ","$43.00 ","$43.00 "
"CARETA ","Careta infantil Animalitos","","Excento de ","$8.00 ","$20.00 ","$20.00 "
"FACESH","Careta protectora c/1pza","","Excento de ","$45.00 ","$65.00 ","$65.00 "
"CARETA","CARETAS/LENTES C/1 PZA","","Excento de ","$7.00 ","$20.00 ","$20.00 "
"PUNZO ","Cateter 22 G azul SUMITEX","","Excento de ","$8.99 ","$18.00 ","$18.00 "
"BIXELO","Cefaclor 500mg c/15 tbs","","Excento de ","$87.01 ","$175.00 ","$175.00 "
"CEFALV","Cefalexina 125g/5ml Susp ","","Excento de ","$27.65 ","$60.00 ","$60.00 "
"BENEVE","Cefixima 400mg c/3 caps","","Excento de ","$100.80 ","$200.00 ","$200.00 "
"BENEVE","Cefixima CÁPSULAS 400mg ","","Excento de ","$154.98 ","$200.00 ","$200.00 "
"CEFOTA","CEFOTAXIMA SOL.","","Excento de ","$24.69 ","$55.00 ","$55.00 "
"XENTRI","Ceftriaxona 1g Sol Inyectable","","Excento de ","$23.65 ","$80.00 ","$80.00 "
"XENTRI","CEFTRIAXONA 500MG ","","Excento de ","$27.07 ","$70.00 ","$70.00 "
"TRIXON","Ceftriaxona iny. 500mg","","Excento de ","$32.55 ","$65.00 ","$65.00 "
"TRAXIC","Ceftriaxona Sol 1g iny c/1","","Excento de ","$33.88 ","$70.00 ","$70.00 "
"CEFTRI ","CEFTRIAXONA SOL. ","","Excento de ","$14.79 ","$48.00 ","$48.00 "
"CEFTRI","CEFTRIAXONA SOL.","","Excento de ","$39.77 ","$90.00 ","$90.00 "
"CELECO","Celecoxib 200mg c/10 caps","","Excento de ","$63.61 ","$180.00 ","$180.00 "
"CELECO ","Celecoxib 200mg c/10 caps ","","Excento de ","$40.06 ","$90.00 ","$90.00 "
"CELECO","CELECOXIB 200MG C/20 ","","Excento de ","$112.00 ","$225.00 ","$225.00 "
"CELECO","Celecoxib 200mg c/30 ","","Excento de ","$103.91 ","$280.00 ","$280.00 "
"CELECO","CELECOXIB C/10 CAPS ","","Excento de ","$69.53 ","$160.00 ","$160.00 "
"CELEST","CELESTONE SOL. ","","Excento de ","$229.70 ","$280.00 ","$280.00 "
"CEPILL","CELILLO GUSANITO C/ ","","Excento de ","$15.00 ","$25.00 ","$25.00 "
"CENTRU","Centrum Gender Hombre ","","Excento de ","$92.75 ","$180.00 ","$180.00 "
"CENTRU","CENTRUM GENDER+50 ","","Excento de ","$300.00 ","$370.00 ","$370.00 "
"CENTRU","CENTRUM KIDS C/30 ","","Excento de ","$165.00 ","$199.00 ","$199.00 "
"CENTRU","Centrum performance ","","Excento de ","$159.50 ","$205.00 ","$205.00 "
"CENTRU","Centrum silver tabletas C/30","","Excento de ","$167.90 ","$210.00 ","$210.00 "
"CENTRU","CENTRUM-BALANCE C/30","","Excento de ","$141.20 ","$177.00 ","$177.00 "
"cepillo ","Cepillo Clinic Adulto/Niño ","","Excento de ","$18.70 ","$28.00 ","$28.00 "
"CEPILL","Cepillo clinic de viaje","","Excento de ","$8.90 ","$20.00 ","$20.00 "
"CLINIC ","Cepillo Clinic Infantil","","Excento de ","$12.49 ","$15.00 ","$15.00 "
"CEP ","CEPILLO CLINIC NEO ","","Excento de ","$8.90 ","$13.00 ","$13.00 "
"CEPILL","Cepillo colgate maxwhite 2x1","","Excento de ","$34.10 ","$39.00 ","$39.00 "
"COLGAT","CEPILLO COLGATE TRIPLE ","","Excento de ","$29.20 ","$40.00 ","$40.00 "
"CEPILLI","Cepillo de Dientes Esmail","","Excento de ","$14.50 ","$20.00 ","$20.00 "
"CEP ","Cepillo Dental Clinic 50","","Excento de ","$5.10 ","$7.50 ","$7.50 "
"CLINC ","Cepillo dental Fusion c/1pza","","Excento de ","$10.96 ","$16.00 ","$16.00 "
"CEPINF","Cepillo Dental Infantil Suave ","","Excento de ","$29.99 ","$38.00 ","$38.00 "
"ORALB ","Cepillo Dental ORAL-B 3D ","","Excento de ","$47.50 ","$55.00 ","$55.00 "
"ORAL-B ","Cepillo Dental ORAL-B ","","Excento de ","$26.00 ","$34.00 ","$34.00 "
"CEPILL","Cepillo dental Ortodontico ","","Excento de ","$21.80 ","$45.00 ","$45.00 "
"CEPILL","Cepillo dental rounder","","Excento de ","$9.58 ","$20.00 ","$20.00 "
"CEPILL","Cepillo flossy adulto","","Excento de ","$6.06 ","$10.00 ","$10.00 "
"FLOSSY","CEPILLO FLOSSY INFANTIL","","Excento de ","$5.49 ","$10.00 ","$10.00 "
"CEPILL","CEPILLO INF DORALDENT","","Excento de ","$12.90 ","$20.00 ","$20.00 "
"CEPILL","CEPILLO INFANTIL ","","Excento de ","$19.00 ","$28.00 ","$28.00 "
"CEPILL","CEPILLO INFANTIL ","","Excento de ","$31.70 ","$46.00 ","$46.00 "
"CEPILL","CEPILLO INFANTIL PAW ","","Excento de ","$13.00 ","$20.00 ","$20.00 "
"CEPILL","CEPILLO MADERA  ","","Excento de ","$22.50 ","$30.00 ","$30.00 "
"CEPILL","CEPILLO MADERA ","","Excento de ","$11.70 ","$18.00 ","$18.00 "
"CEPILL","CEPILLO MASAJEADOR DE ","","Excento de ","$69.00 ","$82.00 ","$82.00 "
"CEPILL","CEPILLO PAW PATROL INF","","Excento de ","$48.74 ","$60.00 ","$60.00 "
"CEPILL","CEPILLO PLUS CLINIC ","","Excento de ","$6.76 ","$12.00 ","$12.00 "
"CEPILL","CEPILLO PRO DOBLE ","","Excento de ","$25.90 ","$32.00 ","$32.00 "
"CLEAN ","CEPILLO QUIRURGICO ","","Excento de ","$26.14 ","$40.00 ","$40.00 "
"CEPILL","CEPILLO SHOPKINS NIÑA ","","Excento de ","$14.72 ","$25.00 ","$25.00 "
"PRO ","Cepillo suave oral  b","","Excento de ","$29.00 ","$35.00 ","$35.00 "
"CEPILL","CEPILLO UNFANTIL GUM ","","Excento de ","$45.00 ","$54.00 ","$54.00 "
"CEPILL","CEPILLO/BARRIL EL ","","Excento de ","$14.72 ","$25.00 ","$25.00 "
"ORAL B ","Cepillos Oral B Duo inf","","Excento de ","$41.50 ","$55.00 ","$55.00 "
"GUM","Cera de Ortodoncia","","Excento de ","$54.75 ","$69.00 ","$69.00 "
"CERTIF","CERTIFICADO MEDICO","","Excento de ","$120.00 ","$120.00 ","$120.00 "
"barraAnti","CETAPHIL barra ","","Excento de ","$105.05 ","$131.00 ","$131.00 "
"CETAPH","CETAPHIL GEL DE BAÑO ","","Excento de ","$322.77 ","$399.00 ","$399.00 "
"CETAPH","Cetaphil Jabon 127g ","","Excento de ","$121.85 ","$165.00 ","$165.00 "
"CETIRIZI","Cetirizina 10mg c/10 tbs ","","Excento de ","$19.71 ","$42.00 ","$42.00 "
"DEGOR","Cetirizina 10mg c/10tbs ","","Excento de ","$45.90 ","$88.00 ","$88.00 "
"DEGOR","Cetirizina SOLUCIÓN 1mg ","","Excento de ","$47.48 ","$80.00 ","$80.00 "
"TRADAX","Cetirizina TABLETAS 10mg ","","Excento de ","$17.96 ","$40.00 ","$40.00 "
"CHAPST","ChapSrick Classic","","Excento de ","$42.20 ","$52.00 ","$52.00 "
"CHUPO","CHIPON FOSFORESCENTE ","","Excento de ","$34.00 ","$46.00 ","$46.00 "
"CHOCO","CHOCOLATE CONEJO ","","Excento de ","$20.00 ","$22.00 ","$22.00 "
"CHOCO","CHOCOLATE CONEJO ","","Excento de ","$25.00 ","$35.00 ","$35.00 "
"CHUPO","CHUPON ARO ","","Excento de ","$27.00 ","$36.00 ","$36.00 "
"CHUPO","CHUPON BALON/FLOR ","","Excento de ","$28.00 ","$45.00 ","$45.00 "
"INFANTI","Chupon Inf 0+m","","Excento de ","$23.00 ","$28.00 ","$28.00 "
"CHUPO","CHUPON MIEL TERNURA ","","Excento de ","$27.00 ","$45.00 ","$45.00 "
"CHUPO","Chupon para Cepillo GUM ","","Excento de ","$19.80 ","$25.00 ","$25.00 "
"MAMILA ","CHUPON PARA MAMILA C/3 ","","Excento de ","$20.00 ","$28.00 ","$28.00 "
"NUBY ","Chupon suave NUBY 0+m","","Excento de ","$50.00 ","$60.00 ","$60.00 "
"EVENFL","Chupones Evenflo 8m+ c/4","","Excento de ","$47.00 ","$60.00 ","$60.00 "
"CHUPO","Chupones Fosforecentes miel ","","Excento de ","$24.00 ","$30.00 ","$30.00 "
"CHUP ","chupones Pollito c/5","","Excento de ","$37.00 ","$52.00 ","$52.00 "
"DICLOVI","Cianocobalamina-Piridoxina-","","Excento de ","$46.59 ","$100.00 ","$100.00 "
"CICATRI","Cicatricure Anti-Estrias ","","Excento de ","$102.94 ","$130.00 ","$130.00 "
"CICATRI","Cicatricure Gel c/30g","","Excento de ","$287.63 ","$322.00 ","$322.00 "
"CICLOF ","Cicloferon cma XTRM ","","Excento de ","$72.47 ","$90.00 ","$90.00 "
"CICLOF","Cicloferon xtrm color piel","","Excento de ","$67.00 ","$85.00 ","$85.00 "
"CINA","Cinarizina  75mg c/60 tab ","","Excento de ","$35.82 ","$67.00 ","$67.00 "
"VENOX","Cinarizina 75 mg c/60 tab ","","Excento de ","$33.00 ","$60.00 ","$60.00 "
"CINARIZ","CINARIZINA 75MG BE-","","Excento de ","$32.84 ","$65.00 ","$65.00 "
"WINPAR","Cinarizina 75mg c/30 tbs ","","Excento de ","$34.67 ","$70.00 ","$70.00 "
"CINARIZ","Cinarizina 75mg c/60 Tbs ","","Excento de ","$32.66 ","$67.00 ","$67.00 "
"MEVER","CINARIZINA 75MG ","","Excento de ","$35.74 ","$80.00 ","$80.00 "
"CYSLEV","Cinarizina 75mg tabletas c/60 ","","Excento de ","$36.81 ","$78.00 ","$78.00 "
"CINARIZ","Cinarizina AVIVIA 75mg c/60 ","","Excento de ","$32.84 ","$67.00 ","$67.00 "
"OBLANT","CINARIZINA TABLETAS 75 ","","Excento de ","$32.29 ","$67.00 ","$67.00 "
"CINARIZ ","Cinarizina TABLETAS 75mg ","","Excento de ","$34.91 ","$69.00 ","$69.00 "
"CINITAP","Cinitaprida 1mg c/25 Comp ","","Excento de ","$28.44 ","$60.00 ","$60.00 "
"CINITAP","Cinitaprida TABLETAS 1mg ","","Excento de ","$29.21 ","$90.00 ","$90.00 "
"MICROP","CINTA MICROPORE 1.25 ","","Excento de ","$12.00 ","$18.00 ","$18.00 "
"ALFA ","Cinta microporosa 1.25x10","","Excento de ","$2.12 ","$15.00 ","$15.00 "
"VIBRAXI","Ciprofibrato CAPSULAS ","","Excento de ","$112.79 ","$230.00 ","$230.00 "
"PHEND","Ciprofloxacicon/Hidrocortison","","Excento de ","$36.21 ","$78.00 ","$78.00 "
"CIPRAIN ","Ciprofloxacino 250mg c/10tbs","","Excento de ","$23.90 ","$40.00 ","$40.00 "
"Z-XIN 8","Ciprofloxacino 250mg c/8 tbs","","Excento de ","$12.31 ","$26.00 ","$26.00 "
"KENZOF","Ciprofloxacino 500mg 12tbs","","Excento de ","$23.15 ","$50.00 ","$50.00 "
"CIPRAIN","Ciprofloxacino 500mg c/10 ","","Excento de ","$18.63 ","$39.00 ","$39.00 "
"CIPRO ","CIPROFLOXACINO 500MG ","","Excento de ","$46.80 ","$95.00 ","$95.00 "
"CIPROF","Ciprofloxacino 500mg c/14 ","","Excento de ","$27.08 ","$65.00 ","$65.00 "
"PROXAF","CIPROFLOXACINO 750 MG ","","Excento de ","$61.85 ","$120.00 ","$120.00 "
"EUFLOX","CIPROFLOXACINO ","","Excento de ","$29.54 ","$65.00 ","$65.00 "
"CIPROF","Ciprofloxacino/dexametasona ","","Excento de ","$48.62 ","$90.00 ","$90.00 "
"CIRUEL","CIRUELAX 145 MG C/24 ","","Excento de ","$100.02 ","$125.00 ","$125.00 "
"PRESIS","Cisaprida 10 mg c/30 tbs","","Excento de ","$35.88 ","$78.00 ","$78.00 "
"NODRIX ","Cisaprida 10mg c/30tbs","","Excento de ","$22.16 ","$48.00 ","$48.00 "
"PRESISI","Cisaprida 5mg c/30 tbs","","Excento de ","$22.60 ","$40.00 ","$40.00 "
"NODRIX ","Cisaprida 5mg c/30tbs","","Excento de ","$17.56 ","$40.00 ","$40.00 "
"CISAPRI","Cisaprida TABLETAS 5mg ","","Excento de ","$40.33 ","$86.00 ","$86.00 "
"ZUROLI","CITRATO DE ","","Excento de ","$63.63 ","$137.00 ","$137.00 "
"KLARIX ","Claritromicina 125mg/5ml ","","Excento de ","$51.03 ","$140.00 ","$140.00 "
"DOYCU","Claritromicina 500mg c/10 ","","Excento de ","$59.55 ","$120.00 ","$120.00 "
"CLARIT","CLARITROMICINA ","","Excento de ","$67.20 ","$132.00 ","$132.00 "
"CLINDA","Clindamicina 600mg/4ml c/1 ","","Excento de ","$15.48 ","$42.00 ","$42.00 "
"CLINDA ","Clindamicina 600mg/4ml c/1 ","","Excento de ","$19.51 ","$45.00 ","$45.00 "
"MAVIFE","Clindamicina/ketoconazol","","Excento de ","$64.25 ","$130.00 ","$130.00 "
"LASALA","Clioquinol 3% c/2g","","Excento de ","$10.01 ","$28.00 ","$28.00 "
"CLOQU","CLIOQUINOL CREMA  3% ","","Excento de ","$11.55 ","$22.00 ","$22.00 "
"CORTIF","Clioquinol CREMA 30g ","","Excento de ","$31.87 ","$64.00 ","$64.00 "
"CLINDA","Clndamicina 300mg c/16 cps  ","","Excento de ","$31.77 ","$85.00 ","$85.00 "
"LONIXE","Clonixinato de Lisina 250mg ","","Excento de ","$36.69 ","$79.00 ","$79.00 "
"PRESTO","Clonixinato de Lisina 250mg ","","Excento de ","$37.06 ","$70.00 ","$70.00 "
"DOLTRI","CLONIXINATO DE LISINA/ ","","Excento de ","$72.32 ","$150.00 ","$150.00 "
"PRESTO","CLONIXINATO DE LISINA/ ","","Excento de ","$46.80 ","$90.00 ","$90.00 "
"DOL INY","Clonixinato de lisina/Hioscina ","","Excento de ","$64.50 ","$135.00 ","$135.00 "
"CLOPID","Clopidigrel TABLETAS 75mg ","","Excento de ","$46.63 ","$95.00 ","$95.00 "
"CIDORI","Clopidogrel 75mg c/28 tbs","","Excento de ","$39.26 ","$80.00 ","$80.00 "
"CLOPID","Clopidogrel c/n 14 tabletas","","Excento de ","$35.10 ","$70.00 ","$70.00 "
"CIDORI","Clopidogrel TABLETAS 75mg ","","Excento de ","$22.00 ","$48.00 ","$48.00 "
"LEBROC","Cloranfenicol CÁPSULAS ","","Excento de ","$20.00 ","$45.00 ","$45.00 "
"CLOR ","CLORANFENICOL GOTAS ","","Excento de ","$25.94 ","$50.00 ","$50.00 "
"CLORA","Cloranfenicol Sol 5mg/mL c ","","Excento de ","$18.04 ","$35.00 ","$35.00 "
"CLORA","Cloranfenicol Ungüento c/5g","","Excento de ","$36.50 ","$70.00 ","$70.00 "
"PORAL ","Cloranfenicol/Hidrocortisona ","","Excento de ","$23.00 ","$45.00 ","$45.00 "
"CLORE ","CLORETS 2´S","","Excento de ","$0.80 ","$1.00 ","$1.00 "
"CLOR","CLORETS 4´S","","Excento de ","$0.93 ","$2.00 ","$2.00 "
"DOCSI","Clorfenamina 4mg c/20 tab ","","Excento de ","$9.43 ","$19.00 ","$19.00 "
"CLORFE","Clorfenamina Jbe ","","Excento de ","$13.69 ","$29.00 ","$29.00 "
"BREGA","Clorfenamina/Fenilefrina 0.02","","Excento de ","$15.96 ","$32.00 ","$32.00 "
"BREGA","Clorfenamina/fenilefrina/Para","","Excento de ","$13.59 ","$28.00 ","$28.00 "
"DESENF","Clorfenqamina/Fenilefrina/Par","","Excento de ","$57.01 ","$72.00 ","$72.00 "
"CLORO","CLOROPIRAMINA ","","Excento de ","$45.16 ","$95.00 ","$95.00 "
"CLORTA","CLORTALIDONA 50MG C/20 ","","Excento de ","$20.17 ","$40.00 ","$40.00 "
"CLORTA","Clortalidona 50mg c/20 tbs ","","Excento de ","$10.48 ","$25.00 ","$25.00 "
"LORT","Clortalidona 50mg c/20tab ","","Excento de ","$17.92 ","$37.00 ","$37.00 "
"MERTIO","Cloruro de Benzalconio ","","Excento de ","$20.50 ","$25.00 ","$25.00 "
"SOL. ","CLORURO DE SODIO 0.9% ","","Excento de ","$35.00 ","$74.00 ","$74.00 "
"CLORU","Cloruro de Sodio 0.9% 100ml ","","Excento de ","$18.00 ","$25.00 ","$25.00 "
"CLORU","CLORURO DE SODIO ","","Excento de ","$17.00 ","$30.00 ","$30.00 "
"CLORU","CLORURO DE SODIO 9% ","","Excento de ","$17.28 ","$29.00 ","$29.00 "
"NASALU","Cloruro de Sodio NASALUB ","","Excento de ","$85.64 ","$100.00 ","$100.00 "
"NASALU","Cloruro de sodio Sol 30ml ","","Excento de ","$85.64 ","$108.00 ","$108.00 "
"TENESC","Clotrimazol 10mg/g c/20mg","","Excento de ","$18.90 ","$32.00 ","$32.00 "
"TENESC","Clotrimazol 2% Crema ","","Excento de ","$26.95 ","$55.00 ","$55.00 "
"LOMEC","Clotrimazol 200mg ","","Excento de ","$137.54 ","$172.00 ","$172.00 "
"CANEST","Clotrimazol Crema 1%","","Excento de ","$50.00 ","$63.00 ","$63.00 "
"CLOTRI","Clotrimazol Crema 1% c/30g ","","Excento de ","$20.58 ","$44.00 ","$44.00 "
"LOZA","Clotrimazol Crema 2.0 % ","","Excento de ","$24.29 ","$45.00 ","$45.00 "
"CLOT ","CLOTRIMAZOL CREMA ","","Excento de ","$33.33 ","$72.00 ","$72.00 "
"CLO OV","Clotrimazol Ovulos 500mg ","","Excento de ","$27.00 ","$60.00 ","$60.00 "
"CLOXIN","Cloxinato de lisina iny.","","Excento de ","$22.84 ","$48.00 ","$48.00 "
"SALOTA","Coenzima Q10, Aceite de ","","Excento de ","$73.69 ","$149.00 ","$149.00 "
"COLÁG","COLÁGENO HIDROLIZADO ","","Excento de ","$38.00 ","$85.00 ","$85.00 "
"COLAG","Colageno Hidrolizado POLVO ","","Excento de ","$102.40 ","$220.00 ","$220.00 "
"COLAG","COLAGENO TABLETAS ","","Excento de ","$45.00 ","$100.00 ","$100.00 "
"COLAG","COLAGENO VICH C/450GR ","","Excento de ","$73.59 ","$125.00 ","$125.00 "
"COLCH","Colchicina 1mg c/20 tbs","","Excento de ","$32.95 ","$58.00 ","$58.00 "
"SIXO","Colchicina 1mg c/30 tab","","Excento de ","$27.11 ","$55.00 ","$55.00 "
"TICOLO","COLCHICINA 1MG TAB C/30 ","","Excento de ","$24.53 ","$48.00 ","$48.00 "
"COLCHI","COLCHICINA TABLETAS ","","Excento de ","$29.86 ","$62.00 ","$62.00 "
"PASTA ","COLGATE","","Excento de ","$50.00 ","$60.00 ","$60.00 "
"COLGAT","COLGATE CREMA DENTAL ","","Excento de ","$12.90 ","$17.00 ","$17.00 "
"COLGAT","Colgate Kids 6+","","Excento de ","$32.50 ","$44.00 ","$44.00 "
"COLGAT","COLGATE LUMINOS WHITE  ","","Excento de ","$6.65 ","$10.00 ","$10.00 "
"COLGAT","COLGATE TOTAL 12 ","","Excento de ","$65.60 ","$80.00 ","$80.00 "
"COLGAT","COLGATE TRIPLE ACCIÓN ","","Excento de ","$24.05 ","$30.00 ","$30.00 "
"COLGAT","COLGATE TRIPLE ACCION ","","Excento de ","$12.20 ","$16.00 ","$16.00 "
"COLLAR","COLLARIN CERVICAL ","","Excento de ","$58.03 ","$80.00 ","$80.00 "
"COLLAR","COLLARIN CERVICAL ","","Excento de ","$57.07 ","$80.00 ","$80.00 "
"COLLAR","COLLARIN CERVICAL ","","Excento de ","$58.03 ","$80.00 ","$80.00 "
"COLLAR","COLLARIN CHICO BLANCO ","","Excento de ","$58.03 ","$80.00 ","$80.00 "
"COLLAR","COLLARIN CHICO ","","Excento de ","$45.00 ","$90.00 ","$90.00 "
"COLLAR","COLLARIN GRANDE KOHN ","","Excento de ","$45.00 ","$70.00 ","$70.00 "
"COLLAR","COLLARON MEDIANO ","","Excento de ","$42.70 ","$90.00 ","$90.00 "
"combedi ","COMBEDI DX SOL. ","","Excento de ","$54.00 ","$110.00 ","$110.00 "
"COMBIV","Combivent Respimat ","","Excento de ","$1,234.79 ","$1,544.00 ","$1,544.00 "
"CONVI-","Complejo B c/20 tbs","","Excento de ","$20.80 ","$42.00 ","$42.00 "
"NACAR ","ConchaNacar 50G anabella","","Excento de ","$28.40 ","$35.00 ","$35.00 "
"PRUDE","Cond prudence Full Sensitive ","","Excento de ","$43.70 ","$55.00 ","$55.00 "
"PLAY ","CONDON PLAY BOY ","","Excento de ","$33.14 ","$48.00 ","$48.00 "
"PLAY ","Condon play boy Sandia & ","","Excento de ","$7.50 ","$12.00 ","$12.00 "
"PLAY ","CONDON PLAY BOY VIP ","","Excento de ","$28.91 ","$50.00 ","$50.00 "
"SAFE ","CONDON SAFE ON ","","Excento de ","$36.96 ","$55.00 ","$55.00 "
"SICO ","CONDON SICO PIEL C/PIEL ","","Excento de ","$57.70 ","$68.00 ","$68.00 "
"PRUD ","Condones Prudence ","","Excento de ","$43.33 ","$50.00 ","$50.00 "
"PRUD ","Condones Prudence Extra ","","Excento de ","$43.70 ","$55.00 ","$55.00 "
"PRUDE","Condones Prudence Extra ","","Excento de ","$38.67 ","$55.00 ","$55.00 "
"PRUDE","CONDONES PRUDENCE ","","Excento de ","$44.80 ","$56.00 ","$56.00 "
"PRUDE","Condones PRUDENCE Neon ","","Excento de ","$38.67 ","$50.00 ","$50.00 "
"PRUDE","Condones Prudence Zero c/3","","Excento de ","$51.10 ","$65.00 ","$65.00 "
"PRUDE","CONDONES ","","Excento de ","$45.20 ","$57.00 ","$57.00 "
"SICO ","Condones SICO Mutual ","","Excento de ","$49.31 ","$60.00 ","$60.00 "
"PLAY ","CONS}DON PLAY BOY ","","Excento de ","$38.50 ","$50.00 ","$50.00 "
"CONTA","Contac Ultra 200/5/2mg c/12","","Excento de ","$43.40 ","$58.00 ","$58.00 "
"CONTA","Contac ultra c/2 tbs","","Excento de ","$4.52 ","$8.00 ","$8.00 "
"CONTU","CONTUMAX (Macrogol) ","","Excento de ","$397.67 ","$519.00 ","$519.00 "
"CONVIF","CONVIFER Hierro 220ml ","","Excento de ","$58.76 ","$98.00 ","$98.00 "
"COPA ","COPA MENSTRUAL GR","","Excento de ","$200.00 ","$200.00 ","$200.00 "
"CLOPID","Copidogrel tabletas c/14","","Excento de ","$58.58 ","$110.00 ","$110.00 "
"COREG","Corega 70g","","Excento de ","$241.50 ","$280.00 ","$280.00 "
"TOP ","Corta Uñas Grande","","Excento de ","$24.43 ","$32.00 ","$32.00 "
"CORTA ","Corta Uñas Med 608AB","","Excento de ","$26.50 ","$32.00 ","$32.00 "
"CORTA","Cortador de Pastillas EZY ","","Excento de ","$75.68 ","$100.00 ","$100.00 "
"CORTA","Cortador de Pastillas ","","Excento de ","$57.81 ","$100.00 ","$100.00 "
"CORTA","CORTAUÑAS BEBE C/U","","Excento de ","$6.39 ","$10.00 ","$10.00 "
"CORTA","Cortauñas Benox","","Excento de ","$33.00 ","$42.00 ","$42.00 "
"TRY CH","CORTAUÑAS CHICO TRY","","Excento de ","$12.00 ","$15.00 ","$15.00 "
"CORTA ","Cortauñas Every","","Excento de ","$15.00 ","$20.00 ","$20.00 "
"CORTA","Cortauñas Grande","","Excento de ","$9.87 ","$17.00 ","$17.00 "
"TRY GR","CORTAUÑAS GRANDE TRY","","Excento de ","$14.00 ","$20.00 ","$20.00 "
"CORTA","Cortauñas Infantil 0+","","Excento de ","$32.00 ","$40.00 ","$40.00 "
"TRY ","CORTAUÑAS TRY BEBE","","Excento de ","$5.25 ","$10.00 ","$10.00 "
"CORTA","CORTAUÑAS TRY GRANDE ","","Excento de ","$15.00 ","$25.00 ","$25.00 "
"COTTO","COTONETES C/50pz ","","Excento de ","$16.21 ","$22.00 ","$22.00 "
"COTTO","Cotonetes c/80pz COTTONI ","","Excento de ","$15.00 ","$30.00 ","$30.00 "
"COTON","COTONETES HELLO KITTI ","","Excento de ","$39.54 ","$50.00 ","$50.00 "
"COTON","COTONETES JOHNSON  ","","Excento de ","$25.95 ","$30.00 ","$30.00 "
"COTON","COTONETES JOHNSON & ","","Excento de ","$21.70 ","$29.00 ","$29.00 "
"COTON","COTONETES MEDIMART ","","Excento de ","$11.99 ","$22.00 ","$22.00 "
"HISOPO","COTONETES PLAZA ","","Excento de ","$15.50 ","$22.00 ","$22.00 "
"PROTE","COTONETES PROTEC ","","Excento de ","$14.60 ","$22.00 ","$22.00 "
"CANDIP","Crema Candiphn-V 3 dias ","","Excento de ","$59.70 ","$110.00 ","$110.00 "
"CREMA ","CREMA DE ARNICA ","","Excento de ","$15.89 ","$25.00 ","$25.00 "
"CREMA ","CREMA DE CONCHA ","","Excento de ","$8.50 ","$18.00 ","$18.00 "
"CREMA ","CREMA DE MANZANA ","","Excento de ","$9.33 ","$15.00 ","$15.00 "
"CREMA ","Crema dental sin flour ","","Excento de ","$15.55 ","$25.00 ","$25.00 "
"GOICOC","CREMA GOICOCHEA ","","Excento de ","$91.50 ","$112.00 ","$112.00 "
"NIVEA ","Crema NIVEA 400ML","","Excento de ","$99.30 ","$125.00 ","$125.00 "
"PONDS ","Crema PONDS piel suave y ","","Excento de ","$21.20 ","$30.00 ","$30.00 "
"POND´S ","Crema Pond´s Crema c/100g","","Excento de ","$47.70 ","$58.00 ","$58.00 "
"SENSO","Crema Sensodyne Anti-Sarro ","","Excento de ","$90.30 ","$115.00 ","$115.00 "
"CROMO","Cromoglicato de Sodio ","","Excento de ","$46.40 ","$92.00 ","$92.00 "
"CROMO","CROMOGLICATO DE ","","Excento de ","$35.53 ","$80.00 ","$80.00 "
"CUBIER","CUBIERTOS MINNIE ","","Excento de ","$22.00 ","$32.00 ","$32.00 "
"CUBIER","CUBIERTOS PAW PATROL ","","Excento de ","$22.00 ","$32.00 ","$32.00 "
"CUBIER","CUBIERTOS PAW PATROL ","","Excento de ","$22.00 ","$32.00 ","$32.00 "
"CUBRE ","CUBRE BOCAS UNIMASK ","","Excento de ","$1.30 ","$3.00 ","$3.00 "
"CUBRE ","CUBRE BOCAS UNIMASK ","","Excento de ","$1.30 ","$3.00 ","$3.00 "
"CUBRE","CUBREBOCA LAV. CON ","","Excento de ","$15.00 ","$20.00 ","$20.00 "
"CUBRE ","Cubreboca plisado Medical ","","Excento de ","$5.00 ","$15.00 ","$15.00 "
"CUBRE","Cubreboca tipo Concha c/u","","Excento de ","$2.00 ","$6.00 ","$6.00 "
"cubrebic","CUBREBOCAS AZUL C/U","","Excento de ","$2.00 ","$5.00 ","$5.00 "
"CUBRE ","CUBREBOCAS AZUL ","","Excento de ","$6.00 ","$20.00 ","$20.00 "
"CUBRE","Cubrebocas Azul Protection ","","Excento de ","$1.52 ","$4.00 ","$4.00 "
"BUBRE ","CUBREBOCAS BICOLOR ","","Excento de ","$13.00 ","$25.00 ","$25.00 "
"CUBRE","Cubrebocas cu","","Excento de ","$1.73 ","$4.00 ","$4.00 "
"CUBRE ","CUBREBOCAS DE CONCHA ","","Excento de ","$4.73 ","$10.00 ","$10.00 "
"CUBRE","Cubrebocas de tres pliegos ","","Excento de ","$1.52 ","$5.00 ","$5.00 "
"CUBRE ","CUBREBOCAS INFANTIL ","","Excento de ","$4.00 ","$6.00 ","$6.00 "
"CUBRE","CUBREBOCAS INFANTIL ","","Excento de ","$15.00 ","$20.00 ","$20.00 "
"CUBRE ","CUBREBOCAS INFANTIL ","","Excento de ","$13.00 ","$20.00 ","$20.00 "
"KN95 ","Cubrebocas KN95","","Excento de ","$3.50 ","$8.00 ","$8.00 "
"KN95 ","CUBREBOCAS KN95 ","","Excento de ","$20.00 ","$40.00 ","$40.00 "
"CUBRE","CUBREBOCAS KN95 ","","Excento de ","$4.00 ","$8.00 ","$8.00 "
"CUBRE","CUBREBOCAS LAVABLE ","","Excento de ","$10.00 ","$15.00 ","$15.00 "
"CUBRE","Cubrebocas Negro ","","Excento de ","$1.52 ","$5.00 ","$5.00 "
"CUBRE","CUBREBOCAS NEGRO ","","Excento de ","$2.00 ","$5.00 ","$5.00 "
"CUBRE","CUBREBOCAS PACK C/10 ","","Excento de ","$5.00 ","$15.00 ","$15.00 "
"CUBRE","Cubrebocas Reforzado","","Excento de ","$4.50 ","$8.00 ","$8.00 "
"CUB ","CUBREBOCAS ","","Excento de ","$1.80 ","$4.00 ","$4.00 "
"AMBIDE","Cubrebocas Reforzado BCO ","","Excento de ","$1.16 ","$3.00 ","$3.00 "
"CUBRE ","CUBREBOCAS ","","Excento de ","$1.30 ","$3.00 ","$3.00 "
"CURITA ","Curita Trans Piel c/10","","Excento de ","$18.00 ","$25.00 ","$25.00 "
"CURITA","CURITAS AQUA PROTEC","","Excento de ","$51.05 ","$64.00 ","$64.00 "
"CURITA","CURITAS CAJA  C/100","","Excento de ","$30.50 ","$45.00 ","$45.00 "
"CURITA","CURITAS CIRCULARES C/1 ","","Excento de ","$1.16 ","$2.00 ","$2.00 "
"CURE ","CURITAS CURE BAND C/U","","Excento de ","$0.21 ","$1.50 ","$1.50 "
"CURITA","CURITAS INFANTIL ","","Excento de ","$53.07 ","$64.00 ","$64.00 "
"CURITA","CURITAS INFANTILES C/20 ","","Excento de ","$49.19 ","$60.00 ","$60.00 "
"CURITA","CURITAS REDONDOS ","","Excento de ","$0.31 ","$1.00 ","$1.00 "
"CURITA","CURITAS SENSITIVE ","","Excento de ","$55.27 ","$66.00 ","$66.00 "
"CURITA","CURITAS TRANSIEL C/20 ","","Excento de ","$28.12 ","$40.00 ","$40.00 "
"DACTIL ","DACTIL OB Piperidolato ","","Excento de ","$430.00 ","$460.00 ","$460.00 "
"DALVEA","DALVEAR INFANTIL MIEL-","","Excento de ","$227.50 ","$275.00 ","$275.00 "
"DALVEA","DALVEAR JARABE ADULTO","","Excento de ","$238.75 ","$288.00 ","$288.00 "
"FORXIG","DAPAGLIFLOZINA TAB ","","Excento de ","$780.00 ","$1,200.00 ","$1,200.00 "
"CARIDE","Deflazacort 6mg ","","Excento de ","$52.89 ","$114.00 ","$114.00 "
"CARIDE","Deflazacort TABLETAS 30mg ","","Excento de ","$95.05 ","$190.00 ","$190.00 "
"NOTRE ","Del limpiador Facial NOTR ","","Excento de ","$25.00 ","$32.00 ","$32.00 "
"DILISUR","DELISURE CHOCOLATE","","Excento de ","$25.40 ","$37.00 ","$37.00 "
"DERCO","DERCO Selenio DS Acido ","","Excento de ","$465.47 ","$500.00 ","$500.00 "
"TALCO ","DERMAN KIDS TALCO ","","Excento de ","$23.50 ","$32.00 ","$32.00 "
"DRMODI","DERMODINE ","","Excento de ","$48.61 ","$78.00 ","$78.00 "
"DERMO ","DERMODINE SOLUCIÓN ","","Excento de ","$48.61 ","$78.00 ","$78.00 "
"WOLDE","Dermolimpiador sol 250ml","","Excento de ","$47.65 ","$60.00 ","$60.00 "
"DERMO","DERMOPRADA ","","Excento de ","$123.61 ","$160.00 ","$160.00 "
"AXE ","Des Axe excitel 175ml +25","","Excento de ","$32.50 ","$48.00 ","$48.00 "
"AXE ICE ","Des Axe Ice Chill 175ml +25","","Excento de ","$32.50 ","$48.00 ","$48.00 "
"DES ","Des AXE YOUNG","","Excento de ","$52.00 ","$65.00 ","$65.00 "
"STEFAN","Des Stefano BLACK 159ml","","Excento de ","$60.70 ","$76.00 ","$76.00 "
"STEFAN","Des Stefano Cosmo 159ml","","Excento de ","$78.32 ","$98.00 ","$98.00 "
"STEFAN","Des Stefano IMPERIAL ","","Excento de ","$78.32 ","$98.00 ","$98.00 "
"STEFAN","Des Stefano sPAZIO 159ml","","Excento de ","$78.32 ","$89.00 ","$89.00 "
"REXON","Des. rexona fresh","","Excento de ","$42.00 ","$50.00 ","$50.00 "
"REXON","DESC. REXONA ","","Excento de ","$30.00 ","$50.00 ","$50.00 "
"AXE ","DESD. AXE BLACK BARRA ","","Excento de ","$52.00 ","$65.00 ","$65.00 "
"AXE ","DESD. AXE EPIC FRESH ","","Excento de ","$44.20 ","$62.00 ","$62.00 "
"AXE ","DESD. AXE EXCITE 48H ","","Excento de ","$54.63 ","$76.00 ","$76.00 "
"OLD ","DESD. OLD SPICE ","","Excento de ","$49.70 ","$70.00 ","$70.00 "
"DESENE","DESENEX CREMA C/28G","","Excento de ","$40.50 ","$63.00 ","$63.00 "
"DESENF","desenfriol-d c/12","","Excento de ","$29.80 ","$50.00 ","$50.00 "
"AEROCL","Desinfectante Aerosol","","Excento de ","$50.00 ","$75.00 ","$75.00 "
"IVRESS","Desinfectante Aerosol 400ml ","","Excento de ","$40.00 ","$70.00 ","$70.00 "
"NANOX","Desinfectante AEROSOL ","","Excento de ","$30.00 ","$70.00 ","$70.00 "
"GLESOL ","Desinfectante GELSOL 7en1 ","","Excento de ","$76.98 ","$96.00 ","$96.00 "
"DESINF","DESINFECTANTE ","","Excento de ","$32.50 ","$75.00 ","$75.00 "
"DESINF","Desinfectante NO contiene ","","Excento de ","$20.00 ","$50.00 ","$50.00 "
"DESLOR","DESLORATADINA  C/120ML","","Excento de ","$43.69 ","$80.00 ","$80.00 "
"VALGAB ","Desloratadina 120ml","","Excento de ","$41.17 ","$82.00 ","$82.00 "
"VALGAB","Desloratadina 50mg/100ml ","","Excento de ","$35.00 ","$65.00 ","$65.00 "
"DESLOR","Desloratadina 5mg 10tbs","","Excento de ","$32.13 ","$62.00 ","$62.00 "
"DEGOR","Desloratadina 5mg c/10 tab ","","Excento de ","$33.81 ","$62.00 ","$62.00 "
"HISTAP","Desloratadina Jarabe ","","Excento de ","$28.38 ","$55.00 ","$55.00 "
"BLOTAM","DESLORATADINA JARABE ","","Excento de ","$31.46 ","$63.00 ","$63.00 "
"LIRUDIN","DESLORATADINA ","","Excento de ","$21.00 ","$58.00 ","$58.00 "
"HISTAP","Desloratadina TABLETAS ","","Excento de ","$57.01 ","$120.00 ","$120.00 "
"NOTRE ","Desmaquillante 125ml NOTR","","Excento de ","$28.00 ","$35.00 ","$35.00 "
"NOTRE ","Desmaquillante 5 en 1 ","","Excento de ","$31.50 ","$40.00 ","$40.00 "
"NIVEA ","Desod Aero Nivea Aclar ","","Excento de ","$56.94 ","$68.00 ","$68.00 "
"NIVEA ","Desod Aero Nivea Aclarado ","","Excento de ","$62.50 ","$78.00 ","$78.00 "
"AXE ","Desod AXE Black 90ml","","Excento de ","$21.50 ","$30.00 ","$30.00 "
"REXON","Desodo Rexona Extra Fresh ","","Excento de ","$35.00 ","$48.00 ","$48.00 "
"REXON","Desodorant REXONA active ","","Excento de ","$49.23 ","$62.00 ","$62.00 "
"DES BIO ","Desodorante Aerosol BI-O ","","Excento de ","$48.00 ","$55.00 ","$55.00 "
"DES BIO ","Desodorante Aerosol Clinical ","","Excento de ","$48.00 ","$55.00 ","$55.00 "
"AXE ","Desodorante Axe Aerosol ","","Excento de ","$42.00 ","$53.00 ","$53.00 "
"AXE ICE ","DESODORANTE AXE ICE ","","Excento de ","$44.20 ","$62.00 ","$62.00 "
"AXE ","Desodorante Axe Intense 48h","","Excento de ","$68.00 ","$90.00 ","$90.00 "
"DES BIO ","Desodorante BI-O Stick Hom","","Excento de ","$63.10 ","$75.00 ","$75.00 "
"DES BIO ","Desodorante BI-O Stick Muj","","Excento de ","$63.10 ","$75.00 ","$75.00 "
"bBIO ","DESODORANTE BIO ","","Excento de ","$37.90 ","$50.00 ","$50.00 "
"DESAO","Desodorante Brut Classic","","Excento de ","$37.00 ","$46.00 ","$46.00 "
"GILLET ","DESODORANTE GILLETTE ","","Excento de ","$36.40 ","$49.00 ","$49.00 "
"OBAO ","DESODORANTE OBAO ","","Excento de ","$21.00 ","$28.00 ","$28.00 "
"OBAO ","Desodorante Obao RollOn ","","Excento de ","$31.00 ","$39.00 ","$39.00 "
"OBAO ","DESODORANTE OBAO ","","Excento de ","$28.76 ","$32.00 ","$32.00 "
"DES ","Desodorante Rexona 72h V8","","Excento de ","$40.50 ","$52.00 ","$52.00 "
"REXON","Desodorante REXONA ","","Excento de ","$35.00 ","$55.00 ","$55.00 "
"REXON","Desodorante REXONA ","","Excento de ","$35.00 ","$55.00 ","$55.00 "
"REXON","DESODORANTE REXONA ","","Excento de ","$56.00 ","$77.00 ","$77.00 "
"REXON","Desodorante REXONA STAR ","","Excento de ","$26.50 ","$35.00 ","$35.00 "
"BI-O ","Desodorante ROLLON Bi-o ","","Excento de ","$22.70 ","$30.00 ","$30.00 "
"DESOD","DESODORANTEAEROSOLB","","Excento de ","$68.98 ","$65.00 ","$65.00 "
"OBAO ","Desodornte OBAO Angel 65g","","Excento de ","$21.00 ","$28.00 ","$28.00 "
"DES ","Desopdorante Aerosol Clarify ","","Excento de ","$37.90 ","$50.00 ","$50.00 "
"DEXABI","DEXABION DC ","","Excento de ","$149.10 ","$180.00 ","$180.00 "
"Dexa","Dexametason ALIN Sol ","","Excento de ","$65.10 ","$82.00 ","$82.00 "
"BEXINE ","DEXAMETASON ","","Excento de ","$20.39 ","$39.00 ","$39.00 "
"ADREC","DEXAMETASONA 0.5MG ","","Excento de ","$10.40 ","$23.00 ","$23.00 "
"METAX","Dexametasona 8mg/2ml c/1 ","","Excento de ","$13.00 ","$27.00 ","$27.00 "
"VERICO","Dexametasona 8mg/2ml Iny","","Excento de ","$35.28 ","$70.00 ","$70.00 "
"CRYO","Dexametasona Iny. 8mg/2ml","","Excento de ","$7.35 ","$20.00 ","$20.00 "
"brulin","Dexametasona iny.8mg/2ml","","Excento de ","$10.27 ","$21.00 ","$21.00 "
"DEXAM","Dexametasona inyectable ","","Excento de ","$8.71 ","$20.00 ","$20.00 "
"METAX ","DEXAMETASONA ","","Excento de ","$35.62 ","$77.00 ","$77.00 "
"DEXA ","Dexametasona sol. Iny. ","","Excento de ","$12.55 ","$30.00 ","$30.00 "
"METAX ","DEXAMETASONA SOL. ","","Excento de ","$13.58 ","$30.00 ","$30.00 "
"ADREC","DEXAMETASONA ","","Excento de ","$17.55 ","$37.00 ","$37.00 "
"DECOR","DEXAMETASONA ","","Excento de ","$99.00 ","$120.00 ","$120.00 "
"LERGO","Dexametasona/clorfenamina ","","Excento de ","$21.21 ","$45.00 ","$45.00 "
"KODAK","Dexametasona/Neomicina ","","Excento de ","$16.40 ","$35.00 ","$35.00 "
"BEXINE ","Dexametasona/neomicina/fen","","Excento de ","$34.43 ","$70.00 ","$70.00 "
"DEXAM","Dexametazona 8mg/2ml Sol ","","Excento de ","$10.88 ","$20.00 ","$20.00 "
"ALIN ","Dexametazona susp 4mg/ml ","","Excento de ","$148.50 ","$180.00 ","$180.00 "
"DEXNE ","Dexametazona/Neomicina ","","Excento de ","$34.67 ","$75.00 ","$75.00 "
"ALIN ","Dexametazona/neomicina y ","","Excento de ","$72.50 ","$95.00 ","$95.00 "
"DEXERY","Dexeryl CREMA ","","Excento de ","$292.20 ","$365.00 ","$365.00 "
"DEXNE ","DEXNE SOL. NASAL 10 ML","","Excento de ","$41.38 ","$88.00 ","$88.00 "
"BISOLS","DEXTROMETORFANO ","","Excento de ","$134.90 ","$185.00 ","$185.00 "
"DEXTR","Dextrometorfano Jrbe 120ml","","Excento de ","$10.79 ","$22.00 ","$22.00 "
"OXOLB","Dextrometorfano-Ambroxol ","","Excento de ","$19.84 ","$38.00 ","$38.00 "
"BROXT","DEXTROMETORFANO/AMB","","Excento de ","$20.02 ","$45.00 ","$45.00 "
"BROXT","Dextrometorfano/Ambroxol ","","Excento de ","$18.32 ","$42.00 ","$42.00 "
"DEGOR","Dextrometorfano/Ambroxol ","","Excento de ","$30.65 ","$69.00 ","$69.00 "
"EPICOL ","Dextrometorfano/Guaifenesin","","Excento de ","$43.20 ","$80.00 ","$80.00 "
"TUSILE","DEXTROMETORFANO/GUAI","","Excento de ","$28.20 ","$58.00 ","$58.00 "
"DEX-","Dextrometrofano- Ambroxol ","","Excento de ","$19.60 ","$35.00 ","$35.00 "
"DEXABI","Dezabion DC c/3","","Excento de ","$348.50 ","$440.00 ","$440.00 "
"VIAFLEX","Diacereína CAPSULAS 50mg ","","Excento de ","$66.63 ","$135.00 ","$135.00 "
"DIALGIN ","Dialgin Tabletas c/20","","Excento de ","$75.83 ","$160.00 ","$160.00 "
"DIAPRO ","DIAPRO TOALLAS ","","Excento de ","$25.30 ","$38.00 ","$38.00 "
"ARIFLA","Diclofenaco 100mg c/20 tbs","","Excento de ","$7.94 ","$23.00 ","$23.00 "
"DICLOF","Diclofenaco 100mg c/20 tbs ","","Excento de ","$10.03 ","$25.00 ","$25.00 "
"VOLFEN","DICLOFENACO 2.32 % GEL ","","Excento de ","$36.56 ","$70.00 ","$70.00 "
"MAFEN","Diclofenaco 50mg c/20 tbs","","Excento de ","$11.70 ","$12.00 ","$12.00 "
"FENAGE","Diclofenaco Dietilamonio Gel ","","Excento de ","$27.58 ","$52.00 ","$52.00 "
"MAFEN","Diclofenaco Dietilamonio Gel ","","Excento de ","$20.05 ","$38.00 ","$38.00 "
"ATALAK ","DICLOFENACO GEL 60 GR ","","Excento de ","$25.00 ","$50.00 ","$50.00 "
"VOLOFE","Diclofenaco iny 75mg/3ml c/2  ","","Excento de ","$19.47 ","$40.00 ","$40.00 "
"DIC INY","Diclofenaco Inyectable ","","Excento de ","$11.71 ","$30.00 ","$30.00 "
"DICLO ","DICLOFENACO ","","Excento de ","$18.60 ","$46.00 ","$46.00 "
"VOLFEN","Diclofenaco Tabs ","","Excento de ","$13.14 ","$40.00 ","$40.00 "
"ALLI-","DICLOFENACO+COMPLEJO ","","Excento de ","$150.51 ","$188.00 ","$188.00 "
"DUOFLE","Diclofenaco/ Carisoprodol ","","Excento de ","$78.56 ","$169.00 ","$169.00 "
"COMBE","DICLOFENACO/ COMPLEJO ","","Excento de ","$39.01 ","$80.00 ","$80.00 "
"DICLO/C","Diclofenaco/Complejo B tbs ","","Excento de ","$32.12 ","$70.00 ","$70.00 "
"TOFEL ","Diclofenaco/Paracetamol ","","Excento de ","$35.74 ","$77.00 ","$77.00 "
"ROTUM","Diclofenco GEL 1.16% 60g","","Excento de ","$20.59 ","$40.00 ","$40.00 "
"DICLOX","Dicloxacilina 500mg c/12 ","","Excento de ","$18.06 ","$58.00 ","$58.00 "
"AMIFARI","DICLOXACILINA CAPSULAS ","","Excento de ","$29.20 ","$60.00 ","$60.00 "
"VICNITE ","DIFENHIDRAMINA ","","Excento de ","$21.03 ","$42.00 ","$42.00 "
"DIFENHI","Difenhidramina 25mg c/10 ","","Excento de ","$19.94 ","$43.00 ","$43.00 "
"NYQUIL ","DIFENHIDRAMINA ","","Excento de ","$105.60 ","$138.00 ","$138.00 "
"SERRA","Difenidol 25mg c/30 tab","","Excento de ","$11.52 ","$20.00 ","$20.00 "
"RAAMF","Difenidol 25mg c/30 tbs","","Excento de ","$11.13 ","$23.00 ","$23.00 "
"NORMA","Difenidol 40mg c/2 amp","","Excento de ","$8.27 ","$19.00 ","$19.00 "
"DIFEN ","Difenidol 40mg/2ml Iny AMSA","","Excento de ","$14.47 ","$28.00 ","$28.00 "
"DIF INY","Difenidol Iny. 40mg/2ml c/2 ","","Excento de ","$10.02 ","$25.00 ","$25.00 "
"SON´S ","Difenidol tabletas 25mg c/30","","Excento de ","$25.12 ","$50.00 ","$50.00 "
"DIFENID","DIFENIDOL TABLETAS ","","Excento de ","$9.52 ","$25.00 ","$25.00 "
"BIOMITI","DIFENIDOL TABLETAS C/30","","Excento de ","$11.54 ","$23.00 ","$23.00 "
"DIFENID","DIFENIDOL TABLÑETAS ","","Excento de ","$16.25 ","$35.00 ","$35.00 "
"DIMICA","Dimenhidrato 50mg c/12 ","","Excento de ","$18.16 ","$38.00 ","$38.00 "
"ESPECT","DIMETICONA GOTAS ","","Excento de ","$25.41 ","$52.00 ","$52.00 "
"DINTRE","Dimeticona susp. 100mg/ml ","","Excento de ","$37.48 ","$75.00 ","$75.00 "
"BEDIS","Dinitrato de Isosorbida 10mg ","","Excento de ","$5.72 ","$10.00 ","$10.00 "
"MEVEDI","DIOSMINA 600MG ","","Excento de ","$71.33 ","$134.00 ","$134.00 "
"NAVELI","Diosmina, Hesperidina ","","Excento de ","$63.00 ","$169.00 ","$169.00 "
"ROVEM","DIOSMINA-HESPERIDINA ","","Excento de ","$58.50 ","$170.00 ","$170.00 "
"ARCOC","Diosmina-Hespiridina 450/50 ","","Excento de ","$87.67 ","$170.00 ","$170.00 "
"CIRCUT","DIOSMINA/ HESPERIDINA ","","Excento de ","$64.29 ","$165.00 ","$165.00 "
"FLAUS","Diosmina/Hesperidina ","","Excento de ","$76.45 ","$165.00 ","$165.00 "
"DIOSMI","DIOSMINA/HESPERIDINA ","","Excento de ","$61.40 ","$130.00 ","$130.00 "
"VERNE","Diosmina/Hesperidina ","","Excento de ","$65.11 ","$125.00 ","$125.00 "
"DUI T ","DIU Dispositivo Intrauterino ","","Excento de ","$64.96 ","$140.00 ","$140.00 "
"DIU DKT","DIU DKT CU380A","","Excento de ","$47.61 ","$120.00 ","$120.00 "
"FLAGOS","Diyodohidroquinoleina/metron","","Excento de ","$46.49 ","$90.00 ","$90.00 "
"FARME","Diyodohidroxiquinoleina/Dime","","Excento de ","$307.64 ","$360.00 ","$360.00 "
"DODYS ","DODYS TOALLITAS ","","Excento de ","$27.40 ","$39.00 ","$39.00 "
"DOLO-","Dolo-Neurobion c/10 tbs","","Excento de ","$161.76 ","$221.00 ","$221.00 "
"DOLO-","DOLO-NEUROBION C/20 ","","Excento de ","$227.50 ","$289.00 ","$289.00 "
"DOLO-","Dolo-Neurobion FORTE iny ","","Excento de ","$300.98 ","$350.00 ","$350.00 "
"DOLO ","Dolo-Neurobion TBALETAS ","","Excento de ","$153.07 ","$192.00 ","$192.00 "
"DOLO-","DOLO-NEURUBION FORTE","","Excento de ","$396.10 ","$450.00 ","$450.00 "
"DOLO-","DOLONEUROBION C/3 ","","Excento de ","$486.62 ","$609.00 ","$609.00 "
"DOSIFIC","DOSIFICADOR NUBY 0+","","Excento de ","$37.00 ","$46.00 ","$46.00 "
"DOVE ","Dove dermoa Aclarant c/100g","","Excento de ","$52.00 ","$70.00 ","$70.00 "
"DOVE ","DOVE FRESCURA 150ML","","Excento de ","$43.60 ","$55.00 ","$55.00 "
"DOVE ","DOVE ORIGINAL 45G","","Excento de ","$33.20 ","$45.00 ","$45.00 "
"DOVE ","DOVE TONO UNIFORME ","","Excento de ","$32.60 ","$45.00 ","$45.00 "
"DOVE ","DOVE TONO UNIFORME ","","Excento de ","$61.64 ","$74.00 ","$74.00 "
"VIVRAD","Doxiciclina 100mg c/10 caps ","","Excento de ","$32.50 ","$65.00 ","$65.00 "
"KENCIC","DOXICICLINA CAPSULAS ","","Excento de ","$28.64 ","$62.00 ","$62.00 "
"DRAMA","DRAMAMINE INFANTIL ","","Excento de ","$162.50 ","$189.00 ","$189.00 "
"DRAMA","DRAMAMINE ","","Excento de ","$70.30 ","$87.00 ","$87.00 "
"DRUSE","DRUSEN MEGA CAPSULA ","","Excento de ","$691.12 ","$780.00 ","$780.00 "
"DULOX","Duloxetina 30 mg c/7 cap","","Excento de ","$40.00 ","$80.00 ","$80.00 "
"DULOXE","Duloxetina 30mg c/7 caps ","","Excento de ","$40.00 ","$80.00 ","$80.00 "
"IDELIVE","DULOXETINA 30MG C/7 ","","Excento de ","$30.60 ","$60.00 ","$60.00 "
"DULOXE","DULOXETINA 60MG C/14","","Excento de ","$64.26 ","$135.00 ","$135.00 "
"EGO ","EGO CERA 25 GRS","","Excento de ","$14.20 ","$20.00 ","$20.00 "
"ELECTR","Electrolife FRAMBUESA ","","Excento de ","$15.57 ","$24.00 ","$24.00 "
"ELECTR","ELECTROLIFE ZERO MORA ","","Excento de ","$20.46 ","$26.00 ","$26.00 "
"ELEC ","Electrolit  Lima-Limon 625ml","","Excento de ","$19.77 ","$25.00 ","$25.00 "
"ELEC ","Electrolit COCO 625ML","","Excento de ","$20.23 ","$25.00 ","$25.00 "
"ELEC ","Electrolit DURAZNO 625ML","","Excento de ","$16.06 ","$23.00 ","$23.00 "
"ELEC ","Electrolit FRESA 625ML","","Excento de ","$19.77 ","$25.00 ","$25.00 "
"ELEC F-","Electrolit FRESA KIWI 625ML","","Excento de ","$19.77 ","$25.00 ","$25.00 "
"ELECTR","ELECTROLIT GUAYABA ","","Excento de ","$16.40 ","$23.00 ","$23.00 "
"ELEC ","ELECTROLIT HORCHATA ","","Excento de ","$17.26 ","$23.00 ","$23.00 "
"ELETRO","Electrolit Jamaica 625 ml","","Excento de ","$16.78 ","$23.00 ","$23.00 "
"ELECTR","Electrolit manzana 1l","","Excento de ","$25.02 ","$35.00 ","$35.00 "
"ELECT ","Electrolit Manzana 625ml","","Excento de ","$20.23 ","$25.00 ","$25.00 "
"ELECTR","Electrolit Maracuya 625ml ","","Excento de ","$18.00 ","$23.00 ","$23.00 "
"ELEC ","Electrolit MORA AZUL 625ml","","Excento de ","$19.77 ","$25.00 ","$25.00 "
"ELEC ","Electrolit NARANJA-","","Excento de ","$19.77 ","$25.00 ","$25.00 "
"ELECTR","ELECTROLIT PEDIATRICO ","","Excento de ","$15.00 ","$21.00 ","$21.00 "
"ELECTR","ELECTROLIT PEDIATRICO ","","Excento de ","$15.00 ","$21.00 ","$21.00 "
"LELCTR","ELECTROLIT PEDIATRICO ","","Excento de ","$11.62 ","$20.00 ","$20.00 "
"ELEC ","Electrolit PIÑA 625ML","","Excento de ","$17.60 ","$23.00 ","$23.00 "
"ELECTR","Electrolit Ponche de Frutas ","","Excento de ","$18.91 ","$25.00 ","$25.00 "
"ELEC ","Electrolit TE VERDE 625ML","","Excento de ","$16.06 ","$23.00 ","$23.00 "
"ELEC ","Electrolit TORONJA 625ML","","Excento de ","$15.00 ","$23.00 ","$23.00 "
"ELECT ","Electrolit Uva 625ml ","","Excento de ","$19.77 ","$25.00 ","$25.00 "
"ELECTR","ELECTROLIT ZERO FRESA-","","Excento de ","$19.62 ","$24.00 ","$24.00 "
"ELECTR","Electrolit ZERO Naranja-","","Excento de ","$20.46 ","$26.00 ","$26.00 "
"ELECTR","ELECTROLIT ZERO ","","Excento de ","$19.62 ","$24.00 ","$24.00 "
"ELECTR ","ELECTROLIT ZERO UVA ","","Excento de ","$21.38 ","$26.00 ","$26.00 "
"VOLDRA","ELECTROLITO NATURAL ","","Excento de ","$6.24 ","$10.00 ","$10.00 "
"ELECTR","ELECTROLITOS APO LIMA-","","Excento de ","$6.50 ","$10.00 ","$10.00 "
"ELECTR","ELECTROLITOS APO ","","Excento de ","$4.05 ","$8.00 ","$8.00 "
"VOLDRA","ELECTROLITOS CEREZA","","Excento de ","$6.94 ","$8.00 ","$8.00 "
"ELECTR","ELECTROLITOS COCO 28G","","Excento de ","$4.78 ","$10.00 ","$10.00 "
"ELECTR","ELECTROLITOS DURAZNO","","Excento de ","$5.22 ","$8.00 ","$8.00 "
"VOLDRA","ELECTROLITOS MANGO","","Excento de ","$4.78 ","$10.00 ","$10.00 "
"ELECTR","ELECTROLITOS ORALES ","","Excento de ","$4.57 ","$10.00 ","$10.00 "
"HYDRA","Electrolitos Orales Polvo 27.9","","Excento de ","$2.94 ","$7.00 ","$7.00 "
"HYDRA","Electrolitos Orales Polvo 27.9","","Excento de ","$4.30 ","$8.00 ","$8.00 "
"HYDRA ","Electrolitos Orales Polvo 27.9","","Excento de ","$7.50 ","$10.00 ","$10.00 "
"HYDRA","Electrolitos Orales Polvo 27.9","","Excento de ","$3.47 ","$7.00 ","$7.00 "
"VOLDRA","Electrolitos orales POLVO ","","Excento de ","$4.56 ","$10.00 ","$10.00 "
"ELETRO","Electrolitos orales POLVO ","","Excento de ","$6.12 ","$10.00 ","$10.00 "
"VOLDRA","Electrolitos p/Solución ","","Excento de ","$4.95 ","$10.00 ","$10.00 "
"VOLDRA","ELECTROLITOS POLVO ","","Excento de ","$6.94 ","$10.00 ","$10.00 "
"ELECTR","ELECTROLITOS UVA","","Excento de ","$7.46 ","$10.00 ","$10.00 "
"ELIDEL ","ELIDEL (Pimecrolimus) ","","Excento de ","$519.19 ","$600.00 ","$600.00 "
"TELMI/H","ELMISARTAN ","","Excento de ","$64.50 ","$150.00 ","$150.00 "
"ENOV","Enalapril 10 mg c/30 tab ","","Excento de ","$7.63 ","$30.00 ","$30.00 "
"ENAL","Enalapril 10mg c/30 tbs ","","Excento de ","$6.85 ","$30.00 ","$30.00 "
"VEXOTI","Enalapril 10mg c/30 tbs ","","Excento de ","$7.66 ","$30.00 ","$30.00 "
"OVALAC","ENALAPRIL TABLETAS 10 ","","Excento de ","$6.62 ","$20.00 ","$20.00 "
"ENALAP","Enalapril tabletas 10mg","","Excento de ","$7.43 ","$20.00 ","$20.00 "
"ENSUR","Enshure Advance Chocolate ","","Excento de ","$47.20 ","$58.00 ","$58.00 "
"ENSUR","ENSURE ADVANCE FRESA ","","Excento de ","$47.20 ","$58.00 ","$58.00 "
"ENSUR","ENSURE ADVANCE ","","Excento de ","$49.50 ","$60.00 ","$60.00 "
"ENSUR","ENSURE POLVO SABOR ","","Excento de ","$262.57 ","$365.00 ","$365.00 "
"ENTER","ENTEROGERMINA Esporas ","","Excento de ","$398.62 ","$498.00 ","$498.00 "
"ENUTRE ","ENUTRE CHOCOLATE ","","Excento de ","$27.43 ","$50.00 ","$50.00 "
"ENUTRE  ","ENUTRE FRESA 237ML VIT ","","Excento de ","$27.43 ","$50.00 ","$50.00 "
"ENUTRE","ENUTRE VAINILLA 237ML ","","Excento de ","$27.43 ","$50.00 ","$50.00 "
"PAFERL","Epinastina TABLETAS 20mg ","","Excento de ","$44.72 ","$90.00 ","$90.00 "
"NENOC","Equipo de venoclicis sin ","","Excento de ","$16.00 ","$30.00 ","$30.00 "
"EQU ","Equipo de Venoclisis SENSI ","","Excento de ","$9.34 ","$25.00 ","$25.00 "
"ERITRO","Eritromicina 500mg c20tabs ","","Excento de ","$49.29 ","$98.00 ","$98.00 "
"ERITRO","ERITROMICINA TAB.500MG ","","Excento de ","$53.03 ","$115.00 ","$115.00 "
"LATOTR","ERITROMICINA TABLETAS ","","Excento de ","$69.21 ","$110.00 ","$110.00 "
"ERITRO","Eritropoyetina Sol 2000 UI ","","Excento de ","$587.76 ","$735.00 ","$735.00 "
"ESCITA","Escitalopram tab.10mg c/14","","Excento de ","$37.63 ","$65.00 ","$65.00 "
"PRALEX ","Escitalopram TABLETAS ","","Excento de ","$41.25 ","$100.00 ","$100.00 "
"NUBY ","Escobillon p Biberones NUBY","","Excento de ","$75.00 ","$96.00 ","$96.00 "
"ESMISE","ESMISEN TABLETAS C/3 ","","Excento de ","$469.53 ","$560.00 ","$560.00 "
"ESOME","Esomeprazol TABLETAS ","","Excento de ","$110.12 ","$220.00 ","$220.00 "
"ESPACI","Espaciador de Volumen Cap. ","","Excento de ","$174.79 ","$280.00 ","$280.00 "
"ESPAV ","Espaven Pediatrico ","","Excento de ","$278.99 ","$348.00 ","$348.00 "
"ESPEJ ","ESPEJO VAGINAL  28 MM","","Excento de ","$6.20 ","$25.00 ","$25.00 "
"FEELIN","Espejo Vaginal  Des c/1","","Excento de ","$7.80 ","$25.00 ","$25.00 "
"HARMO","Espejo Vaginal CHICO","","Excento de ","$20.00 ","$30.00 ","$30.00 "
"ESPIR ","Espiritus de Tomar c/250ml","","Excento de ","$15.00 ","$25.00 ","$25.00 "
"ESPIRIT","ESPIRITUS DE UNTAR ","","Excento de ","$5.75 ","$12.00 ","$12.00 "
"ESPIRIT ","Espiritus De Untar c/250ml","","Excento de ","$17.48 ","$32.00 ","$32.00 "
"ESPIRO","ESPIRONOLACTONA 25MG ","","Excento de ","$30.88 ","$70.00 ","$70.00 "
"ESPIRO","Espironolactona 25mg c/20 ","","Excento de ","$27.60 ","$60.00 ","$60.00 "
"NOLAS","Espironolactona 25mg c/30 ","","Excento de ","$41.10 ","$70.00 ","$70.00 "
"ESPIRO","Espironolactona 25mg c/30 ","","Excento de ","$47.74 ","$103.00 ","$103.00 "
"ESPONJ","Espomja bebe Verde","","Excento de ","$20.00 ","$25.00 ","$25.00 "
"ESPONJ","ESPONJA OSITO KOHN","","Excento de ","$10.00 ","$15.00 ","$15.00 "
"BATH ","Esponja Osos c/2","","Excento de ","$12.00 ","$22.00 ","$22.00 "
"BATH ","Esponja Rana","","Excento de ","$14.00 ","$20.00 ","$20.00 "
"ESPONJ","ESPONJA REDONDA KOHN","","Excento de ","$10.00 ","$15.00 ","$15.00 "
"BATH ","Esponja Redonda Rosa","","Excento de ","$15.00 ","$20.00 ","$20.00 "
"ESPONJ","ESPONJA SUAVE BEBE ","","Excento de ","$12.00 ","$20.00 ","$20.00 "
"ESPIRIT","ESPORITUS DE TOMAR ","","Excento de ","$5.75 ","$12.00 ","$12.00 "
"ESPRAD","ESPRADEN C/30 TABLETAS","","Excento de ","$58.68 ","$110.00 ","$110.00 "
"ESPIMA ","ESPUMA DE AFEITAR ","","Excento de ","$60.00 ","$70.00 ","$70.00 "
"ESPUM","Espuma p Afeitar NIVEA ","","Excento de ","$50.00 ","$70.00 ","$70.00 "
"ESTOM","ESTOMAQUIL SOBRES","","Excento de ","$96.42 ","$135.00 ","$135.00 "
"ESTOM","ESTOMAQUIL SOBRES ","","Excento de ","$6.46 ","$10.00 ","$10.00 "
"ESTOM","ESTOMAQUIL TABLETAS ","","Excento de ","$54.20 ","$85.00 ","$85.00 "
"ETORIC","Etoricopxib 90mg 28 comp","","Excento de ","$233.74 ","$350.00 ","$350.00 "
"ETORIC","ETORICOXIB ","","Excento de ","$48.00 ","$100.00 ","$100.00 "
"FILCOS","ETORICOXIB 90MG ","","Excento de ","$171.63 ","$270.00 ","$270.00 "
"ETORIC","Etoricoxib COMPRIMIDOS ","","Excento de ","$99.14 ","$210.00 ","$210.00 "
"EORICO","Etoricoxib TABLETAS 120mg ","","Excento de ","$44.89 ","$85.00 ","$85.00 "
"IYALIB ","Etoricoxib TABLETAS 90mg ","","Excento de ","$61.25 ","$120.00 ","$120.00 "
"ETORIC","Etoricoxib TABLETAS 90mg ","","Excento de ","$60.22 ","$130.00 ","$130.00 "
"XUMER ","Etoricoxib TABLETAS 90mg ","","Excento de ","$1,052.50 ","$1,220.00 ","$1,220.00 "
"EUCALI","Eucalin Adulto Jarabe 240ml","","Excento de ","$56.62 ","$122.00 ","$122.00 "
"EU INF","Eucalin Infantil 240ml ","","Excento de ","$68.70 ","$110.00 ","$110.00 "
"EUCALI","EUCALIN JARABE C/120 ML ","","Excento de ","$46.40 ","$99.00 ","$99.00 "
"EUCALI","Eucaliptine Solución 100mg ","","Excento de ","$27.30 ","$40.00 ","$40.00 "
"EUCERI","Eucerin Anti-Pigment CREMA ","","Excento de ","$709.93 ","$888.00 ","$888.00 "
"EUCALI","Euclain Agave 240ml Jbe","","Excento de ","$63.00 ","$135.00 ","$135.00 "
"EUTIRO","Eutirox (Levotiroxina sódica) ","","Excento de ","$270.19 ","$310.00 ","$310.00 "
"EUTIR ","Eutirox 25 mcg c/50 tab","","Excento de ","$152.00 ","$165.00 ","$165.00 "
"EUTIRO","EUTIROX 75 MCG C/50 ","","Excento de ","$291.04 ","$330.00 ","$330.00 "
"EXCED","EXCEDRIN TABLETAS C/24","","Excento de ","$46.34 ","$55.00 ","$55.00 "
"EXHANT","Exhantil menta- limon","","Excento de ","$36.93 ","$72.00 ","$72.00 "
"EXZON","EXZON TABLETAS C/90 ","","Excento de ","$92.51 ","$185.00 ","$185.00 "
"MENIRO","Ezetimiba/Simvastatina 10-","","Excento de ","$74.10 ","$160.00 ","$160.00 "
"EZETIM/","EZETIMIBA/SIMVASTATINA ","","Excento de ","$129.94 ","$260.00 ","$260.00 "
"EZETI/SI","Ezetimiba/Simvastatina ","","Excento de ","$113.00 ","$260.00 ","$260.00 "
"EZE/SIM","EZETIMIVA/SIMVASTATINA ","","Excento de ","$113.63 ","$260.00 ","$260.00 "
"FEBRAX ","FEBRAX SUSPENSION ","","Excento de ","$165.63 ","$207.00 ","$207.00 "
"UREZOL","Fenazopiridina 100mg c/20 ","","Excento de ","$32.31 ","$70.00 ","$70.00 "
"MEDLEY","Fenazopiridina 100mg c/20 ","","Excento de ","$21.50 ","$45.00 ","$45.00 "
"BIOFERI","Fenazopiridina 100mg c/20 ","","Excento de ","$23.95 ","$45.00 ","$45.00 "
"DISTRA","Fenilafrina/Loratadina ","","Excento de ","$33.02 ","$75.00 ","$75.00 "
"LUBRIA","Feniramina/Nafazolina 3mg-","","Excento de ","$17.10 ","$35.00 ","$35.00 "
"FENIF ","Fenitoina Sodica 100mg c/50 ","","Excento de ","$77.55 ","$140.00 ","$140.00 "
"FENITO","Fenitoina Sodica Sol ","","Excento de ","$30.63 ","$55.00 ","$55.00 "
"FENIROI","Fenitoina TABLETAS 100mg ","","Excento de ","$42.25 ","$120.00 ","$120.00 "
"FERULA ","Ferula Especial MEDIANA ","","Excento de ","$77.00 ","$97.00 ","$97.00 "
"FERULA ","Ferula p/Dedo Chica","","Excento de ","$31.09 ","$65.00 ","$65.00 "
"FERULA ","Ferula p/Dedo Grande","","Excento de ","$31.09 ","$65.00 ","$65.00 "
"FERULA ","Ferula p/Dedo mEDIANA","","Excento de ","$31.09 ","$65.00 ","$65.00 "
"FERULA ","Ferula para Dedo tipo ","","Excento de ","$87.00 ","$110.00 ","$110.00 "
"DOPPLE","FETAL DOPPLER","","Excento de ","$250.00 ","$400.00 ","$400.00 "
"FEXOFE","FEXOFENADINA 120MG ","","Excento de ","$34.04 ","$72.00 ","$72.00 "
"ALDIFE","Fexofenadina 120mg c/10 ","","Excento de ","$60.00 ","$110.00 ","$110.00 "
"ALLEGR","Fexofenadina 180mg","","Excento de ","$259.50 ","$300.00 ","$300.00 "
"FEXOFE","FEXOFENADINA 180MG ","","Excento de ","$47.61 ","$92.00 ","$92.00 "
"DESRO","FEXOFENADINA 180MG ","","Excento de ","$42.83 ","$100.00 ","$100.00 "
"APERTU","Fexofenadina 180mg tbs c/10","","Excento de ","$77.49 ","$140.00 ","$140.00 "
"BIOSTA","FEXOFENADINA TABLETAS ","","Excento de ","$63.06 ","$135.00 ","$135.00 "
"APERTU","FEXOFENADINA TABLETAS ","","Excento de ","$62.25 ","$124.00 ","$124.00 "
"FINALA","FINALAX 400GR LIMON","","Excento de ","$62.05 ","$125.00 ","$125.00 "
"STERYX ","Finasterida tab 5mg c/30 ","","Excento de ","$30.96 ","$80.00 ","$80.00 "
"FINAST","Finasterida tbs 5mg 30tbs","","Excento de ","$46.28 ","$125.00 ","$125.00 "
"NOVARI","FINASTERIDE 5MG C/30 ","","Excento de ","$59.00 ","$125.00 ","$125.00 "
"FLANAX ","FLANAX 220/25mg c/20","","Excento de ","$108.00 ","$135.00 ","$135.00 "
"FRANAX ","FLANAX 275MG TABLETAS ","","Excento de ","$113.44 ","$155.00 ","$155.00 "
"FLANAX ","FLANAX 550mg C/6 ","","Excento de ","$100.00 ","$125.00 ","$125.00 "
"FLANAX ","Flanax FEM 550 c/12","","Excento de ","$187.00 ","$225.00 ","$225.00 "
"FLANAX ","FLANAX GEL 40GR","","Excento de ","$114.00 ","$143.00 ","$143.00 "
"FRANAX ","FLANAX NOCTO ","","Excento de ","$131.27 ","$165.00 ","$165.00 "
"FLAUSI","FLAUSIVER GEL 100G ","","Excento de ","$35.93 ","$60.00 ","$60.00 "
"FLEBOC","FLEBOCAPS CASTAÑA DE ","","Excento de ","$84.12 ","$155.00 ","$155.00 "
"FLEMIG","Flemigor pediatrico","","Excento de ","$24.55 ","$49.00 ","$49.00 "
"PANCLA","FLOROGLUCINOL/TRIMETI","","Excento de ","$191.84 ","$255.00 ","$255.00 "
"PANCLA","Floroglucinol/Trimetilflorogluci","","Excento de ","$200.21 ","$250.00 ","$250.00 "
"FLORO","FLOROGLUCINOL/TRIMETI","","Excento de ","$146.77 ","$185.00 ","$185.00 "
"FLOR","Floroglucinol/Trimetilflorogluci","","Excento de ","$150.63 ","$188.00 ","$188.00 "
"AMEZTR","FLUCONAZOL 150MG  ","","Excento de ","$14.48 ","$30.00 ","$30.00 "
"FLUCON","Fluconazol 150mg c/1 Caps","","Excento de ","$12.92 ","$37.00 ","$37.00 "
"FLUATR","Fluconazol 150mg c/1 tb","","Excento de ","$20.37 ","$35.00 ","$35.00 "
"DOFIL","Fluconazol 150mg Caps c/1","","Excento de ","$14.16 ","$30.00 ","$30.00 "
"FLUZOR","Fluconazol CAPSULAS ","","Excento de ","$21.51 ","$50.00 ","$50.00 "
"FLUCON","FLUCONAZOL CÁPSULAS ","","Excento de ","$30.76 ","$60.00 ","$60.00 "
"FLUATR","Fluconazol CAPSULAS ","","Excento de ","$70.62 ","$140.00 ","$140.00 "
"FAUX","Fluconazol/Tinidazol 37.5","","Excento de ","$40.53 ","$83.00 ","$83.00 "
"FLUMIL ","FLUMIL solución 2.0","","Excento de ","$344.18 ","$430.00 ","$430.00 "
"NAFLUR","Flunarizina 5mg c/20 tbs","","Excento de ","$195.83 ","$235.00 ","$235.00 "
"ACEN","Fluocinolona/Metronodazol/ ","","Excento de ","$35.32 ","$70.00 ","$70.00 "
"FLUO","Fluoxetina 20 mg c/14 caps","","Excento de ","$13.68 ","$63.00 ","$63.00 "
"F-EXINA","FLUOXETINA 20MG","","Excento de ","$16.35 ","$35.00 ","$35.00 "
"FLUOX","Fluoxetina 20mg 28tbs","","Excento de ","$35.89 ","$75.00 ","$75.00 "
"ZATIN","Fluoxetina 20mg c/30cps","","Excento de ","$27.10 ","$70.00 ","$70.00 "
"ZATIN ","Fluoxetina Cápsulas 20mg ","","Excento de ","$14.90 ","$32.00 ","$32.00 "
"ANIUP ","Fluoxetina CÁPSULAS 20mg ","","Excento de ","$21.18 ","$45.00 ","$45.00 "
"FHISFL","FLUTICASONA AEROSOL ","","Excento de ","$160.67 ","$345.00 ","$345.00 "
"FH fluti","FLUTICASONA C/60 DOSIS","","Excento de ","$245.11 ","$320.00 ","$320.00 "
"AYTUG","Fluticasona Suspension ","","Excento de ","$389.99 ","$485.00 ","$485.00 "
"FLUTIC","Fluticasona/Salmeterol ","","Excento de ","$165.92 ","$349.00 ","$349.00 "
"FOSSIN ","FOSSIN ONE (Fosfomicina) ","","Excento de ","$369.38 ","$460.00 ","$460.00 "
"FOTOSU","FOTOSUN UV 100 ADULTO ","","Excento de ","$115.71 ","$150.00 ","$150.00 "
"FOTOSU","FOTOSUN UV PROTECTOR ","","Excento de ","$73.72 ","$98.00 ","$98.00 "
"FRAVIT ","FRAVIT AMPOLLETAS ","","Excento de ","$21.26 ","$50.00 ","$50.00 "
"FUMAR","Fumarato Ferroso 200mg ","","Excento de ","$14.43 ","$31.00 ","$31.00 "
"BIOFUR","Fumarato Ferroso 200mg ","","Excento de ","$14.99 ","$30.00 ","$30.00 "
"FUMAR","Fumarato ferroso c/50","","Excento de ","$21.67 ","$44.00 ","$44.00 "
"BIOFUR","Fumarato Ferroso Susp 120 ","","Excento de ","$29.02 ","$50.00 ","$50.00 "
"FUMAVI","Fumarato ferroso TABLETAS ","","Excento de ","$22.50 ","$45.00 ","$45.00 "
"BIOMIS","Furosemida TABLETAS ","","Excento de ","$11.20 ","$25.00 ","$25.00 "
"DIURM","Furosemina 40mg c/20 ","","Excento de ","$13.00 ","$26.00 ","$26.00 "
"klimyn","Furosemina 40mg c/20 ","","Excento de ","$7.51 ","$24.00 ","$24.00 "
"TIMIC","GABAPENTINA 300 MG ","","Excento de ","$43.35 ","$90.00 ","$90.00 "
"MICROL","Gabapentina 300mg c/15 ","","Excento de ","$45.29 ","$97.00 ","$97.00 "
"GABAPE","GABAPENTINA 300MG C/15 ","","Excento de ","$28.10 ","$62.00 ","$62.00 "
"REGALD","Gabapentina 300mg c/15 cps","","Excento de ","$43.34 ","$95.00 ","$95.00 "
"WERMY","GABAPENTINA 300MG ","","Excento de ","$45.33 ","$98.00 ","$98.00 "
"GABAPE","Gabapentina/Tiamina/Cianoc","","Excento de ","$272.41 ","$360.00 ","$360.00 "
"MICROL","GAPAPENTINA  300MG ","","Excento de ","$75.37 ","$145.00 ","$145.00 "
"GARGA","GARGAX 60ML","","Excento de ","$20.00 ","$40.00 ","$40.00 "
"GASA ","GASA 7.5 X 5 CM QUIRMEX","","Excento de ","$0.60 ","$2.00 ","$2.00 "
"gasa ","gasa chica 7.5x5cm caja c/10","","Excento de ","$9.50 ","$16.00 ","$16.00 "
"SUGAS","GASA ESTERIL 7.5X5CM ","","Excento de ","$6.85 ","$16.00 ","$16.00 "
"GASA ","GASA PLUS 10X10 CM C/10 ","","Excento de ","$15.54 ","$28.00 ","$28.00 "
"CAJA ","GASAS C/100","","Excento de ","$60.20 ","$100.00 ","$100.00 "
"GEL ","Gel Anti Piojos 115g GRISI ","","Excento de ","$33.79 ","$55.00 ","$55.00 "
"DELL ","Gel antib Dell 60ml","","Excento de ","$13.57 ","$18.00 ","$18.00 "
"CLEEN ","Gel antibacbterail CLEEN ","","Excento de ","$8.05 ","$20.00 ","$20.00 "
"GEL ","Gel Antibacterial 120ml ","","Excento de ","$12.89 ","$23.00 ","$23.00 "
"GEL ","Gel antibacterial 120ml ","","Excento de ","$20.88 ","$25.00 ","$25.00 "
"CLEEN ","GEL ANTIBACTERIAL ","","Excento de ","$10.50 ","$27.00 ","$27.00 "
"GEL SN ","Gel Antibacterial 1L SAN ","","Excento de ","$50.00 ","$80.00 ","$80.00 "
"Next ","Gel Antibacterial 236ml","","Excento de ","$15.83 ","$20.00 ","$20.00 "
"GEL ","Gel Antibacterial 238ML ","","Excento de ","$10.00 ","$25.00 ","$25.00 "
"GEL ","GEL ANTIBACTERIAL 250 ","","Excento de ","$15.00 ","$30.00 ","$30.00 "
"PROTE","Gel Antibacterial 250ml","","Excento de ","$25.80 ","$36.00 ","$36.00 "
"CLEEN ","GEL ANTIBACTERIAL ","","Excento de ","$28.61 ","$35.00 ","$35.00 "
"LUMAN ","Gel antibacterial 250ml ","","Excento de ","$26.00 ","$35.00 ","$35.00 "
"GEL ","GEL ANTIBACTERIAL 30ML ","","Excento de ","$10.00 ","$18.00 ","$18.00 "
"GEL ","Gel Antibacterial 50ml BYD ","","Excento de ","$12.00 ","$15.00 ","$15.00 "
"GEL ","Gel Antibacterial 60ml","","Excento de ","$13.33 ","$19.00 ","$19.00 "
"GEL ","Gel antibacterial 75ml ","","Excento de ","$9.50 ","$16.00 ","$16.00 "
"MICROG","Gel antibacterial c/150g  ","","Excento de ","$15.32 ","$27.00 ","$27.00 "
"GEL ","Gel Antibacterial ESCUDO ","","Excento de ","$19.31 ","$25.00 ","$25.00 "
"GEL ","GEL ANTIBACTERIAL ","","Excento de ","$12.54 ","$19.00 ","$19.00 "
"GEL ","GEL ANTIBACTERIAL ","","Excento de ","$78.00 ","$100.00 ","$100.00 "
"GEL ","GEL ANTIBACTERIAL ","","Excento de ","$23.07 ","$28.00 ","$28.00 "
"GEL ","GEL ANTIBACTERIAL V ","","Excento de ","$32.80 ","$45.00 ","$45.00 "
"GEL XL3","GEL ANTIBACTERIAL XL3 ","","Excento de ","$35.65 ","$45.00 ","$45.00 "
"GEL ","GEL Antiseptico p/manos ","","Excento de ","$62.60 ","$78.00 ","$78.00 "
"GEL ","GEL EGO ALFA 20ML","","Excento de ","$15.40 ","$25.00 ","$25.00 "
"GEL ","Gel EGO Attraction 200ml","","Excento de ","$14.58 ","$25.00 ","$25.00 "
"GEL ","GEL EGO CONTRA EL ","","Excento de ","$15.70 ","$24.00 ","$24.00 "
"GEL ","GEL EGO CONTROL ","","Excento de ","$14.58 ","$25.00 ","$25.00 "
"GEL ","GEL EGO DURACION ","","Excento de ","$26.20 ","$33.00 ","$33.00 "
"EGO","Gel EGO For Men 200ml","","Excento de ","$15.34 ","$25.00 ","$25.00 "
"GEL ","Gel Ego Force 250ml","","Excento de ","$12.90 ","$16.00 ","$16.00 "
"ULTRAS","Gel Ultra Sonic 250ml","","Excento de ","$84.99 ","$115.00 ","$115.00 "
"GEL ","Gel xtreme  250g","","Excento de ","$10.50 ","$14.50 ","$14.50 "
"GELCA ","Gelcavit Colors c/30 cap","","Excento de ","$55.00 ","$118.00 ","$118.00 "
"GELCAV","GELCAVIT Q-10 CAPSULAS","","Excento de ","$107.60 ","$145.00 ","$145.00 "
"GELMICI","GELMICIN 60GR COLLINS","","Excento de ","$17.77 ","$48.00 ","$48.00 "
"RAYP","Gemfibrozilo 600mg c/24 tab","","Excento de ","$88.61 ","$190.00 ","$190.00 "
"GEMFIB","Gemfibrozilo TABLETAS ","","Excento de ","$73.50 ","$145.00 ","$145.00 "
"GEN 7","Genoprazol 20 mg c/7 caps ","","Excento de ","$24.00 ","$45.00 ","$45.00 "
"GENOP","GENOPRAZOL 20MG C/14 ","","Excento de ","$60.55 ","$76.00 ","$76.00 "
"GEN 20","Genoprazol 20mg Gastritis y ","","Excento de ","$60.00 ","$80.00 ","$80.00 "
"GENOP","GENOPRAZOL CAPSULAS ","","Excento de ","$40.10 ","$50.00 ","$50.00 "
"GENOP","Genoprazol Paq c/7","","Excento de ","$5.89 ","$18.00 ","$18.00 "
"GENTA","Gentamicina iny. 160mg/2ml","","Excento de ","$50.05 ","$105.00 ","$105.00 "
"GENTA","Gentamicina inyectable ","","Excento de ","$43.16 ","$90.00 ","$90.00 "
"GENKO","Gentamicina sol 80mg/2ml ","","Excento de ","$27.08 ","$60.00 ","$60.00 "
"GENTA ","GENTAMICINA SOL. ","","Excento de ","$5.76 ","$25.00 ","$25.00 "
"jeringa ","GERINGA VERDE 5ML C/1","","Excento de ","$2.29 ","$4.50 ","$4.50 "
"GERMO","GERMOUT GEL ","","Excento de ","$4.00 ","$10.00 ","$10.00 "
"GESTRY","GESTRYGEN SOL. ","","Excento de ","$26.20 ","$55.00 ","$55.00 "
"GILLETT","GILLETE PRESTOBARBA 3 ","","Excento de ","$17.00 ","$25.00 ","$25.00 "
"GILLET ","GILLETTE ENDURANCE     ","","Excento de ","$65.40 ","$82.00 ","$82.00 "
"GILLETT","GILLETTE HYDRA GEL ","","Excento de ","$65.40 ","$82.00 ","$82.00 "
"GUILLE","GILLETTE POWER    82GR","","Excento de ","$67.40 ","$79.00 ","$79.00 "
"GILLETT","GILLETTE PRESTOBRABA ","","Excento de ","$58.00 ","$68.00 ","$68.00 "
"GUILLE","GILLETTe SPORT     82GR","","Excento de ","$63.70 ","$79.00 ","$79.00 "
"GIRATE","GIRATEK LLAVE 3 VIAS","","Excento de ","$24.05 ","$50.00 ","$50.00 "
"OCRIX","Glibenclamida 5m c/50 tbs","","Excento de ","$8.16 ","$21.00 ","$21.00 "
"GLIBEN","Glibenclamida 5mg c/50 tab ","","Excento de ","$8.01 ","$30.00 ","$30.00 "
"REGLU","Glibenclamida 5mg c/50 tab ","","Excento de ","$10.34 ","$22.00 ","$22.00 "
"BRUCE","Glibenclamida tsb 5mg","","Excento de ","$8.00 ","$18.00 ","$18.00 "
"GLICERI","Glicerina Clasica 60ml ","","Excento de ","$13.64 ","$18.00 ","$18.00 "
"GLICERI","Glicerina Humectante 70ml ","","Excento de ","$13.70 ","$20.00 ","$20.00 "
"GLIM 2","Glimepirida 2mg c/15 tab","","Excento de ","$9.71 ","$50.00 ","$50.00 "
"ZUKEBI","Glimepirida 2mg c/30 tbs","","Excento de ","$39.41 ","$80.00 ","$80.00 "
"GLIM","Glimepirida 4mg c/15 tab ","","Excento de ","$10.59 ","$65.00 ","$65.00 "
"ADIRIPE","GLIMEPIRIDA TABLETAS ","","Excento de ","$23.62 ","$65.00 ","$65.00 "
"GLIMEP","Glimepirida Tbs 4mg 30tbs","","Excento de ","$44.81 ","$99.00 ","$99.00 "
"ADIRIPE","Glimepirida Tbs 4mg 30tbs ","","Excento de ","$22.05 ","$80.00 ","$80.00 "
"GLICER","GLUCERNA CHOCOLATE ","","Excento de ","$62.28 ","$70.00 ","$70.00 "
"GLUCE","GLUCERNA FRESA 237 ML","","Excento de ","$55.36 ","$70.00 ","$70.00 "
"GLICER","GLUCERNA VAINILLA 237 ","","Excento de ","$74.13 ","$85.00 ","$85.00 "
"ACCU ","Glucometro Accu-Chek ","","Excento de ","$612.00 ","$765.00 ","$765.00 "
"GLUCO","GLUCOMETRO ONE ","","Excento de ","$693.14 ","$900.00 ","$900.00 "
"G-FX ","Glucosamina plus","","Excento de ","$97.50 ","$180.00 ","$180.00 "
"GOICOE","Goicoechea 400ml","","Excento de ","$105.20 ","$140.00 ","$140.00 "
"GOICOE","Goicoechea Arnica y ","","Excento de ","$105.20 ","$140.00 ","$140.00 "
"GOICO","Goicoechea Diabetex 400ml","","Excento de ","$137.00 ","$170.00 ","$170.00 "
"GORRO ","GOORO PLISADO BLANCO ","","Excento de ","$2.00 ","$4.00 ","$4.00 "
"GRUPR","GORRO PLISADO C/U","","Excento de ","$0.90 ","$3.00 ","$3.00 "
"MANZA","GOTAS DE MANZANILLA ","","Excento de ","$73.00 ","$90.00 ","$90.00 "
"GOTER","GOTERO DE PLASTICO C/U","","Excento de ","$4.09 ","$10.00 ","$10.00 "
"GOTINA","GOTINAL MAR DEFENSE ","","Excento de ","$291.53 ","$364.00 ","$364.00 "
"GOTINA","GOTINAL MAR SOFT ","","Excento de ","$244.52 ","$305.00 ","$305.00 "
"GOTINA","GOTINAL SOLUCION ","","Excento de ","$88.96 ","$135.00 ","$135.00 "
"GRAN","GRANEODIN B ","","Excento de ","$103.43 ","$130.00 ","$130.00 "
"GRANE","Graneodin Benzocaina 10mg  ","","Excento de ","$15.50 ","$26.00 ","$26.00 "
"GRANE","GRANEODIN MENTA","","Excento de ","$103.43 ","$130.00 ","$130.00 "
"GRAN ","Graneodin MIEL-LIMON c/24 ","","Excento de ","$103.43 ","$130.00 ","$130.00 "
"GRANE","Graneodin miel-limon c/4","","Excento de ","$27.40 ","$33.00 ","$33.00 "
"GRISI ","Grisi Neutro Hipoalergenico ","","Excento de ","$16.07 ","$20.00 ","$20.00 "
"GEL 60 ","GTEL ANTIBACTERIAL ","","Excento de ","$14.22 ","$19.00 ","$19.00 "
"FLEMIG","Guaeficina,Fenilifrina,","","Excento de ","$26.74 ","$63.00 ","$63.00 "
"FENOC","Guaifenesina-Oxolamina 2.0","","Excento de ","$38.25 ","$75.00 ","$75.00 "
"GUANT","Guante AMBIDERM c/u","","Excento de ","$1.54 ","$5.00 ","$5.00 "
"GUANT ","Guante Esteril CHICO","","Excento de ","$1.85 ","$5.00 ","$5.00 "
"GUANT ","Guante Mediano nitrilo","","Excento de ","$1.18 ","$3.00 ","$3.00 "
"GUANT","Guante Nitrilo Negro c/u","","Excento de ","$1.95 ","$3.00 ","$3.00 "
"GUANT","GUANTE PROTEC VINILO ","","Excento de ","$2.00 ","$3.00 ","$3.00 "
"AMBIDE","GUANTES DE LATEX ","","Excento de ","$3.80 ","$5.00 ","$5.00 "
"GUANT","GUANTES LATEX CIRUGIA ","","Excento de ","$8.21 ","$12.00 ","$12.00 "
"GUANT","Guantes latex NO Esteriles","","Excento de ","$1.10 ","$2.50 ","$2.50 "
"GUANT","GUANTES LATEX PARA ","","Excento de ","$10.26 ","$15.00 ","$15.00 "
"GUAVAT","GUAVATOX HEDERA HELIX ","","Excento de ","$58.99 ","$118.00 ","$118.00 "
"GUM ","GUM CEPILLO ","","Excento de ","$81.17 ","$135.00 ","$135.00 "
"HALDOL ","Haldol Decanoas Solución ","","Excento de ","$823.51 ","$910.00 ","$910.00 "
"HALLS ","halls boost","","Excento de ","$4.31 ","$8.00 ","$8.00 "
"HALLS","HALLS COLORS","","Excento de ","$5.96 ","$9.00 ","$9.00 "
"HALLS ","HALLS EXPLOSION ","","Excento de ","$3.90 ","$8.00 ","$8.00 "
"HALLS ","Halls extra Strong","","Excento de ","$4.23 ","$8.00 ","$8.00 "
"HALLS ","HALLS MENTA","","Excento de ","$3.90 ","$8.00 ","$8.00 "
"HALLS ","Halls Miel ","","Excento de ","$5.45 ","$9.00 ","$9.00 "
"HALLS ","HALLS MORA AZUL","","Excento de ","$5.96 ","$9.00 ","$9.00 "
"hlls","Halls Sabores","","Excento de ","$3.60 ","$6.50 ","$6.50 "
"HALLS ","HALLS YERBA BUENA","","Excento de ","$4.60 ","$8.00 ","$8.00 "
"HALOPE","Haloperidol Sol.Inyectable ","","Excento de ","$637.95 ","$734.00 ","$734.00 "
"HALLS ","HALS CEREZA ","","Excento de ","$5.96 ","$9.00 ","$9.00 "
"FLENAL","HEDERA HELIX JARABE ","","Excento de ","$46.96 ","$95.00 ","$95.00 "
"PANOT","Hedera Helix Jrbe 0.7g/100ml","","Excento de ","$220.63 ","$265.00 ","$265.00 "
"HEMOSI","HEMOSIN-K 25MG/5MG ","","Excento de ","$300.30 ","$350.00 ","$350.00 "
"HEMOSI","Hemosin-K jbe 100mg/30mg ","","Excento de ","$189.00 ","$229.00 ","$229.00 "
"HERKLI","Herklin Spray 120 ml","","Excento de ","$114.30 ","$150.00 ","$150.00 "
"HIDRAS","HIDRASEC 10MG C/18 ","","Excento de ","$232.61 ","$294.00 ","$294.00 "
"HIDRAS","HIDRASOR NATURAL ","","Excento de ","$4.88 ","$8.00 ","$8.00 "
"HIDRIVI","Hidrivier  Hedera Helix ","","Excento de ","$29.30 ","$68.00 ","$68.00 "
"ACORTI","Hidroclorotiazida 25mg c/20 ","","Excento de ","$37.27 ","$55.00 ","$55.00 "
"HIDROC","Hidroclorotiazida 25mg c/20 ","","Excento de ","$11.11 ","$45.00 ","$45.00 "
"HIDROC","Hidroclorotiazida 25mg ","","Excento de ","$12.05 ","$30.00 ","$30.00 "
"HIDROC","HIDROCLOROTIAZIDA ","","Excento de ","$15.60 ","$40.00 ","$40.00 "
"HIDROC","HIDROCLOROTIAZIDA ","","Excento de ","$12.38 ","$25.00 ","$25.00 "
"COLICO","HIDROCORTISONA 2.5% ","","Excento de ","$78.12 ","$168.00 ","$168.00 "
"LULSAD","Hidrocortisona CREMA 1mg ","","Excento de ","$27.16 ","$55.00 ","$55.00 "
"OTOLO","Hidrocortisona/Cloramfenicol/","","Excento de ","$15.60 ","$32.00 ","$32.00 "
"MELOX ","Hidrox de aluminio, magnesio ","","Excento de ","$119.30 ","$149.00 ","$149.00 "
"HIDROX","HIDROXIZINA 10MG C/30 ","","Excento de ","$34.17 ","$63.00 ","$63.00 "
"BEDOY","Hidroxocobalamina, Tiamina, ","","Excento de ","$436.53 ","$546.00 ","$546.00 "
"HIERR ","Hierro Dextran Sol  ","","Excento de ","$73.00 ","$140.00 ","$140.00 "
"FERRA","Hierro/Acido Folico ","","Excento de ","$425.52 ","$450.00 ","$450.00 "
"FLOSSE","Hilo dental con Mango ","","Excento de ","$15.19 ","$30.00 ","$30.00 "
"G-U-M","Hilo Dental G.U.M 129m","","Excento de ","$51.00 ","$64.00 ","$64.00 "
"HILO ","Hilo Dental Oral-B","","Excento de ","$55.98 ","$70.00 ","$70.00 "
"HILO ","Hilo Dental Oral-b 50m","","Excento de ","$54.50 ","$65.00 ","$65.00 "
"HIOSCI","HIOSCINA INYECTABLE ","","Excento de ","$9.40 ","$17.00 ","$17.00 "
"FIUROX ","Hioscina INYECTABLE ","","Excento de ","$7.56 ","$17.00 ","$17.00 "
"HIOSC ","Hioscina Inyerctable ","","Excento de ","$25.20 ","$50.00 ","$50.00 "
"ESPAFA","Hioscina Sol. 6.67mg/ml c/15 ","","Excento de ","$43.80 ","$75.00 ","$75.00 "
"HIOSCI","HIOSCINA TABLETAS 10 ","","Excento de ","$21.67 ","$42.00 ","$42.00 "
"ESOPA","Hioscina/Ibuprofeno ","","Excento de ","$13.30 ","$16.00 ","$16.00 "
"BUSCO","Hioscina/Metamizol sodico ","","Excento de ","$31.49 ","$68.00 ","$68.00 "
"BUSCAP","Hioscina/Paracetamol 10/500 ","","Excento de ","$112.00 ","$145.00 ","$145.00 "
"PASMO","Hioscina/Paracetamol ","","Excento de ","$43.20 ","$95.00 ","$95.00 "
"PRECIC","Hioscina/Paracetamol ","","Excento de ","$45.80 ","$98.00 ","$98.00 "
"HIPOGL","HIPOGLOS ROSADURAS ","","Excento de ","$66.60 ","$85.00 ","$85.00 "
"HIPROM","Hipromelosa Sol 0.5% Gotero ","","Excento de ","$25.97 ","$56.00 ","$56.00 "
"HISTIAC","HISTIACIL FAM ADULTO ","","Excento de ","$118.91 ","$158.00 ","$158.00 "
"HISTIAC","HISTIACIL FAM INFANTIL ","","Excento de ","$150.00 ","$175.00 ","$175.00 "
"HISTIAC","Histiacil FAM Pediatrico 60ml","","Excento de ","$119.00 ","$145.00 ","$145.00 "
"BISTURI ","Hoja Bisturi #21","","Excento de ","$2.50 ","$6.00 ","$6.00 "
"BISTURI ","Hoja Bisturi #22","","Excento de ","$1.80 ","$6.00 ","$6.00 "
"GUAYA ","HOJAS DE GUAYABA","","Excento de ","$40.00 ","$85.00 ","$85.00 "
"HON EX","Honi Cof EX Jarabe Mezcla ","","Excento de ","$46.17 ","$99.00 ","$99.00 "
"KINDER ","Huev Kindert Trolls c/u","","Excento de ","$15.26 ","$19.00 ","$19.00 "
"HUEV ","Huevito Kinder Max Steel c/u","","Excento de ","$17.03 ","$20.00 ","$20.00 "
"HUEVIT","HUEVITO KINDER ","","Excento de ","$18.66 ","$22.00 ","$22.00 "
"HUEV ","Huevo Kinder Barbie","","Excento de ","$18.67 ","$26.00 ","$26.00 "
"KINDER ","Huevo Kinder Dino","","Excento de ","$17.47 ","$26.00 ","$26.00 "
"HUEV ","Huevo Kinder Hot Wells","","Excento de ","$18.66 ","$26.00 ","$26.00 "
"HUEV ","Huevo Kinder Niño Navidad","","Excento de ","$18.66 ","$26.00 ","$26.00 "
"HUGGIE","HUGGIES CUIDADO PURO ","","Excento de ","$38.80 ","$52.00 ","$52.00 "
"IBEROG","IBEROGAST MEZCLA DE ","","Excento de ","$111.75 ","$141.00 ","$141.00 "
"IRBESA","ibesartan 300mg","","Excento de ","$138.67 ","$240.00 ","$240.00 "
"AFLENO  ","Ibuprofeno 100mg/5ml Brul ","","Excento de ","$22.12 ","$50.00 ","$50.00 "
"DOLVER","Ibuprofeno 100mg/5ml ","","Excento de ","$18.33 ","$30.00 ","$30.00 "
"DOLVER ","Ibuprofeno 100mg/5ml ","","Excento de ","$16.90 ","$30.00 ","$30.00 "
"DELOVE","Ibuprofeno 200 mg 20 tbs","","Excento de ","$12.22 ","$23.00 ","$23.00 "
"DOLPRI","Ibuprofeno 200mg c/10 tbs","","Excento de ","$9.71 ","$23.00 ","$23.00 "
"DOLPR","Ibuprofeno 600 c/10 tbs","","Excento de ","$20.00 ","$45.00 ","$45.00 "
"ADVIL ","Ibuprofeno 600mg  c/6 Tbs ","","Excento de ","$75.62 ","$94.00 ","$94.00 "
"ALGIDO","Ibuprofeno 600mg c/10 cps","","Excento de ","$30.00 ","$58.00 ","$58.00 "
"VOCZE","IBUPROFENO 600MG C/20 ","","Excento de ","$25.08 ","$48.00 ","$48.00 "
"DOLVER ","IBUPROFENO 600MG ","","Excento de ","$22.75 ","$45.00 ","$45.00 "
"DOLPR","Ibuprofeno 800mg c/10 ","","Excento de ","$23.87 ","$62.00 ","$62.00 "
"DOLVER ","Ibuprofeno 800mg c/20 tbs","","Excento de ","$34.46 ","$69.00 ","$69.00 "
"GELUBR","IBUPROFENO CAPSULAS ","","Excento de ","$26.32 ","$59.00 ","$59.00 "
"IBUPRO","Ibuprofeno suspension ","","Excento de ","$22.10 ","$55.00 ","$55.00 "
"BRYSBA","IBUPROFENO-CAFEINA ","","Excento de ","$35.00 ","$80.00 ","$80.00 "
"BRYSBA","IBUPROFENO/ CAFEINA ","","Excento de ","$23.57 ","$55.00 ","$55.00 "
"IB´P/CA","Ibuprofeno/Cafeina ","","Excento de ","$23.80 ","$65.00 ","$65.00 "
"afleno","IBUPRPFENO 800MG C/10 ","","Excento de ","$16.50 ","$30.00 ","$30.00 "
"ILIADIN ","Iliadin spray infantil","","Excento de ","$82.60 ","$120.00 ","$120.00 "
"IMPLAN","IMPLANTE ","","Excento de ","$1,235.00 ","$1,800.00 ","$1,800.00 "
"BIOMET","Indometacina (Diorest)25mg ","","Excento de ","$25.00 ","$47.00 ","$47.00 "
"ARTAX","Indometacina 100mg ","","Excento de ","$167.26 ","$299.00 ","$299.00 "
"INDAN","Indometacina 25mg c/30 ","","Excento de ","$16.18 ","$35.00 ","$35.00 "
"BIOMET","Indometacina CÁPSULAS ","","Excento de ","$26.58 ","$50.00 ","$50.00 "
"TRADIT","Indometacina/Betametasona ","","Excento de ","$49.77 ","$100.00 ","$100.00 "
"ARD","Indometacina/Betametasona/","","Excento de ","$59.06 ","$127.00 ","$127.00 "
"INDARZ","Indometacina/Dexametasona ","","Excento de ","$66.48 ","$120.00 ","$120.00 "
"DEXIME","Indometacina/Dexametazona ","","Excento de ","$65.42 ","$135.00 ","$135.00 "
"INOFOLI","INOFOLIC HP CAPSULAS ","","Excento de ","$779.44 ","$1,084.00 ","$1,084.00 "
"IODEX ","IODEX Cristal UNGUENTO ","","Excento de ","$68.07 ","$85.00 ","$85.00 "
"IPRATR","Ipratropio/Salbutamol ","","Excento de ","$140.40 ","$250.00 ","$250.00 "
"IRBESA","Irbesartan  tbs 300mg c/28","","Excento de ","$183.35 ","$250.00 ","$250.00 "
"IRBESA","IRBESARTAN 150MG C/14 ","","Excento de ","$46.30 ","$110.00 ","$110.00 "
"IRBESA","Irbesartan 150mg c/14 tbs   ","","Excento de ","$57.51 ","$120.00 ","$120.00 "
"LICOM ","Isoconazol crema","","Excento de ","$19.66 ","$45.00 ","$45.00 "
"ZOLMIC ","ISOCONAZOL CREMA 1%","","Excento de ","$19.70 ","$42.00 ","$42.00 "
"ZOLMIC","Isoconazol crema 1% Vaginal","","Excento de ","$39.40 ","$80.00 ","$80.00 "
"ISODIN","Isodine Bucofaringeo ","","Excento de ","$107.00 ","$145.00 ","$145.00 "
"ITALDE","Italdermol GASAS Crema ","","Excento de ","$751.80 ","$940.00 ","$940.00 "
"DAZOR","ITRACONAZOL 100MG C/12 ","","Excento de ","$54.35 ","$100.00 ","$100.00 "
"FUZOLT","Itraconazol 100mg c/15 caps","","Excento de ","$60.25 ","$110.00 ","$110.00 "
"RIXTAL","Itraconazol 100mg c/15 caps ","","Excento de ","$42.40 ","$95.00 ","$95.00 "
"ZITRIAS","Itraconazol 100mg c/15 cps","","Excento de ","$39.00 ","$75.00 ","$75.00 "
"Z-FIN","ITRACONAZOL 100MG ","","Excento de ","$39.00 ","$78.00 ","$78.00 "
"SEPIA ","Itraconazol/Secnidazol ","","Excento de ","$110.19 ","$237.00 ","$237.00 "
"VERIDE","IVERMECTINA 6MG C/2 ","","Excento de ","$35.44 ","$100.00 ","$100.00 "
"VERIDE","IVERMECTINA 6MG C/4 ","","Excento de ","$69.50 ","$135.00 ","$135.00 "
"IVEXTE","IVERMECTINA 6MG C/4TAB","","Excento de ","$124.60 ","$190.00 ","$190.00 "
"IVEXTE","IVERMECTINA 6MG ","","Excento de ","$123.06 ","$190.00 ","$190.00 "
"IVERME","IVERMECTINA TABLETAS ","","Excento de ","$80.00 ","$100.00 ","$100.00 "
"ISOCON","Izoconazol 1g/100g c/20g ","","Excento de ","$26.00 ","$52.00 ","$52.00 "
"ASEPXI ","JABON ASEPXIA CARBON ","","Excento de ","$42.38 ","$55.00 ","$55.00 "
"DOVE ","Jabon DOVE 100 G","","Excento de ","$18.00 ","$22.00 ","$22.00 "
"DOVE ","Jabon DOVE Hidratacion ","","Excento de ","$20.00 ","$25.00 ","$25.00 "
"DOVER","Jabon DOVE ","","Excento de ","$20.00 ","$25.00 ","$25.00 "
"GRISI ","Jabon Grisi azufre 100g","","Excento de ","$32.30 ","$43.00 ","$43.00 "
"CONCH","JABON GRISI CONCHA ","","Excento de ","$20.79 ","$30.00 ","$30.00 "
"GRISI ","Jabon Grisi Leche de Burra ","","Excento de ","$20.00 ","$25.00 ","$25.00 "
"grisi ne","Jabon Neutro GRISI","","Excento de ","$16.50 ","$20.00 ","$20.00 "
"NEUTR","Jabon Neutro Grisi 4pk","","Excento de ","$40.00 ","$55.00 ","$55.00 "
"palmone","Jabon Palmolive Neutro 160g","","Excento de ","$13.55 ","$16.50 ","$16.50 "
"ANTIBE","Jabon Quirurgico 120ml","","Excento de ","$21.00 ","$32.00 ","$32.00 "
"ANTIBE","Jabon Quirurgico 500ml","","Excento de ","$25.00 ","$40.00 ","$40.00 "
"JABON ","JABON QUIRURGICO ","","Excento de ","$80.04 ","$118.00 ","$118.00 "
"RICITOS ","JABON RICITOS DE ORO ","","Excento de ","$21.32 ","$27.00 ","$27.00 "
"JANUME","Janumet XR TABLETAS 100-","","Excento de ","$1,426.89 ","$1,678.00 ","$1,678.00 "
"JANUVI","Januvi 100mg c/14 ","","Excento de ","$850.08 ","$1,020.00 ","$1,020.00 "
"BRONC","JARABE BRONCOLIN ","","Excento de ","$110.20 ","$160.00 ","$160.00 "
"JARABE ","JARABE DE GRANADA ","","Excento de ","$37.23 ","$70.00 ","$70.00 "
"GRANA","Jarabe de Granada 50ml","","Excento de ","$7.00 ","$12.00 ","$12.00 "
"NIPRO ","JERINGA 10 ML NIPRO ","","Excento de ","$2.50 ","$7.00 ","$7.00 "
"JER 10 ","JERINGA 10 ML VERDE DL","","Excento de ","$3.19 ","$7.00 ","$7.00 "
"JERING","Jeringa 10ml negra","","Excento de ","$2.96 ","$7.00 ","$7.00 "
"JERING","JERINGA 20ML ","","Excento de ","$4.14 ","$7.00 ","$7.00 "
"JERINF","JERINGA 20ML NEGRA C/U ","","Excento de ","$5.00 ","$8.00 ","$8.00 "
"JER 3 ","JERINGA 3 ML NEGRA BD","","Excento de ","$1.30 ","$3.00 ","$3.00 "
"JER 3 ","JERINGA 3 ML VERDE DL","","Excento de ","$1.45 ","$3.00 ","$3.00 "
"JERINA","JERINGA 3ML NEGRA ","","Excento de ","$2.19 ","$3.50 ","$3.50 "
"JERING","Jeringa 3ml Negra Sensim","","Excento de ","$1.69 ","$4.00 ","$4.00 "
"JERING","JERINGA 3ML VERDE ","","Excento de ","$1.65 ","$3.00 ","$3.00 "
"JER 5ML ","JERINGA 5ML NEGRA BD","","Excento de ","$2.99 ","$6.00 ","$6.00 "
"JERING","JERINGA 5ML NEGRA C/5","","Excento de ","$16.82 ","$25.00 ","$25.00 "
"JER ","JERINGA 5ML VERDE DL","","Excento de ","$1.75 ","$4.00 ","$4.00 "
"JERING","JERINGA AZUL 3ML","","Excento de ","$2.22 ","$3.50 ","$3.50 "
"BD ","JERINGA BD PLASTIPAK ","","Excento de ","$2.36 ","$7.00 ","$7.00 "
"JER ","JERINGA DE INSULINA BD  ","","Excento de ","$4.31 ","$6.00 ","$6.00 "
"JERING","Jeringa Insulina 0.3ml DL ","","Excento de ","$2.99 ","$4.50 ","$4.50 "
"jer insul .","JERINGA INSULINA 0.5 ML ","","Excento de ","$2.77 ","$4.00 ","$4.00 "
"JERING","Jeringa Insulina 0.5ML ","","Excento de ","$2.50 ","$5.00 ","$5.00 "
"JERING","Jeringa insulina 0.5ml nipro","","Excento de ","$2.80 ","$5.00 ","$5.00 "
"Jeringa ","Jeringa insulina 1ml ","","Excento de ","$2.02 ","$4.00 ","$4.00 "
"JERING","JERINGA INSULINA 1ML ","","Excento de ","$2.17 ","$5.00 ","$5.00 "
"JER INS ","Jeringa Insulina 1ml SM","","Excento de ","$1.28 ","$4.00 ","$4.00 "
"GER ","Jeringa Insulina DL c/u","","Excento de ","$2.58 ","$5.00 ","$5.00 "
"PERA ","JERINGA PERA HULE CALI ","","Excento de ","$25.54 ","$35.00 ","$35.00 "
"PERA ","JERINGA PERA HULE CALI ","","Excento de ","$25.54 ","$35.00 ","$35.00 "
"JERING","Jeringa pera hule No. 2","","Excento de ","$18.36 ","$25.00 ","$25.00 "
"JERING","JERINGA VERDE 10ML ","","Excento de ","$2.78 ","$7.00 ","$7.00 "
"Jeringa ","JERINGA vERDE 5ML ","","Excento de ","$1.98 ","$4.00 ","$4.00 "
"CIEL ","Jugo Ciel Mini c/125 ml ","","Excento de ","$1.73 ","$4.00 ","$4.00 "
"CIEL ","Jugo Ciel Mini c/125 ml ","","Excento de ","$1.73 ","$4.00 ","$4.00 "
"CIEL ","Jugo Ciel Mini c/125ml UVA","","Excento de ","$1.73 ","$4.00 ","$4.00 "
"KALAMY","KALAMYN/ CREMA DE ","","Excento de ","$34.32 ","$60.00 ","$60.00 "
"KARBO","KARBOTON BY GROOMEN","","Excento de ","$10.15 ","$15.00 ","$15.00 "
"KELUAL ","Keluel DS Shampoo 100ml","","Excento de ","$364.20 ","$420.00 ","$420.00 "
"HERKLI","KERKLIN GEL REPELENTE ","","Excento de ","$58.32 ","$85.00 ","$85.00 "
"KETOW","Ketoconazol 200mg c/10 tbs","","Excento de ","$14.05 ","$30.00 ","$30.00 "
"MESSEL","Ketoconazol 200mg c/10 tbs ","","Excento de ","$11.38 ","$30.00 ","$30.00 "
"LIZOBA","Ketoconazol 200mg c/10 tbs ","","Excento de ","$12.24 ","$35.00 ","$35.00 "
"KONAT","Ketoconazol 200mg c/10tbs","","Excento de ","$8.23 ","$25.00 ","$25.00 "
"CONAZ","Ketoconazol Crema 2% 100g","","Excento de ","$121.88 ","$145.00 ","$145.00 "
"KETOC","KETOCONAZOL CREMA 2% ","","Excento de ","$21.00 ","$41.00 ","$41.00 "
"KETOC","Ketoconazol Crema 2.0","","Excento de ","$16.22 ","$35.00 ","$35.00 "
"LOFFY","Ketoconazol/Clindamicina ","","Excento de ","$87.59 ","$190.00 ","$190.00 "
"KETO ","Ketoirolaco 30mg sunlin c/6 ","","Excento de ","$12.18 ","$35.00 ","$35.00 "
"MAVIDO","Ketorolaco 10 mg tabletas ","","Excento de ","$11.32 ","$20.00 ","$20.00 "
"LOROTE","Ketorolaco 10 mg Tabletas ","","Excento de ","$7.80 ","$17.00 ","$17.00 "
"KETOR","Ketorolaco 10mg 10tbs","","Excento de ","$5.20 ","$17.00 ","$17.00 "
"DOLIKA","Ketorolaco 10mg v/10 tbs ","","Excento de ","$7.80 ","$18.00 ","$18.00 "
"KETOR","Ketorolaco 30mg c/4 tbs ","","Excento de ","$7.24 ","$25.00 ","$25.00 "
"KETOR ","Ketorolaco 30mg/1ml Iny c/3 ","","Excento de ","$14.98 ","$33.00 ","$33.00 "
"KETERO","Ketorolaco con 10 tabletas","","Excento de ","$5.62 ","$20.00 ","$20.00 "
"KETOTO ","KETOROLACO SOL. ","","Excento de ","$9.99 ","$15.00 ","$15.00 "
"MAVIDO","Ketorolaco/Tramadol ","","Excento de ","$43.34 ","$85.00 ","$85.00 "
"ORDEG","KETOROLACO/TRAMADOL ","","Excento de ","$120.30 ","$200.00 ","$200.00 "
"KETOR","Ketorolaco/Tramadol SOL ","","Excento de ","$38.40 ","$83.00 ","$83.00 "
"KIDI","Kiddi Pharmaton Jarabe ","","Excento de ","$237.50 ","$269.00 ","$269.00 "
"KILI LOC","Kilicel Locion c/120ml","","Excento de ","$49.85 ","$70.00 ","$70.00 "
"KILI ","Kilicel Shampoo c/120ml","","Excento de ","$39.18 ","$70.00 ","$70.00 "
"KINDER ","KINDER BUENO WHITR ","","Excento de ","$16.99 ","$20.00 ","$20.00 "
"KINDER ","KINDER BUENO ×2","","Excento de ","$20.86 ","$25.00 ","$25.00 "
"KINDER ","KINDER BUNNY HOUSE  ","","Excento de ","$110.00 ","$125.00 ","$125.00 "
"KIND CH","KINDER CHOCOLATE","","Excento de ","$4.64 ","$7.00 ","$7.00 "
"KINDER","KINDER DELICE","","Excento de ","$12.53 ","$14.00 ","$14.00 "
"KIN ","KINDER DELICE FRESA","","Excento de ","$7.32 ","$10.00 ","$10.00 "
"KINDER ","KINDER HAPPY HIPPO C/5","","Excento de ","$15.00 ","$18.00 ","$18.00 "
"kinder na","Kinder Sorpresa Niña","","Excento de ","$21.14 ","$26.00 ","$26.00 "
"kinder no","Kinder Sorpresa Niño","","Excento de ","$21.14 ","$26.00 ","$26.00 "
"KINDER ","Kinder Sorpresa Niño Katons","","Excento de ","$17.83 ","$22.00 ","$22.00 "
"HERKLI","Kit Herklin 3 pasos ","","Excento de ","$271.95 ","$270.00 ","$270.00 "
"KIT ","KIT INFANTIL REGRESO A ","","Excento de ","$45.00 ","$70.00 ","$70.00 "
"KIT ","KIT INFANTIL- REGRESO A ","","Excento de ","$45.00 ","$70.00 ","$70.00 "
"KIT ","KIT INFANTIL- REGRESO A ","","Excento de ","$45.00 ","$70.00 ","$70.00 "
"KIT ","Kit nebulizador Infantil c/1","","Excento de ","$28.47 ","$68.00 ","$68.00 "
"ORTHO","Kit Ortodoncia","","Excento de ","$126.75 ","$158.00 ","$158.00 "
"KIT ","KIT PARA PRUEBA DE ","","Excento de ","$31.78 ","$60.00 ","$60.00 "
"ESTUCH","Kit Uñas bebe","","Excento de ","$67.00 ","$80.00 ","$80.00 "
"KIT GUM","Kit viajero GUM","","Excento de ","$58.06 ","$72.00 ","$72.00 "
"KITOSC","KITOSCELL GEL PFD 10G ","","Excento de ","$249.17 ","$350.00 ","$350.00 "
"KIUTS ","KIUTS COTONETES C/100","","Excento de ","$18.13 ","$22.00 ","$22.00 "
"KIUTS ","KIUTS ","","Excento de ","$6.50 ","$10.00 ","$10.00 "
"KL ","KLEENEX PAÑUELOS ","","Excento de ","$27.00 ","$35.00 ","$35.00 "
"KLENEX ","Klenex ColdCare 80 ","","Excento de ","$32.80 ","$42.00 ","$42.00 "
"KN95 ","KN95 NEGRO ","","Excento de ","$20.00 ","$40.00 ","$40.00 "
"KOLEST","KOLESTON BORGOÑA #46 ","","Excento de ","$64.50 ","$80.00 ","$80.00 "
"ktxntrlsla","Kotex Naturals Protector ","","Excento de ","$25.50 ","$31.00 ","$31.00 "
"LABELL","LABELLO ALOE Y ","","Excento de ","$53.30 ","$63.00 ","$63.00 "
"LABELL","Labello Caring Beauty","","Excento de ","$78.90 ","$99.00 ","$99.00 "
"LAB ","Labello Cereza ","","Excento de ","$57.36 ","$72.00 ","$72.00 "
"LABELL","Labello Edicion especial","","Excento de ","$25.00 ","$42.00 ","$42.00 "
"LAB ","Labello Fresa  ","","Excento de ","$62.35 ","$78.00 ","$78.00 "
"LABELL","LABELLO MANGO ","","Excento de ","$52.00 ","$58.00 ","$58.00 "
"LABELL","Labello Med Repair|","","Excento de ","$54.00 ","$67.00 ","$67.00 "
"LAB ","Labello ORIGINAL","","Excento de ","$61.96 ","$77.00 ","$77.00 "
"BLISTEX ","Labial Frutos Rojos Blistex","","Excento de ","$47.50 ","$60.00 ","$60.00 "
"LACTAC","Lactacyd fresh 220ml","","Excento de ","$50.00 ","$75.00 ","$75.00 "
"LACTIV ","LACTIV GOMITAS C/40","","Excento de ","$75.35 ","$125.00 ","$125.00 "
"LACTIV ","Lactiv Kids Suspension 9.4ml","","Excento de ","$60.63 ","$80.00 ","$80.00 "
"LACTIV","Lactobacilos y Avena c/30 tbs","","Excento de ","$42.00 ","$90.00 ","$90.00 "
"OPPELV","LACTULOSA C/125ML ","","Excento de ","$51.66 ","$105.00 ","$105.00 "
"LACTUL","Lactulosa JARABE 66.7","","Excento de ","$60.00 ","$110.00 ","$110.00 "
"QUIMTU","LACTULOSA JARABE ","","Excento de ","$58.32 ","$105.00 ","$105.00 "
"LADIAD","Ladiades 1.5mg c/1 ","","Excento de ","$18.80 ","$60.00 ","$60.00 "
"LADY ","LADY SPEED STICK 91 GR ","","Excento de ","$74.82 ","$94.00 ","$94.00 "
"LADY ","LADY SPEED STICK GEL   ","","Excento de ","$57.55 ","$72.00 ","$72.00 "
"SPLASH ","Lagrima Artificial 15ml","","Excento de ","$147.50 ","$185.00 ","$185.00 "
"LAKESI","LAKESIA  SOLUCION  ","","Excento de ","$79.11 ","$100.00 ","$100.00 "
"LANCET","LANCETA BENESTA CON ","","Excento de ","$100.00 ","$150.00 ","$150.00 "
"CARESE","LANCETA ESTERIL ","","Excento de ","$94.93 ","$125.00 ","$125.00 "
"LANCET","LANCETA ESTERIL ","","Excento de ","$104.00 ","$150.00 ","$150.00 "
"LABCET","LANCETA UNIVERSAL DL ","","Excento de ","$157.50 ","$198.00 ","$198.00 "
"LANCET","Lanceta Universal HD1006 ","","Excento de ","$70.00 ","$120.00 ","$120.00 "
"LANCET","Lanceta Universal Microlet ","","Excento de ","$34.00 ","$50.00 ","$50.00 "
"ACCU-","LANCETAS C/100 ACCU-","","Excento de ","$176.95 ","$245.00 ","$245.00 "
"LANCET","Lancetas Esteriles 30g c/100","","Excento de ","$102.50 ","$150.00 ","$150.00 "
"LANCET","LANCETAS ON.CALL 30G ","","Excento de ","$103.95 ","$170.00 ","$170.00 "
"LANZOP","LANZOPRAZOL 15 MG C/14 ","","Excento de ","$23.40 ","$47.00 ","$47.00 "
"SERAX","Lanzoprazol 15mg c/14 caps ","","Excento de ","$19.78 ","$38.00 ","$38.00 "
"AVANCI","LANZOPRAZOL 30 MG ","","Excento de ","$31.55 ","$63.00 ","$63.00 "
"LARITO","LARITOL D JARABE ","","Excento de ","$36.69 ","$78.00 ","$78.00 "
"AMPICIL","LAUR SOL.INYECTABLE C/3","","Excento de ","$68.70 ","$150.00 ","$150.00 "
"NORME","LECHE DE MAGNESIA ","","Excento de ","$13.97 ","$20.00 ","$20.00 "
"NAN ","Leche Nan  360g","","Excento de ","$161.50 ","$170.00 ","$170.00 "
"NAN 2 ","LECHE NAN 3 1.2 KG","","Excento de ","$187.50 ","$248.00 ","$248.00 "
"LECHE ","LECHE NAN 360g 6 A 12 ","","Excento de ","$131.90 ","$150.00 ","$150.00 "
"LEVON","Leconogestrel c/1 tb ULTRA","","Excento de ","$22.55 ","$70.00 ","$70.00 "
"LEFLUN","LEFLUNOMIDA 20MG C/30 ","","Excento de ","$128.13 ","$170.00 ","$170.00 "
"LEVA","LEVADURA DE CERVEZA ","","Excento de ","$40.67 ","$80.00 ","$80.00 "
"LEVADU","LEVADURA DE CERVEZA ","","Excento de ","$33.62 ","$65.00 ","$65.00 "
"EVICOV","Levetiracetam 1000mg c/30 ","","Excento de ","$140.25 ","$297.00 ","$297.00 "
"LEVETI","LEVETIRACETAM 500 MG ","","Excento de ","$211.22 ","$325.00 ","$325.00 "
"KOMZIM","Levoceirizina Tabs 5mg c/10","","Excento de ","$76.12 ","$130.00 ","$130.00 "
"ESGAR","Levocetirizina 5mg c/10 Caps ","","Excento de ","$42.41 ","$90.00 ","$90.00 "
"BOCETI","Levocetirizina 5mg c/10 tbs ","","Excento de ","$43.76 ","$90.00 ","$90.00 "
"BOCETI","Levocetirizina TABLETAS ","","Excento de ","$41.69 ","$83.00 ","$83.00 "
"BELAZIX ","Levocetirizina TABLETAS ","","Excento de ","$67.84 ","$145.00 ","$145.00 "
"VELATU","Levodropropizinna 600mg sol ","","Excento de ","$54.11 ","$109.00 ","$109.00 "
"SIBOFIX","lEVOFLOXACINO 500MG  ","","Excento de ","$41.37 ","$88.00 ","$88.00 "
"SIBOFIX ","LEVOFLOXACINO 500MG ","","Excento de ","$33.58 ","$75.00 ","$75.00 "
"PROXS","Levofloxacino 500mg c/7 tbs","","Excento de ","$26.49 ","$85.00 ","$85.00 "
"LEVOFL","LEVOFLOXACINO 500MG ","","Excento de ","$37.35 ","$75.00 ","$75.00 "
"LEVOFL","Levofloxacino tabletas 750mg","","Excento de ","$43.23 ","$90.00 ","$90.00 "
"UNIQUI","LEVOFLOXACINO ","","Excento de ","$70.29 ","$120.00 ","$120.00 "
"LEV","Levonogestrel 1.5mg c/1 tab ","","Excento de ","$55.69 ","$90.00 ","$90.00 "
"LEVO ","Levonogestrel 1.5mg c/1 tb ","","Excento de ","$20.31 ","$60.00 ","$60.00 "
"LEVO","Levonogestrel 1.5mg c/1tab ","","Excento de ","$22.50 ","$70.00 ","$70.00 "
"SEGFE","Levonogestrel, Estradiol 0.15","","Excento de ","$25.12 ","$55.00 ","$55.00 "
"LEVON","Levonogestrel, Etinilestradiol ","","Excento de ","$27.33 ","$55.00 ","$55.00 "
"SEGFE","Levonogestrel/Etinilestradiol ","","Excento de ","$24.70 ","$55.00 ","$55.00 "
"LEVON","LEVONORGESTREL C/1","","Excento de ","$20.73 ","$70.00 ","$70.00 "
"LEVOT ","Levotiroxina 100mg c/100tbs ","","Excento de ","$52.96 ","$114.00 ","$114.00 "
"LEVOTI","LEVOTIROXINA SODICA ","","Excento de ","$54.20 ","$120.00 ","$120.00 "
"GOOD","Lidocain/ Hidrocortisona  ","","Excento de ","$37.82 ","$75.00 ","$75.00 "
"PISACAI","Lidocaina 20mg/ml","","Excento de ","$69.25 ","$95.00 ","$95.00 "
"SENSI","Lidocaina 5% unguento    ","","Excento de ","$23.57 ","$51.00 ","$51.00 "
"LIDOCAI","LIDOCAINA GEL 5% C/35 G","","Excento de ","$25.20 ","$49.00 ","$49.00 "
"PHARM","LIDOCAINA SOLUCION 10% ","","Excento de ","$122.11 ","$259.00 ","$259.00 "
"DESYN","LIDOCAINA/* ","","Excento de ","$35.39 ","$75.00 ","$75.00 "
"ARTIZO","Lidocaina/Hidrocortisona ","","Excento de ","$26.70 ","$50.00 ","$50.00 "
"ZISUAL ","Lidocaina/Hidrocortisona ","","Excento de ","$59.60 ","$128.00 ","$128.00 "
"Dermano","Lidocaina/Hidrocortizona","","Excento de ","$25.91 ","$50.00 ","$50.00 "
"LIMA ","LIMA BEAUTY COLORS  ","","Excento de ","$4.47 ","$10.00 ","$10.00 "
"LIMA ","LIMA NEGRA CHICA","","Excento de ","$2.20 ","$5.00 ","$5.00 "
"LIMA ","LIMA PARA UÑAS C/100 ","","Excento de ","$0.41 ","$2.50 ","$2.50 "
"LIMAS ","LIMAS C/10 PAQUETE ","","Excento de ","$10.00 ","$18.00 ","$18.00 "
"LINAZA ","Linaza Molida PREMIER","","Excento de ","$82.90 ","$83.00 ","$83.00 "
"LINCOM","Lincomicina Iny 600mh/2ml ","","Excento de ","$43.64 ","$90.00 ","$90.00 "
"KESIP","Lisinopril 10 mg c/30 tab ","","Excento de ","$20.49 ","$50.00 ","$50.00 "
"DOSTE","LISINOPRIL 10 MG C/30 ","","Excento de ","$25.90 ","$46.00 ","$46.00 "
"LISTERI","Listerine 180ml menta fresca","","Excento de ","$45.70 ","$60.00 ","$60.00 "
"LISTERI","Listerine COOL Mint 250ml","","Excento de ","$52.20 ","$65.00 ","$65.00 "
"Enjuagu","listerine Cool Mint C/180ML","","Excento de ","$38.20 ","$60.00 ","$60.00 "
"LISTWHI","Listerine Enjuage Bucal ","","Excento de ","$68.00 ","$83.00 ","$83.00 "
"LISTERI","Listerine Ultraclean Frescura ","","Excento de ","$51.60 ","$65.00 ","$65.00 "
"LIST ","LISTERINE ZERO   95ML  ","","Excento de ","$15.00 ","$22.00 ","$22.00 "
"LISTERI","Listerine Zero Control Sarro","","Excento de ","$59.70 ","$75.00 ","$75.00 "
"LITASIN","LITASINA ACIDO ","","Excento de ","$64.73 ","$90.00 ","$90.00 "
"JOHON","Locion Antimosquitos 100ml ","","Excento de ","$55.30 ","$66.00 ","$66.00 "
"LOMEC","Lomecan Ovulos c/3","","Excento de ","$123.20 ","$153.00 ","$153.00 "
"LOP ","Loperamida 2mg 12tbs ","","Excento de ","$12.00 ","$25.00 ","$25.00 "
"NODIAM","Loperamida 2mg c/12 tab ","","Excento de ","$5.03 ","$15.00 ","$15.00 "
"TARMIN","Loperamida 2mg c/12 tbs ","","Excento de ","$9.42 ","$29.00 ","$29.00 "
"LARITO","LORATADINA 10 MG ","","Excento de ","$12.09 ","$25.00 ","$25.00 "
"LORATA","Loratadina 10mg c/10 tbs","","Excento de ","$26.50 ","$35.00 ","$35.00 "
"GRIM","Loratadina 10mg c/20","","Excento de ","$8.34 ","$25.00 ","$25.00 "
"LOVARI","Loratadina 10mg Tbs ","","Excento de ","$12.68 ","$35.00 ","$35.00 "
"ALUDIX","LORATADINA JARABE","","Excento de ","$15.87 ","$32.00 ","$32.00 "
"LORATA","Loratadina JARABE 100mg ","","Excento de ","$21.59 ","$45.00 ","$45.00 "
"GRIMER","Loratadina sol 5ml/5mg ","","Excento de ","$13.93 ","$28.00 ","$28.00 "
"LORATA","Loratadina Sol Pediatrica ","","Excento de ","$16.51 ","$51.00 ","$51.00 "
"LARITO","Loratadina TABLETAS 10mg ","","Excento de ","$11.39 ","$25.00 ","$25.00 "
"BRAFEL","Loratadina, Fenilefrina jarabe","","Excento de ","$21.26 ","$45.00 ","$45.00 "
"GRISTA","Loratadina-Ambroxol 100mg-","","Excento de ","$14.08 ","$30.00 ","$30.00 "
"FHlmless","Loratadina/Ambroxol ","","Excento de ","$21.00 ","$42.00 ","$42.00 "
"CILONA","LORATADINA/AMBROXOL ","","Excento de ","$27.14 ","$75.00 ","$75.00 "
"BISINCO","Loratadina/Ambroxol jarabe ","","Excento de ","$24.15 ","$45.00 ","$45.00 "
"ERISPA","Loratadina/Betametasona ","","Excento de ","$33.15 ","$70.00 ","$70.00 "
"COB NS","Loratadina/Betametasona ","","Excento de ","$22.12 ","$50.00 ","$50.00 "
"TAMEX ","Loratadina/Betametasona Sol ","","Excento de ","$45.54 ","$92.00 ","$92.00 "
"LORATA","Lortadina/fenilefrina jarabe ","","Excento de ","$3.93 ","$80.00 ","$80.00 "
"ALDER","Losartan 100ng c/15 tbs","","Excento de ","$20.36 ","$62.00 ","$62.00 "
"LOSART","LOSARTAN 50 MG AVICIOA ","","Excento de ","$16.25 ","$59.00 ","$59.00 "
"STAARS","LOSARTAN 50 MG C/30 TAB   ","","Excento de ","$21.07 ","$50.00 ","$50.00 "
"LOSAR ","LOSARTAN 50MG C/30 ","","Excento de ","$11.40 ","$45.00 ","$45.00 "
"ALD","Losartan 50mg c/30 tab","","Excento de ","$22.95 ","$55.00 ","$55.00 "
"LOSART","Losartan 50mg c/30 tab all","","Excento de ","$12.32 ","$54.00 ","$54.00 "
"lLOSAR ","LOSARTAN TABLETAS ","","Excento de ","$12.57 ","$50.00 ","$50.00 "
"LOSAR","Losartan-Hidroclorotiazida ","","Excento de ","$34.97 ","$90.00 ","$90.00 "
"LOSART","LOSARTAN/ ","","Excento de ","$20.00 ","$80.00 ","$80.00 "
"CO-TA ","Losartan/Hidroclorotiazida ","","Excento de ","$75.40 ","$155.00 ","$155.00 "
"CO-TAR ","Losartan/Hidroclorotiazida ","","Excento de ","$91.10 ","$180.00 ","$180.00 "
"losar-","LOSARTAN/HIDROCLOROT","","Excento de ","$16.94 ","$35.00 ","$35.00 "
"CO-TA","Losartan/Hidroclorotiazida ","","Excento de ","$96.39 ","$180.00 ","$180.00 "
"CO-TA ","Losartan/Hidroclorotiazina ","","Excento de ","$48.11 ","$85.00 ","$85.00 "
"DESOD","LOTRIMIN PREVENT","","Excento de ","$69.31 ","$87.00 ","$87.00 "
"LOXCEL ","Loxcel Junior may 7 años","","Excento de ","$84.10 ","$105.00 ","$105.00 "
"LOXONI","LOXOPROFENO 60MG ","","Excento de ","$251.88 ","$300.00 ","$300.00 "
"prudenc","Lubricante gROSELLA 75ml ","","Excento de ","$76.80 ","$98.00 ","$98.00 "
"PRUDE","Lubricante NARA 75ml ","","Excento de ","$59.70 ","$80.00 ","$80.00 "
"PRUD L","Lubricante Natural ","","Excento de ","$73.34 ","$98.00 ","$98.00 "
"PRUDE","Lubricante Prudence Natural  ","","Excento de ","$100.84 ","$120.00 ","$120.00 "
"PRUDE","Lubricante uva 75ml ","","Excento de ","$66.00 ","$98.00 ","$98.00 "
"LUBRID","LUBRIDERM CREMA PIEL ","","Excento de ","$49.89 ","$55.00 ","$55.00 "
"LUBRID","Lubriderm proteccion solar","","Excento de ","$52.20 ","$65.00 ","$65.00 "
"LUBRID ","Lubriderm proteccion Solar ","","Excento de ","$81.14 ","$95.00 ","$95.00 "
"LUBRID","Lubriderm Reparación ","","Excento de ","$65.46 ","$95.00 ","$95.00 "
"LUB","Lubriderm Reparasion ","","Excento de ","$54.00 ","$68.00 ","$68.00 "
"LUBRO ","LUBRIDERM TAPA ","","Excento de ","$49.90 ","$63.00 ","$63.00 "
"LUGAXI","LUGAXIL 800.000 UI SOL. ","","Excento de ","$10.90 ","$22.00 ","$22.00 "
"LIMBOX","LUMBOXEN GEL ROSA ","","Excento de ","$39.69 ","$70.00 ","$70.00 "
"PARCH","Lumboxen PARCHE de Gel ","","Excento de ","$17.15 ","$35.00 ","$35.00 "
"LYSOL ","LYSOL DESINFECTANTE ","","Excento de ","$55.00 ","$90.00 ","$90.00 "
"M ","M FRESA","","Excento de ","$68.00 ","$85.00 ","$85.00 "
"M.V.I. 12","M.V.I. 12 aDULTO ","","Excento de ","$92.20 ","$140.00 ","$140.00 "
"MACUH","MacuHealt CAPSULAS c/30 ","","Excento de ","$596.73 ","$650.00 ","$650.00 "
"GQF ","MAGALDRATO/ ","","Excento de ","$56.06 ","$110.00 ","$110.00 "
"RIOPAM ","Magaldrato/Dimeticona c/10 ","","Excento de ","$114.48 ","$150.00 ","$150.00 "
"NUBY ","Mamila Antigoteo Cuello ","","Excento de ","$42.00 ","$52.00 ","$52.00 "
"MAMILA ","MAMILA CON ALAS C/U","","Excento de ","$4.30 ","$8.00 ","$8.00 "
"NUBY ","Mamila NUBY Silicon ","","Excento de ","$51.00 ","$68.00 ","$68.00 "
"MAMILA ","MAMILA REDONDA C/U","","Excento de ","$4.27 ","$8.00 ","$8.00 "
"ASEPX ","Maquillaje Asepxia Claro ","","Excento de ","$85.00 ","$100.00 ","$100.00 "
"MASC ","Mascarilla con nebulizador ","","Excento de ","$38.17 ","$75.00 ","$75.00 "
"MASCA","MASCARILLA DE OXIGENO ","","Excento de ","$64.00 ","$100.00 ","$100.00 "
"MASCA","Mascarilla Nebulizar ","","Excento de ","$35.99 ","$80.00 ","$80.00 "
"MASC ","Mascarilla p/nebulizar Adulto","","Excento de ","$38.22 ","$100.00 ","$100.00 "
"MASCA","Mascarilla p/Nebulizar Adulto ","","Excento de ","$43.75 ","$94.00 ","$94.00 "
"MASC ","Mascarilla p/nebulizar Niño ","","Excento de ","$79.50 ","$110.00 ","$110.00 "
"MASC ","Mascarilla p/nebulizar Niño 1","","Excento de ","$73.50 ","$100.00 ","$100.00 "
"MASCA","MASCARILLA PARA NEBUL ","","Excento de ","$43.12 ","$90.00 ","$90.00 "
"MARC  ","MASCARILLA PARA ","","Excento de ","$70.00 ","$100.00 ","$100.00 "
"MASC ","Mascarilla para nebulizar ","","Excento de ","$35.29 ","$69.00 ","$69.00 "
"MASCA","Mascarilla para neubulizar ","","Excento de ","$46.97 ","$85.00 ","$85.00 "
"MASCA","MASCARILLA PARA ","","Excento de ","$41.05 ","$82.00 ","$82.00 "
"MASCA","MASCARILLA PEDIATRICA ","","Excento de ","$43.66 ","$100.00 ","$100.00 "
"RUBI ","Maxi Pinza RUBI ","","Excento de ","$10.00 ","$15.00 ","$15.00 "
"EXBEN","Mebendazol 100mg c/6 tbs","","Excento de ","$10.85 ","$21.00 ","$21.00 "
"VERMIC","Mebenzadol Susp 2g/100ml ","","Excento de ","$21.83 ","$47.00 ","$47.00 "
"MECLI/P","Meclizina/Piridoxinaxsol 15ml","","Excento de ","$34.68 ","$68.00 ","$68.00 "
"MEDIBU","Medibutin","","Excento de ","$301.78 ","$380.00 ","$380.00 "
"MEDIPI","MEDIPIOX SHAMPOO ","","Excento de ","$74.60 ","$100.00 ","$100.00 "
"DEPO-","MEDROXIPROGESTERONA ","","Excento de ","$514.75 ","$644.00 ","$644.00 "
"MEN ","Mein kondom Safety c/3","","Excento de ","$30.00 ","$30.00 ","$30.00 "
"REVE","Melatonina 3mg c/60 tab","","Excento de ","$69.30 ","$148.00 ","$148.00 "
"MELOX ","MELOX  PLUS MENTA  C/50 ","","Excento de ","$86.40 ","$110.00 ","$110.00 "
"MELOX ","Melox menta c/360ml","","Excento de ","$128.43 ","$155.00 ","$155.00 "
"RETOF","Meloxicam 15mg c/10 tab","","Excento de ","$8.77 ","$35.00 ","$35.00 "
"AURICA","Meloxicam 15mg c/10 tbs","","Excento de ","$18.08 ","$42.00 ","$42.00 "
"FLEXIVE","Meloxicam 15mg c/10tbs","","Excento de ","$23.43 ","$48.00 ","$48.00 "
"RETOFL","Meloxicam-Metocarbamol ","","Excento de ","$33.07 ","$84.00 ","$84.00 "
"FLEXIVE","Meloxicam/Metocarbamol ","","Excento de ","$66.31 ","$110.00 ","$110.00 "
"OFELIC","Meloxicam/Metocarbamol ","","Excento de ","$41.08 ","$80.00 ","$80.00 "
"MEMAN","Memantina 10mg c/30 tbs","","Excento de ","$104.00 ","$208.00 ","$208.00 "
"MEMAN","Memantina TABLETAS 20mg ","","Excento de ","$127.31 ","$265.00 ","$265.00 "
"MERT R","Merthiolate Rojo Cloruro de ","","Excento de ","$29.89 ","$38.00 ","$38.00 "
"METAMI","Metamisol Sodico 10mg c/10 ","","Excento de ","$6.19 ","$20.00 ","$20.00 "
"MAGNIL ","Metamizol Sod 250mg/5ml ","","Excento de ","$31.62 ","$65.00 ","$65.00 "
"MAGNIL","Metamizol Sodico 1g c/3 amp","","Excento de ","$24.00 ","$51.00 ","$51.00 "
"METAMI","METAMIZOL SODICO ","","Excento de ","$7.07 ","$20.00 ","$20.00 "
"WEST","Metamizol Sodico 500mg c ","","Excento de ","$9.77 ","$20.00 ","$20.00 "
"METAPI","Metamizol Sodico 500mg ","","Excento de ","$6.50 ","$15.00 ","$15.00 "
"BIODOL","METAMIZOL SODICO ","","Excento de ","$26.66 ","$50.00 ","$50.00 "
"FIVERIN","Metamizol Sodico Jarabe inf ","","Excento de ","$25.74 ","$50.00 ","$50.00 "
"PIROME","Metamizol Sodico Sup. ","","Excento de ","$36.94 ","$70.00 ","$70.00 "
"METAMI","Metamizol sodico TABLETAS ","","Excento de ","$7.15 ","$18.00 ","$18.00 "
"ESPAM","METAMIZOL SODICO/ ","","Excento de ","$99.64 ","$150.00 ","$150.00 "
"PASMO","METAMIZOL/ ","","Excento de ","$61.90 ","$110.00 ","$110.00 "
"SRRALP","METAMIZOL/HIOSCINA ","","Excento de ","$38.08 ","$82.00 ","$82.00 "
"METFO","Metformina /glibenclamida ","","Excento de ","$32.75 ","$69.00 ","$69.00 "
"DINAM","Metformina 500mg c/30 tab","","Excento de ","$23.02 ","$50.00 ","$50.00 "
"METFO","Metformina 500mg c/40 tbs","","Excento de ","$27.71 ","$55.00 ","$55.00 "
"DABEX ","Metformina 500mg Lib ","","Excento de ","$300.00 ","$400.00 ","$400.00 "
"MERF ","METFORMINA 850 MG ","","Excento de ","$19.50 ","$40.00 ","$40.00 "
"BIODID ","METFORMINA 850MG ","","Excento de ","$15.73 ","$38.00 ","$38.00 "
"METIX","Metformina 850mg c/30 tab","","Excento de ","$20.73 ","$40.00 ","$40.00 "
"METFO","Metformina 850mg c/30 tab ","","Excento de ","$20.00 ","$40.00 ","$40.00 "
"GLUN ","Metformina 850mg c/30 tab ","","Excento de ","$11.50 ","$30.00 ","$30.00 "
"MET 850","METFORMINA 850MG C/30 ","","Excento de ","$16.95 ","$39.00 ","$39.00 "
"METFO","Metformina 850mg c/30 tbs ","","Excento de ","$17.94 ","$37.00 ","$37.00 "
"DINORA","Metformina 850mg c/30 tbs ","","Excento de ","$21.79 ","$42.00 ","$42.00 "
"ROBER","METFORMINA 850MG ","","Excento de ","$14.51 ","$38.00 ","$38.00 "
"METFO","Metformina COMPRIMIDOS ","","Excento de ","$80.51 ","$170.00 ","$170.00 "
"METFO","Metformina COMPRIMIDOS ","","Excento de ","$60.93 ","$131.00 ","$131.00 "
"METFO","Metformina COMPRIMIDOS ","","Excento de ","$117.58 ","$253.00 ","$253.00 "
"FICONA","Metformina TABLETA 1g c/30 ","","Excento de ","$197.43 ","$270.00 ","$270.00 "
"METFO","Metformina TABLETAS ","","Excento de ","$64.05 ","$135.00 ","$135.00 "
"ANGLU","Metformina TABLETAS ","","Excento de ","$36.79 ","$60.00 ","$60.00 "
"METI","Metformina/ Glibenclamida ","","Excento de ","$38.68 ","$70.00 ","$70.00 "
"WADIL ","METFORMINA/ ","","Excento de ","$35.60 ","$78.00 ","$78.00 "
"MAVIGL","Metformina/ Glibenclamida ","","Excento de ","$53.62 ","$115.00 ","$115.00 "
"DUO-","Metformina/ Glibenclamida ","","Excento de ","$26.67 ","$60.00 ","$60.00 "
"METFO","Metformina/glibencamida ","","Excento de ","$24.00 ","$45.00 ","$45.00 "
"SIBET","METFORMINA/GLIBENCLA","","Excento de ","$32.50 ","$70.00 ","$70.00 "
"DUO-","Metformina/Glibenclamida ","","Excento de ","$28.30 ","$65.00 ","$65.00 "
"MIFELA","Metformina/Glibenclamida ","","Excento de ","$31.82 ","$65.00 ","$65.00 "
"SONSIM","METFORMINA/GLIBENCLA","","Excento de ","$41.60 ","$90.00 ","$90.00 "
"HIPERM","Metildopa 250mg c/30 tab","","Excento de ","$24.04 ","$55.00 ","$55.00 "
"TOPARA","Metildopa 250mg c/30 ","","Excento de ","$39.60 ","$72.00 ","$72.00 "
"METILP","Metilprednisolona ","","Excento de ","$54.43 ","$115.00 ","$115.00 "
"DISMIN","Metilprednisolona SOL.","","Excento de ","$106.30 ","$180.00 ","$180.00 "
"ML-","Metocarbamol/Ibuprofeno ","","Excento de ","$43.06 ","$93.00 ","$93.00 "
"METOC/","Metocarbamol/Meloxicam ","","Excento de ","$20.43 ","$60.00 ","$60.00 "
"METOC/","Metocarbamol/Meloxicam ","","Excento de ","$20.43 ","$75.00 ","$75.00 "
"RUMOQ","Metocarbol/indometacina/bet","","Excento de ","$23.21 ","$48.00 ","$48.00 "
"CIRULA","Metoclopramida 10mg 20 Tbs","","Excento de ","$7.79 ","$25.00 ","$25.00 "
"GIGEME","Metoclopramida Gotas c/20 ","","Excento de ","$21.02 ","$42.00 ","$42.00 "
"MIPRAM","Metoclopramida TABLETAS ","","Excento de ","$4.33 ","$20.00 ","$20.00 "
"METOC","METOCLOPRAMIDA ","","Excento de ","$7.29 ","$16.00 ","$16.00 "
"SERME","Metoprolol 100mg tc/20 tab","","Excento de ","$23.59 ","$42.00 ","$42.00 "
"PRONT","Metoprolol 100mg tc/20 tab ","","Excento de ","$9.84 ","$30.00 ","$30.00 "
"AC-","Metotrexato TABLETAS 2.5","","Excento de ","$180.00 ","$345.00 ","$345.00 "
"METOT","Metotrop GEL 5% cc/40g ","","Excento de ","$239.20 ","$285.00 ","$285.00 "
"METRO","Metroclopramida ","","Excento de ","$312.16 ","$327.00 ","$327.00 "
"METRO","Metroclopramida Iny ","","Excento de ","$3.20 ","$8.00 ","$8.00 "
"AMEBYL ","Metromidazol ","","Excento de ","$79.99 ","$159.00 ","$159.00 "
"LAMBLI","Metronidazol 500mg c/20 tab ","","Excento de ","$20.00 ","$43.00 ","$43.00 "
"METRO","Metronidazol Susp ","","Excento de ","$25.12 ","$58.00 ","$58.00 "
"BIOTAZ","Metronidazol Susp ","","Excento de ","$14.46 ","$29.00 ","$29.00 "
"ELYZOL","METRONIDAZOL TAB.","","Excento de ","$13.00 ","$30.00 ","$30.00 "
"CENTRA","METRONIDAZOL/CENTELL","","Excento de ","$142.56 ","$299.00 ","$299.00 "
"NORECI","METRONIDAZOL/DIIODOHI","","Excento de ","$28.60 ","$62.00 ","$62.00 "
"STOMEF","Metronidazol/Diyodohidroxiqu","","Excento de ","$68.28 ","$135.00 ","$135.00 "
"FENIME","Metronidazol/Nistatina ","","Excento de ","$34.56 ","$75.00 ","$75.00 "
"NYS","Metronidazol/Nistatina/Fluoci","","Excento de ","$40.01 ","$80.00 ","$80.00 "
"GYNOFF","Metronidazol/Nistatina/Fluoci","","Excento de ","$45.11 ","$90.00 ","$90.00 "
"VANEST","Metroniodazol/Nistatina ","","Excento de ","$41.60 ","$70.00 ","$70.00 "
"NIPRES","Metropolol TABLETAS 100 ","","Excento de ","$11.00 ","$25.00 ","$25.00 "
"TALCO ","MEXSANA TALCO C/80G","","Excento de ","$53.36 ","$67.00 ","$67.00 "
"TALCO ","MEXSANA TALCO SPRAY ","","Excento de ","$74.82 ","$95.00 ","$95.00 "
"NACOMI","MICONAOL CREMA 2% ","","Excento de ","$13.50 ","$26.00 ","$26.00 "
"freshmin","miconazol crema 2%","","Excento de ","$13.40 ","$28.00 ","$28.00 "
"MICONA","MICONAZOL CREMA 2% ","","Excento de ","$15.82 ","$32.00 ","$32.00 "
"MICONA","Miconazol Crema 2% c/20 ","","Excento de ","$16.20 ","$33.00 ","$33.00 "
"LECODE","Miconazol Crema 2% c/20g","","Excento de ","$16.25 ","$28.00 ","$28.00 "
"MICONA","Miconazol Crema 2.0g/100g ","","Excento de ","$12.52 ","$25.00 ","$25.00 "
"MICONA","Miconazol CREMA 2g c/20g ","","Excento de ","$12.88 ","$28.00 ","$28.00 "
"MICROD","Microdacyn 60ml","","Excento de ","$109.00 ","$137.00 ","$137.00 "
"MICROD","Microdacyn Solucón ","","Excento de ","$176.41 ","$220.00 ","$220.00 "
"MILKY","MilkyWay Minis ","","Excento de ","$2.01 ","$4.00 ","$4.00 "
"ASTOPI","Minoxidil 5.0%","","Excento de ","$210.48 ","$245.00 ","$245.00 "
"AGECA","MINOXIDIL SOL. 5%","","Excento de ","$135.80 ","$298.00 ","$298.00 "
"OCIPLO","Mirtazapina TABLETAS ","","Excento de ","$235.53 ","$329.00 ","$329.00 "
"CYRUX","Misoprostol 200mg Tbas","","Excento de ","$211.91 ","$455.00 ","$455.00 "
"SANITIZ","Mist Spray y Solucion","","Excento de ","$250.00 ","$300.00 ","$300.00 "
"MOMET","Mometasona 0.05% ","","Excento de ","$85.50 ","$180.00 ","$180.00 "
"MONTE","MONTELUKAST 10 MG C/30 ","","Excento de ","$53.50 ","$110.00 ","$110.00 "
"MONTE","Montelukast 100mg c/20 tbs ","","Excento de ","$43.12 ","$110.00 ","$110.00 "
"senloir","MONTELUKAST 10MG C/20 ","","Excento de ","$29.01 ","$80.00 ","$80.00 "
"VALTRO","Montelukast 10mg c/20 comp","","Excento de ","$55.44 ","$120.00 ","$120.00 "
"DEBREX","Montelukast 10mg c/20 tbs","","Excento de ","$37.84 ","$110.00 ","$110.00 "
"MONK","Montelukast 10mg c/30 tbs","","Excento de ","$52.18 ","$115.00 ","$115.00 "
"MONTE","Montelukast 5mg c/20 tab ","","Excento de ","$39.47 ","$122.00 ","$122.00 "
"MONTE","Montelukast 5mg c/20 tbs","","Excento de ","$39.47 ","$125.00 ","$125.00 "
"VALTR","Montelukast 5mg tab mast ","","Excento de ","$58.38 ","$118.00 ","$118.00 "
"MILETIC","MONTELUKAST 5MG ","","Excento de ","$48.00 ","$100.00 ","$100.00 "
"MONK-P","MONTELUKAST 5MG ","","Excento de ","$52.59 ","$110.00 ","$110.00 "
"VALTRO","Montelukast COMPRIMIDOS ","","Excento de ","$88.59 ","$175.00 ","$175.00 "
"VALTRO","Montelukast Comprimidos ","","Excento de ","$60.48 ","$115.00 ","$115.00 "
"MONT ","Montelukast GRANULADO ","","Excento de ","$44.55 ","$82.00 ","$82.00 "
"MONTE","Montelukast TABLETAS ","","Excento de ","$35.80 ","$100.00 ","$100.00 "
"CHILL & ","Mordedera c/3 Bright Starts ","","Excento de ","$89.00 ","$110.00 ","$110.00 "
"MORDE","MORDEDERA MICKEY ","","Excento de ","$82.00 ","$105.00 ","$105.00 "
"MORDE","MORDEDERA MINNIE ","","Excento de ","$82.00 ","$105.00 ","$105.00 "
"NUBY ","Mordedera NUBY c/1","","Excento de ","$29.00 ","$35.00 ","$35.00 "
"MORDE","Mordedera Refrigerante ","","Excento de ","$35.00 ","$44.00 ","$44.00 "
"STARBI","Mordedera STARBIEN c/1","","Excento de ","$27.00 ","$37.00 ","$37.00 "
"STARBI","Mordedera Starbien c1","","Excento de ","$28.00 ","$35.00 ","$35.00 "
"NUBY ","Mordedor Suave NUBY 3m+","","Excento de ","$10.00 ","$15.00 ","$15.00 "
"MOXIFL","Moxifloxacino TABLETAS ","","Excento de ","$122.91 ","$350.00 ","$350.00 "
"MUCOA","Mucoajin de menta","","Excento de ","$118.99 ","$135.00 ","$135.00 "
"MUCOF","MUCOFLUX ","","Excento de ","$256.69 ","$321.00 ","$321.00 "
"MUGASI","MUGASIN LIMA-LIMON ","","Excento de ","$135.45 ","$195.00 ","$195.00 "
"KIUTS ","MULTIAPLICADORES ","","Excento de ","$1.77 ","$5.00 ","$5.00 "
"BEDOY","Multivitaminico Complejo ","","Excento de ","$234.72 ","$290.00 ","$290.00 "
"MUÑEQ","Muñequera deportiva Azul ","","Excento de ","$24.48 ","$32.00 ","$32.00 "
"MUÑEQ","MUÑEQUERA DEPORTIVA ","","Excento de ","$29.85 ","$45.00 ","$45.00 "
"BACTR","Mupirocina 2% c/15g","","Excento de ","$319.59 ","$380.00 ","$380.00 "
"MUPIRO","Mupirocina crema 2% c/15g","","Excento de ","$80.75 ","$173.00 ","$173.00 "
"MUSTEL","Mustela Crema Nutritiva ","","Excento de ","$63.00 ","$83.00 ","$83.00 "
"NAFAZO","NAFAZOLINA GOTAS ","","Excento de ","$31.21 ","$65.00 ","$65.00 "
"NAF","Nafazolina So. Oftalmica ","","Excento de ","$27.55 ","$59.00 ","$59.00 "
"NAILEX","NAILEX  RECUPERADOR ","","Excento de ","$49.01 ","$63.00 ","$63.00 "
"PAQ ","Nailex dRsrn Paquete 2*1","","Excento de ","$56.00 ","$79.00 ","$79.00 "
"NAN 1 ","Nan 1 72g","","Excento de ","$200.00 ","$225.00 ","$225.00 "
"NOVAX","Naproxeno 2.5 Susp c/100ml","","Excento de ","$24.78 ","$54.00 ","$54.00 "
"PROXAL","Naproxeno 2.5g/100ml Susp","","Excento de ","$24.18 ","$45.00 ","$45.00 "
"NAPRO","NAPROXENO 250 MG ","","Excento de ","$20.53 ","$40.00 ","$40.00 "
"AQTIQUI","Naproxeno 500mg c/20 tbs","","Excento de ","$30.10 ","$58.00 ","$58.00 "
"ANALGE","Naproxeno 550 ANALGEN","","Excento de ","$65.50 ","$65.00 ","$65.00 "
"INFLAN","Naproxeno 550mg c/12 tbs ","","Excento de ","$31.52 ","$60.00 ","$60.00 "
"NAPSO","Naproxeno Sodico 550mg ","","Excento de ","$22.00 ","$38.00 ","$38.00 "
"FEBRAX ","Naproxeno ","","Excento de ","$202.50 ","$265.00 ","$265.00 "
"FEBRAX","Naproxeno ","","Excento de ","$87.50 ","$90.00 ","$90.00 "
"CARIDO","Naproxeno/ Carisoprodol ","","Excento de ","$78.17 ","$169.00 ","$169.00 "
"CONTR","Naproxeno/Carisoprodol ","","Excento de ","$75.15 ","$162.00 ","$162.00 "
"DECOSI","Naproxeno/Paracetamol  ","","Excento de ","$28.88 ","$58.00 ","$58.00 "
"DECOSI","Naproxeno/Paracetamol ","","Excento de ","$23.81 ","$46.00 ","$46.00 "
"FLAXEN","Naproxeno/Paracetamol ","","Excento de ","$27.42 ","$60.00 ","$60.00 "
"BREMO","NAPROXENO/PARACETAM","","Excento de ","$70.00 ","$80.00 ","$80.00 "
"PROXAL","Naproxeno/Paracetamol c/16 ","","Excento de ","$45.31 ","$105.00 ","$105.00 "
"BRUNA","Naproxeno/Paracetamol ","","Excento de ","$30.89 ","$60.00 ","$60.00 "
"VELSAY","Naproxeno/Paracetamol susp ","","Excento de ","$23.40 ","$60.00 ","$60.00 "
"flaxenol ","NAPROXENO/PARACETAM","","Excento de ","$25.88 ","$50.00 ","$50.00 "
"NAPRO/","NAPROXENO/PARACETAM","","Excento de ","$19.86 ","$40.00 ","$40.00 "
"NEORP","Naproxeno/paracetamol tab.","","Excento de ","$33.50 ","$60.00 ","$60.00 "
"BRAX ","NAPROXENO/PARACETAM","","Excento de ","$15.08 ","$30.00 ","$30.00 "
"NAT ","NATURELLA FLUJO ","","Excento de ","$31.55 ","$37.00 ","$37.00 "
"NATURE","NATURELLA NOCTURNA ","","Excento de ","$32.30 ","$39.00 ","$39.00 "
"NATURE","NATURELLA ","","Excento de ","$38.40 ","$47.00 ","$47.00 "
"Nebapol","Nebapol unguento c/30g","","Excento de ","$333.00 ","$358.00 ","$358.00 "
"NEBIVO","NEBIVOLOL TABLETAS ","","Excento de ","$283.25 ","$320.00 ","$320.00 "
"NENED","NENEDENT ","","Excento de ","$168.35 ","$210.00 ","$210.00 "
"NEOME","Neo-Melubrina 500mg c10 ","","Excento de ","$84.33 ","$115.00 ","$115.00 "
"NEOME","Neo-Melubrina Metamizol ","","Excento de ","$62.00 ","$78.00 ","$78.00 "
"NEODE","NEODEFRIN SOL. NASAL ","","Excento de ","$32.10 ","$65.00 ","$65.00 "
"NEO,","Neomicina, Caolin, Pectina ","","Excento de ","$31.15 ","$60.00 ","$60.00 "
"CIAZYL","Neomicina, Polimixina B, ","","Excento de ","$26.01 ","$48.00 ","$48.00 "
"NEOXIL","Neomicina-Caolin-Pectina  ","","Excento de ","$30.09 ","$60.00 ","$60.00 "
"NEOKA","Neomicina-Caolin-Pectina ","","Excento de ","$31.75 ","$70.00 ","$70.00 "
"OPTAZO","Neomicina-Caolin-Pectina ","","Excento de ","$38.00 ","$70.00 ","$70.00 "
"NEO-","Neomicina/ Polimixina B/ ","","Excento de ","$49.60 ","$100.00 ","$100.00 "
"TREDA ","Neomicina/Caolin/Pectina ","","Excento de ","$150.88 ","$185.00 ","$185.00 "
"NESTU","NESTUM 4 CEREALES +7 ","","Excento de ","$54.10 ","$69.00 ","$69.00 "
"NESTU","NESTUM AVENA +6 ","","Excento de ","$54.10 ","$68.00 ","$68.00 "
"NESTU","Nestum Cereal ARROZ 270g","","Excento de ","$43.28 ","$55.00 ","$55.00 "
"NESTU","NESTUM QUINOA Y 7 ","","Excento de ","$41.20 ","$52.00 ","$52.00 "
"NEURO","NEUROBION TABLETAS ","","Excento de ","$313.00 ","$345.00 ","$345.00 "
"NEURO","Neurobion TABLETAS c/60 ","","Excento de ","$475.36 ","$525.00 ","$525.00 "
"NISTA ","Niatatina Suspension ","","Excento de ","$49.95 ","$100.00 ","$100.00 "
"NIF","Nifedipino 10 mg c/20 caps","","Excento de ","$16.90 ","$32.00 ","$32.00 "
"NIFEZZA","Nifedipino 10mg c/20 cps","","Excento de ","$17.01 ","$32.00 ","$32.00 "
"CORDIL","Nifedipino 10mg Caps c/20","","Excento de ","$24.52 ","$46.00 ","$46.00 "
"NIFE","Nifedipino 30 mg c/30 comp","","Excento de ","$38.10 ","$70.00 ","$70.00 "
"NIFEDIP","NIFEDIPINO 30 MG ","","Excento de ","$37.56 ","$80.00 ","$80.00 "
"NOTINZ","Nifedipino 30mg c/30 comp","","Excento de ","$33.27 ","$60.00 ","$60.00 "
"NIFEDIP","Nifedipino 30mg c/30 Compr ","","Excento de ","$44.44 ","$85.00 ","$85.00 "
"NIFEDIP","NIFEDIPIONO 30 MG COMP ","","Excento de ","$39.48 ","$80.00 ","$80.00 "
"NIKOLO","NIKOLO CHOCOLATE     21 ","","Excento de ","$2.00 ","$5.00 ","$5.00 "
"NIKS","Nikson 90tbs","","Excento de ","$273.00 ","$365.00 ","$365.00 "
"NICK 40 ","NIKZON  40 TABLETAS","","Excento de ","$315.73 ","$395.00 ","$395.00 "
"NIMESU","Nimesulida 100mg c/10 tbs ","","Excento de ","$6.68 ","$28.00 ","$28.00 "
"NIZURIN","Nimesulida 100mg c/10 tbs ","","Excento de ","$13.00 ","$28.00 ","$28.00 "
"NILID","Nimesulida 100mg c/10 tbs ","","Excento de ","$5.75 ","$25.00 ","$25.00 "
"NIMES","Nimesulida 100mg Tbs 10tb","","Excento de ","$7.33 ","$25.00 ","$25.00 "
"REDAFL","NIMESULIDA GEL 2% 40GR","","Excento de ","$24.45 ","$48.00 ","$48.00 "
"SEVERI","Nimesulida Susp 60ml ","","Excento de ","$83.00 ","$110.00 ","$110.00 "
"DEGOR","NIMESULIDA SUSPENSION ","","Excento de ","$16.61 ","$34.00 ","$34.00 "
"NISOLV","NISOLVER PREDNISOLONA ","","Excento de ","$86.48 ","$185.00 ","$185.00 "
"NISTATI","Nistatina 100 000Ul/mL ","","Excento de ","$34.78 ","$68.00 ","$68.00 "
"NITAZO","Nitazoxadina Susp ","","Excento de ","$25.92 ","$55.00 ","$55.00 "
"DAXOM","Nitazoxanida 100mg/5ml ","","Excento de ","$233.75 ","$280.00 ","$280.00 "
"MENZA","Nitrato de Miconazol Crema ","","Excento de ","$11.85 ","$24.00 ","$24.00 "
"NITROF","NITROFURAL 6.0 mg C/6 ","","Excento de ","$20.06 ","$40.00 ","$40.00 "
"FURACI","NITROFURAL C/85G","","Excento de ","$317.55 ","$397.00 ","$397.00 "
"NIVEA ","Nive Sun PFS50+ 125ml","","Excento de ","$133.31 ","$166.00 ","$166.00 "
"NIVE BS ","Nive Sun PFS50+Piel ","","Excento de ","$133.50 ","$160.00 ","$160.00 "
"AFTER ","Nivea After Sun 125ml","","Excento de ","$85.00 ","$110.00 ","$110.00 "
"NIVEA ","NIVEA BLACK INVISIBLE 5 ","","Excento de ","$55.00 ","$68.00 ","$68.00 "
"NIVEA ","NIVEA BLACK INVISIBLE ","","Excento de ","$29.30 ","$42.00 ","$42.00 "
"NIVEA ","NIVEA BLACK WHITE ","","Excento de ","$45.50 ","$53.00 ","$53.00 "
"NIVEA ","NIVEA CREMA FACIAL ","","Excento de ","$22.50 ","$20.00 ","$20.00 "
"NIVEA ","NIVEA CREMA FACIAL ","","Excento de ","$17.50 ","$23.00 ","$23.00 "
"NIVEA ","NIVEA EFECTO SATIN ","","Excento de ","$29.30 ","$42.00 ","$42.00 "
"NIVEA ","NIVEA EFECTO SATIN 48H","","Excento de ","$48.50 ","$57.00 ","$57.00 "
"NIVEA ","NIVEA MEN INVISIBLE 150 ","","Excento de ","$30.00 ","$38.00 ","$38.00 "
"NIVE ","NIVEA MEN INVISIBLE ","","Excento de ","$30.00 ","$38.00 ","$38.00 "
"NIVEA ","Nivea milk Nutritiva 100ml","","Excento de ","$23.00 ","$30.00 ","$30.00 "
"NO-PIO-","No Piojin Shampoo c/125ml","","Excento de ","$33.20 ","$60.00 ","$60.00 "
"NO-PIO-","No Piojin Spray c/120ml","","Excento de ","$47.40 ","$70.00 ","$70.00 "
"FRIN","Norfenefrina 10mg/ml  c/24ml","","Excento de ","$37.67 ","$85.00 ","$85.00 "
"BIOTER","NORFENEFRINA ","","Excento de ","$31.50 ","$70.00 ","$70.00 "
"NORFLE","NORFLEX PLUS TABLETAS ","","Excento de ","$479.03 ","$550.00 ","$550.00 "
"EQUIPO ","NORMOGOTERO 1 PZA","","Excento de ","$11.31 ","$30.00 ","$30.00 "
"NORMO","NORMOGOTERO DL ","","Excento de ","$11.89 ","$30.00 ","$30.00 "
"NUBY ","NUBY TAZA +4M 300ML","","Excento de ","$130.00 ","$155.00 ","$155.00 "
"NUCLE","NUCLEO CMP FORTE ","","Excento de ","$408.99 ","$490.00 ","$490.00 "
"NUTRIS","NUTRISSE CASTAÑO ","","Excento de ","$50.50 ","$68.00 ","$68.00 "
"TINTE ","NUTRISSE ÉBANO NEGRO ","","Excento de ","$50.50 ","$68.00 ","$68.00 "
"NUTRIS","NUTRISSE FRESA 5562 ","","Excento de ","$50.50 ","$68.00 ","$68.00 "
"NUTRIS","NUTRISSE GRANADA 46","","Excento de ","$50.50 ","$68.00 ","$68.00 "
"NUTRIS","NUTRISSE MIEL 73","","Excento de ","$34.30 ","$46.00 ","$46.00 "
"NUTRIS","NUTRISSE MOCHA ","","Excento de ","$50.50 ","$65.00 ","$65.00 "
"NUTRIS","NUTRISSE NEGRO ","","Excento de ","$44.10 ","$54.00 ","$54.00 "
"NUTRIS","NUTRISSE VAINILLA SILVIA ","","Excento de ","$54.70 ","$68.00 ","$68.00 "
"nylon 2-0 ","NYLON 2-0 SUTURA 19MM ","","Excento de ","$44.00 ","$65.00 ","$65.00 "
"NYLON ","NYLON 3-0 CE24 C/U","","Excento de ","$52.00 ","$75.00 ","$75.00 "
"NYLON ","NYLON 3-0/ EP 2CE ","","Excento de ","$36.00 ","$60.00 ","$60.00 "
"NYLON ","NYLON SUTURA 4-0/EP 1.5 ","","Excento de ","$36.00 ","$60.00 ","$60.00 "
"OBAO ","OBAO AEROSOL 48 H 150 ","","Excento de ","$30.00 ","$36.00 ","$36.00 "
"DESOD","Obao de coco natural","","Excento de ","$24.00 ","$30.00 ","$30.00 "
"OBAO ","OBAO RITUAL NATURAL","","Excento de ","$20.80 ","$28.00 ","$28.00 "
"OFF ","OFF Family AEROSOL 170g ","","Excento de ","$88.51 ","$110.00 ","$110.00 "
"OFF ","OFF! Family CREMA ","","Excento de ","$87.48 ","$110.00 ","$110.00 "
"OXATEC","Olanzapina TABLETAS 10mg ","","Excento de ","$37.80 ","$80.00 ","$80.00 "
"OLD ","OLD SPICE AFTER PARTY ","","Excento de ","$39.00 ","$48.00 ","$48.00 "
"OLD ","Old spice fresh 150ml","","Excento de ","$57.60 ","$73.00 ","$73.00 "
"OLD ","Old Spice Leña 150ml","","Excento de ","$62.10 ","$75.00 ","$75.00 "
"OLD ","Old Spice Showtime 150ml","","Excento de ","$37.00 ","$48.00 ","$48.00 "
"OLD ","OLD SPICE SUDOR ","","Excento de ","$61.70 ","$73.00 ","$73.00 "
"OLD ","OLD SPICE WOLFTHORN ","","Excento de ","$62.10 ","$75.00 ","$75.00 "
"ILTUX ","Olmesartan Medoxomilo ","","Excento de ","$502.02 ","$630.00 ","$630.00 "
"OPENV","Olmesartan TABLETAS ","","Excento de ","$501.70 ","$603.00 ","$603.00 "
"OMEGA ","Omega 3 Salmon Plus ","","Excento de ","$343.36 ","$430.00 ","$430.00 "
"OMEPR","OMEPRAZOL  20 MG C/120 ","","Excento de ","$57.00 ","$120.00 ","$120.00 "
"DANOV","Omeprazol 20 mg c/14 cap  ","","Excento de ","$9.90 ","$38.00 ","$38.00 "
"OMEPR","OMEPRAZOL 20 MG C/14 ","","Excento de ","$8.66 ","$30.00 ","$30.00 "
"omyg 7","Omeprazol 20 mg c/7 cap    ","","Excento de ","$6.91 ","$18.00 ","$18.00 "
"AGRIXA","Omeprazol 20mg c/14 Caps ","","Excento de ","$11.70 ","$30.00 ","$30.00 "
"SAROX","Omeprazol 20mg c/14 cps ","","Excento de ","$13.60 ","$39.00 ","$39.00 "
"omep 20 ","OMEPRAZOL 20MG C/60 ","","Excento de ","$33.07 ","$78.00 ","$78.00 "
"OMEP ","Omeprazol 20mg c/60 caps  ","","Excento de ","$35.19 ","$82.00 ","$82.00 "
"OMEP ","OMEPRAZOL 20MG C/60 ","","Excento de ","$46.66 ","$90.00 ","$90.00 "
"ALBOZ","Omeprazol 20mg c/60 cps ","","Excento de ","$27.65 ","$80.00 ","$80.00 "
"omygen ","OMEPRAZOL 20MG ","","Excento de ","$10.30 ","$28.00 ","$28.00 "
"NOVOL","Omeprazol 40mg c/14 cap","","Excento de ","$93.15 ","$170.00 ","$170.00 "
"OMEPR","Omeprazol Caps c/120 20mg ","","Excento de ","$52.92 ","$110.00 ","$110.00 "
"ZINCOL","Ondansetron 8mg c/10 tbs","","Excento de ","$57.93 ","$125.00 ","$125.00 "
"ONE ","ONE TOUCH ULTRA TIRAS ","","Excento de ","$210.00 ","$400.00 ","$400.00 "
"ONE ","ONE ULTRA PRUDENCE ","","Excento de ","$26.38 ","$40.00 ","$40.00 "
"ONETO","OneTouch selec Plus c/50","","Excento de ","$340.12 ","$425.00 ","$425.00 "
"ONOTO","ONOTON C/20 TABLETAS","","Excento de ","$1.00 ","$120.00 ","$120.00 "
"CEPILL","ORAL B ADVANCE ","","Excento de ","$51.40 ","$60.00 ","$60.00 "
"CEPILL","ORAL B CLEAN 123","","Excento de ","$24.60 ","$30.00 ","$30.00 "
"CEPILL","ORAL B SENSITIVE ","","Excento de ","$40.20 ","$48.00 ","$48.00 "
"BELIVA","Orlistat 120mg c/21 Tbs ","","Excento de ","$94.50 ","$205.00 ","$205.00 "
"DEMOL","Orlistat 120mg Caps c/21","","Excento de ","$115.83 ","$215.00 ","$215.00 "
"VASDEC","Orlistat 60mg Capsulas c/30","","Excento de ","$55.76 ","$120.00 ","$120.00 "
"ZENFHL ","Orlistat CÁPSULAS 120mg ","","Excento de ","$100.99 ","$205.00 ","$205.00 "
"VASDEC","ORLISTAT CAPSULAS C/21","","Excento de ","$109.84 ","$205.00 ","$205.00 "
"CLEAR ","Orueba Clear Blue Plus","","Excento de ","$84.90 ","$118.00 ","$118.00 "
"OSELTA","Oseltamivir 75mg c/10 Caps   ","","Excento de ","$182.11 ","$365.00 ","$365.00 "
"WERMIC","Oseltamivir 75mg c/10 Caps ","","Excento de ","$165.45 ","$350.00 ","$350.00 "
"ESTRAN","OSELTAMIVIR CAPSULAS ","","Excento de ","$155.42 ","$320.00 ","$320.00 "
"OSELTA","Oseltamivir CAPSULAS ","","Excento de ","$165.11 ","$350.00 ","$350.00 "
"OSELTA","Oseltamivir Suspension ","","Excento de ","$206.00 ","$325.00 ","$325.00 "
"TAVIDE","Oseltamivir TABLETAS 75mg ","","Excento de ","$125.14 ","$310.00 ","$310.00 "
"ZYMIR-","OSEÑTAMIVIR CHINOIN","","Excento de ","$321.00 ","$395.00 ","$395.00 "
"OXIDO ","Oxido de Zinc 10g c/u","","Excento de ","$1.68 ","$4.00 ","$4.00 "
"HIPOGL","Oxido de Zinc 15% 45g","","Excento de ","$60.30 ","$75.00 ","$75.00 "
"OXID DE ","Oxido de Zinc 25% Pasta ","","Excento de ","$13.98 ","$25.00 ","$25.00 "
"XIMAFHI","Oxido de zinc PASTA 25% ","","Excento de ","$11.45 ","$20.00 ","$20.00 "
"OXIDO ","OXIDO DE ZINC PASTA ","","Excento de ","$14.27 ","$28.00 ","$28.00 "
"COLLIF","Oximetazolina  Inf. 0.025% ","","Excento de ","$31.60 ","$64.00 ","$64.00 "
"VIRINDR","OXIMETAZOLINA 0.050% ","","Excento de ","$27.59 ","$55.00 ","$55.00 "
"ILIADIN ","Oximetazolina Sol 0.05% ","","Excento de ","$91.80 ","$140.00 ","$140.00 "
"COLLIF ","Oximetazolina sol. Adulto ","","Excento de ","$36.89 ","$80.00 ","$80.00 "
"NAZTRI","OXIMETAZOLINA SOL. ","","Excento de ","$36.13 ","$68.00 ","$68.00 "
"VIRINDR","Oximetazolina SOLUCIÓN ","","Excento de ","$20.91 ","$45.00 ","$45.00 "
"AFRIN ","Oximetazolina Susp 0.50","","Excento de ","$83.14 ","$115.00 ","$115.00 "
"OXIMET","OXIMETRO A2 C/U","","Excento de ","$330.00 ","$500.00 ","$500.00 "
"OXIMET","OXIMETRO DE  PULSO ","","Excento de ","$200.00 ","$350.00 ","$350.00 "
"OXIMET","Oximetro de Pulso dedo ","","Excento de ","$286.93 ","$380.00 ","$380.00 "
"OXIMET","Oximetro Infantil XIAOO","","Excento de ","$250.00 ","$350.00 ","$350.00 "
"Oximetro ","Oximetro pulse niño fingertip ","","Excento de ","$160.00 ","$300.00 ","$300.00 "
"OXIMET","OXIMETRO YOBEKAN ","","Excento de ","$180.00 ","$400.00 ","$400.00 "
"OLIADIN ","Oxometazolina Pediátrico ","","Excento de ","$112.22 ","$155.00 ","$155.00 "
"HEATH ","Pads faciales con glicerina ","","Excento de ","$28.07 ","$42.00 ","$42.00 "
"PADS ","PADS FACIALES PROTEC ","","Excento de ","$15.68 ","$26.00 ","$26.00 "
"PALETA ","PALETA API-NATURA MIEL ","","Excento de ","$3.06 ","$5.00 ","$5.00 "
"PALETA ","PALETA BRONCOLIN C/U","","Excento de ","$1.72 ","$3.00 ","$3.00 "
"PALET ","PALETA NAOMIS ","","Excento de ","$1.50 ","$3.00 ","$3.00 "
"PAL OS","Paleta Osito Miel-Limon-","","Excento de ","$2.14 ","$4.00 ","$4.00 "
"PALETA","Paletasd Eucalin c/miel ","","Excento de ","$2.50 ","$5.00 ","$5.00 "
"DIAPRO ","PAÑAL ADULTO ","","Excento de ","$108.63 ","$128.00 ","$128.00 "
"DIAP","Pañal ADULTO DIAPRO ","","Excento de ","$92.10 ","$120.00 ","$120.00 "
"PAÑAL ","PAÑAL DIAPRO CALZON ","","Excento de ","$131.46 ","$165.00 ","$165.00 "
"PAÑAL ","Pañal Predoblado  DIAPRO ","","Excento de ","$83.23 ","$105.00 ","$105.00 "
"PÑLSJM","Pañales Suavelastic Max ","","Excento de ","$124.95 ","$135.00 ","$135.00 "
"PANCLA","PANCLASA GOTAS ","","Excento de ","$197.44 ","$264.00 ","$264.00 "
"ECCER ","Pantoprazol tabletas 40mg","","Excento de ","$25.28 ","$50.00 ","$50.00 "
"ESOAVE","Pantotenato de ","","Excento de ","$80.50 ","$99.00 ","$99.00 "
"GUANT","PAR GUANTES PARA ","","Excento de ","$10.26 ","$15.00 ","$15.00 "
"WAMIND","Paracetamol  Sol Infantil 3.2","","Excento de ","$22.04 ","$45.00 ","$45.00 "
"PIREMO","PARACETAMOL 300MG ","","Excento de ","$18.88 ","$35.00 ","$35.00 "
"ACETIF","PARACETAMOL 500 MG ","","Excento de ","$5.81 ","$15.00 ","$15.00 "
"PARACE","PARACETAMOL 500MG ","","Excento de ","$5.13 ","$12.00 ","$12.00 "
"TEMPR","Paracetamol 650mg Tempra ","","Excento de ","$112.69 ","$141.00 ","$141.00 "
"quitadol ","Paracetamol 750mg c/10 tbs ","","Excento de ","$10.77 ","$22.00 ","$22.00 "
"ACETAF","Paracetamol 750mg c/12 tbs","","Excento de ","$20.26 ","$35.00 ","$35.00 "
"CORIVE","PARACETAMOL 750MG ","","Excento de ","$9.97 ","$25.00 ","$25.00 "
"ANALPH","Paracetamol 75mg c/20 tbs","","Excento de ","$16.23 ","$38.00 ","$38.00 "
"WAMIND","PARACETAMOL GOTAS ","","Excento de ","$12.84 ","$28.00 ","$28.00 "
"FILANC ","PARACETAMOL JARABE ","","Excento de ","$28.64 ","$48.00 ","$48.00 "
"PIREMO","Paracetamol Sol 100mg/1ml","","Excento de ","$17.04 ","$28.00 ","$28.00 "
"ADINOL","Paracetamol Sol 3.5g/100ml ","","Excento de ","$27.82 ","$54.00 ","$54.00 "
"SONS/ ","PARACETAMOL ","","Excento de ","$26.00 ","$45.00 ","$45.00 "
"TEMPE","PARACETAMOL TABLETAS ","","Excento de ","$4.72 ","$10.00 ","$10.00 "
"CORIVE","PARACETAMOL TABLETAS ","","Excento de ","$21.17 ","$46.00 ","$46.00 "
"CARBAF","Paracetamol/ Metocarbamol ","","Excento de ","$41.75 ","$92.00 ","$92.00 "
"FROSD","Paracetamol/Amantadina/Clo","","Excento de ","$17.22 ","$38.00 ","$38.00 "
"BRUNA","Paracetamol/Naproxeno ","","Excento de ","$22.57 ","$40.00 ","$40.00 "
"PROXAL","Paracetamol/Naproxeno c/10 ","","Excento de ","$30.73 ","$55.00 ","$55.00 "
"Pach arn","Parche Árnica ","","Excento de ","$97.34 ","$110.00 ","$110.00 "
"PARCH","Parche Negro","","Excento de ","$73.71 ","$95.00 ","$95.00 "
"PARCH","Parche p Cadera c/1","","Excento de ","$79.30 ","$105.00 ","$105.00 "
"CURITA","PARCHE P/CALLOS C/6 ","","Excento de ","$57.97 ","$69.00 ","$69.00 "
"PAROX","PAROXEINA 20MGC/10 ","","Excento de ","$20.49 ","$45.00 ","$45.00 "
"PAROX","PAROXETINA 20 MG C/20 ","","Excento de ","$36.70 ","$95.00 ","$95.00 "
"PAROX","PAROXETINA 20 MG ","","Excento de ","$18.20 ","$60.00 ","$60.00 "
"CHIPTE","PAROXETINA C/20 ","","Excento de ","$260.22 ","$280.00 ","$280.00 "
"PAROX","PAROXETINA TABLETAS ","","Excento de ","$22.57 ","$49.00 ","$49.00 "
"PAROX ","PAROXETINA TABLETAS ","","Excento de ","$21.33 ","$60.00 ","$60.00 "
"CORIVE","PARTACETAMOL 500MG ","","Excento de ","$7.15 ","$20.00 ","$20.00 "
"PASTA ","Pasta de Lassar 110g","","Excento de ","$72.50 ","$90.00 ","$90.00 "
"PATLAS","Pasta de lassar Oxido de ","","Excento de ","$21.21 ","$27.00 ","$27.00 "
"PASTA ","Pasta de Lassar OXIDO DE ","","Excento de ","$44.50 ","$65.00 ","$65.00 "
"COLGA ","Pasta dental Colgate Minions ","","Excento de ","$47.00 ","$60.00 ","$60.00 "
"ORAL B ","PASTA DENTAL ORAL B 3D ","","Excento de ","$48.50 ","$56.00 ","$56.00 "
"PASTA ","PASTA DENTAL ORAL B ","","Excento de ","$30.50 ","$35.00 ","$35.00 "
"PASTA ","PASTA DENTAL PRO ","","Excento de ","$20.00 ","$28.00 ","$28.00 "
"LACANF","Pastillas del Alcanfor c /4 tbs","","Excento de ","$2.50 ","$5.00 ","$5.00 "
"PATOS ","PATOS JUGUETE BAÑO","","Excento de ","$25.00 ","$32.00 ","$32.00 "
"PEDIAL","PEDIALYT MANZANA ","","Excento de ","$23.89 ","$30.00 ","$30.00 "
"PEDIAL","PEDIALYTE CEREZA ","","Excento de ","$20.30 ","$26.00 ","$26.00 "
"PEDIAL","PEDIALYTE DE COCO ","","Excento de ","$31.00 ","$36.00 ","$36.00 "
"PEDIAL","Pedialyte Durazno 500ml ","","Excento de ","$23.00 ","$30.00 ","$30.00 "
"PEDIA ","Pedialyte Fresa 45 mEq ","","Excento de ","$23.89 ","$30.00 ","$30.00 "
"PEDIAL","Pedialyte Manazana 500ml ","","Excento de ","$31.00 ","$36.00 ","$36.00 "
"PEDIAL","PEDIALYTE SR 60 mEq ","","Excento de ","$23.89 ","$30.00 ","$30.00 "
"PEDIA ","Pedialyte Uva 60 mEq  ","","Excento de ","$23.89 ","$30.00 ","$30.00 "
"PEDIAS","Pediasure chocolate","","Excento de ","$50.17 ","$65.00 ","$65.00 "
"PEDIAS","PEDIASURE CHOCOLATEC/ ","","Excento de ","$40.00 ","$60.00 ","$60.00 "
"PEDIAS","PEDIASURE SABOR FRESA ","","Excento de ","$344.11 ","$412.00 ","$412.00 "
"PEDIAS","Pediasure sabor vainilla","","Excento de ","$50.12 ","$63.00 ","$63.00 "
"PEINE ","PEINE ANTI-PIOJOS Y ","","Excento de ","$30.00 ","$60.00 ","$60.00 "
"PEINE ","PEINE PIOJERO CON LUPA ","","Excento de ","$62.00 ","$88.00 ","$88.00 "
"PEINE P","PEINE PIOJERO DE ACERO ","","Excento de ","$39.80 ","$52.00 ","$52.00 "
"PEINE ","PEINE PIOJERO NO-PIO-","","Excento de ","$36.60 ","$50.00 ","$50.00 "
"PEINE ","Peine Piojero sin lupa","","Excento de ","$34.40 ","$48.00 ","$48.00 "
"PEINE ","Peine Piojero TAN TAN ","","Excento de ","$19.87 ","$24.00 ","$24.00 "
"PEINE ","PEINE ","","Excento de ","$28.23 ","$36.00 ","$36.00 "
"ZEOPIO","PEINE ZEROPIOJO","","Excento de ","$26.30 ","$60.00 ","$60.00 "
"PENSO ","PENSODIL - T ","","Excento de ","$13.93 ","$35.00 ","$35.00 "
"PENSIR","PENTOXIFILINA 400MG ","","Excento de ","$83.51 ","$155.00 ","$155.00 "
"PENTOX","Pentoxifilina 400mg c/30 tbs","","Excento de ","$68.25 ","$145.00 ","$145.00 "
"PENTOX","Pentoxifilina 400mg Lib. ","","Excento de ","$55.39 ","$105.00 ","$105.00 "
"PENTO","PENTOXIFILINA TAB. ","","Excento de ","$49.38 ","$107.00 ","$107.00 "
"PENTOX","PENTOXIFILINA TABLETAS ","","Excento de ","$58.21 ","$110.00 ","$110.00 "
"PEPTO ","Pepto-Bismol Tabletas ","","Excento de ","$51.11 ","$72.00 ","$72.00 "
"PERILLA  ","PERILLA #2 DIBAR ","","Excento de ","$16.60 ","$25.00 ","$25.00 "
"PERILLA ","PERILLA DE HULE No.1 ","","Excento de ","$23.69 ","$30.00 ","$30.00 "
"PERRIL","Perilla Hule roja n2","","Excento de ","$25.47 ","$35.00 ","$35.00 "
"PERRIL","Perilla Hule Roja no3","","Excento de ","$28.21 ","$35.00 ","$35.00 "
"PERILLA ","Perilla No 5","","Excento de ","$26.15 ","$40.00 ","$40.00 "
"PERRIL","Perilla p aspiracion #2","","Excento de ","$23.12 ","$45.00 ","$45.00 "
"SCABIS","Perimetrina Shampoo  ","","Excento de ","$136.07 ","$175.00 ","$175.00 "
"PERIOXI","PERIOXIDIN ENJUAGUE ","","Excento de ","$209.00 ","$270.00 ","$270.00 "
"PERL ","PERLAS EXTRA FORTI ","","Excento de ","$4.50 ","$8.00 ","$8.00 "
"PERLAS ","PERLAS MIEL  NAOMIS 35 ","","Excento de ","$4.50 ","$8.00 ","$8.00 "
"PERL ","PERLAS PROPOLEO Y ","","Excento de ","$4.50 ","$8.00 ","$8.00 "
"PERLAS ","PERLAS SIN ESTRES ","","Excento de ","$4.50 ","$8.00 ","$8.00 "
"CREMA ","PERMETRINA CREMA 5%","","Excento de ","$173.84 ","$217.00 ","$217.00 "
"HERKLI","Permetrina Herklin Shampoo ","","Excento de ","$90.00 ","$125.00 ","$125.00 "
"BENZAC","Peroxido de Benzoilo Gel 5%","","Excento de ","$244.81 ","$295.00 ","$295.00 "
"BPOLLE","Peroxido de Benzoilo Gel ","","Excento de ","$129.94 ","$180.00 ","$180.00 "
"PEZONE","PEZONERA DAN","","Excento de ","$14.62 ","$25.00 ","$25.00 "
"PEZONE","Pezonera de Cristal","","Excento de ","$22.00 ","$28.00 ","$28.00 "
"PHARM","PHARMATON CAPSULAS","","Excento de ","$115.00 ","$185.00 ","$185.00 "
"PHARM","Pharmaton kiddi Jarabe ","","Excento de ","$247.71 ","$310.00 ","$310.00 "
"PICAFIN ","PICAFIN FORTE ","","Excento de ","$33.10 ","$60.00 ","$60.00 "
"PICOSE","PICOSEND AMONIACO ","","Excento de ","$71.80 ","$95.00 ","$95.00 "
"PADIO","PICOSULFATO DE SODIO ","","Excento de ","$17.64 ","$40.00 ","$40.00 "
"ANARAr","Picosulfato de Sodio 7.5","","Excento de ","$144.20 ","$174.00 ","$174.00 "
"MOTLAX ","Picosulfato de sodio GTS 7.5","","Excento de ","$31.39 ","$55.00 ","$55.00 "
"MOTILA","Picosulfato de sodio ","","Excento de ","$19.50 ","$42.00 ","$42.00 "
"PINAGO","Picosulfato sodico jarabe","","Excento de ","$23.99 ","$48.00 ","$48.00 "
"PICOT ","Picot plus c/9 Sobres","","Excento de ","$0.01 ","$20.00 ","$20.00 "
"ALUMB","PIEDRA DE ALUMBRE 10G","","Excento de ","$1.00 ","$3.00 ","$3.00 "
"PILA ","Pila Glucometro CR2032","","Excento de ","$50.00 ","$60.00 ","$60.00 "
"NESAJA","Pinaverio/Dimeticona ","","Excento de ","$312.50 ","$480.00 ","$480.00 "
"NESAJA","PINAVERIO/DIMETICONA ","","Excento de ","$189.00 ","$250.00 ","$250.00 "
"NESAJA","PINAVERIO/DIMETICONA/ ","","Excento de ","$148.80 ","$260.00 ","$260.00 "
"PINZA ","PINZA DEPILADORA LORIS ","","Excento de ","$8.62 ","$16.00 ","$16.00 "
"PIOGLIT","PIOGLITAZONA  15 MG","","Excento de ","$22.05 ","$40.00 ","$40.00 "
"PIOGLI ","PIOGLITAZONA 30MG C/7 ","","Excento de ","$39.23 ","$85.00 ","$85.00 "
"PIOGLIT","PIOGLITAZONA 30MG C/7 ","","Excento de ","$23.72 ","$70.00 ","$70.00 "
"PIOGLIT","Pioglitazona TABLETAS ","","Excento de ","$10.38 ","$25.00 ","$25.00 "
"PIOGLO","Pioglitazona TABLETAS ","","Excento de ","$16.90 ","$34.00 ","$34.00 "
"PIOKL","Pioklean Shampoo c/150ml","","Excento de ","$49.21 ","$65.00 ","$65.00 "
"PIPERID","PIPERIDOLATO 100MG ","","Excento de ","$356.95 ","$499.00 ","$499.00 "
"IPER ","PIPERODOLAT 100MG C/30 ","","Excento de ","$238.96 ","$450.00 ","$450.00 "
"MEMAXI","Piracetam TABLETAS 800mg ","","Excento de ","$80.44 ","$150.00 ","$150.00 "
"RIPOX ","PIROXICAM 20 MG C/20 ","","Excento de ","$10.14 ","$25.00 ","$25.00 "
"DOLZYC","Piroxicam GEL 0.5% C/60G","","Excento de ","$28.59 ","$62.00 ","$62.00 "
"PIROXIC","PIROXICAM GEL CON 60GR","","Excento de ","$32.44 ","$70.00 ","$70.00 "
"PIROXIC","Piroxicam TABLETAS 20mg ","","Excento de ","$9.88 ","$22.00 ","$22.00 "
"PARCH","PLACA ELECTROCIRUGIA ","","Excento de ","$106.73 ","$145.00 ","$145.00 "
"PLANTA","Plantago psyllium NARANJA ","","Excento de ","$111.56 ","$170.00 ","$170.00 "
"NAXAR-","Plantago Psyllium POLVO ","","Excento de ","$61.35 ","$120.00 ","$120.00 "
"PLANTI","Plantival TABLETAS 160/80 ","","Excento de ","$297.57 ","$372.00 ","$372.00 "
"PLAY ","PLAY BOR CLASSIC C/30","","Excento de ","$31.90 ","$48.00 ","$48.00 "
"PLAY ","Play Boy TEXTURIZADO c/3 ","","Excento de ","$38.50 ","$50.00 ","$50.00 "
"PLAY IT ","PLAY IT SEXI PARA ELLA  ","","Excento de ","$31.30 ","$42.00 ","$42.00 "
"PODOFI","PODOFILINA No.2 bustillos ","","Excento de ","$184.62 ","$230.00 ","$230.00 "
"POINTS","Points","","Excento de ","$581.33 ","$698.00 ","$698.00 "
"POLVO ","POLVO DE AZUFRE C/10G","","Excento de ","$1.20 ","$2.00 ","$2.00 "
"HABA ","Polvo de haba Alcanforada ","","Excento de ","$1.50 ","$3.00 ","$3.00 "
"POLVO ","POLVO DE HABA ","","Excento de ","$1.50 ","$3.00 ","$3.00 "
"LOTRIMI","Polvo en Aerosol Miconazol ","","Excento de ","$79.73 ","$100.00 ","$100.00 "
"OXIDO","POLVO OXIDO DE ZINC 10 ","","Excento de ","$1.50 ","$6.00 ","$6.00 "
"OCIDO ","Polvo oxido de Zinc Sobre c/u","","Excento de ","$1.50 ","$4.00 ","$4.00 "
"SULFATI","Polvo Sulfatiazol 1g","","Excento de ","$1.50 ","$4.00 ","$4.00 "
"SULFATI","POLVO SULFATIAZOL ","","Excento de ","$1.50 ","$4.00 ","$4.00 "
"POLY-","POLY-VI-SOL SOLUCIÓN ","","Excento de ","$292.50 ","$365.00 ","$365.00 "
"CAMPA","Pomada  de la Campana 75g","","Excento de ","$28.79 ","$38.00 ","$38.00 "
"POM ","POMADA COYOTE 50G ","","Excento de ","$8.20 ","$15.00 ","$15.00 "
"POMAD","POMADA DE ARNICA 50 GR ","","Excento de ","$6.50 ","$12.00 ","$12.00 "
"POM AR ","POMADA DE ARNICA ","","Excento de ","$10.26 ","$19.00 ","$19.00 "
"POM ","POMADA DE AZUFRE 50G ","","Excento de ","$7.92 ","$15.00 ","$15.00 "
"POM ","POMADA DE CONCHA ","","Excento de ","$5.97 ","$15.00 ","$15.00 "
"CAMP ","Pomada de la Campana 19g","","Excento de ","$12.40 ","$19.00 ","$19.00 "
"CAM","Pomada de la Campana 35g","","Excento de ","$25.86 ","$38.00 ","$38.00 "
"POMAD","POMADA DE LA CAMPANA ","","Excento de ","$23.00 ","$32.00 ","$32.00 "
"POMAD","POMADA DE MANZANA ","","Excento de ","$6.50 ","$12.00 ","$12.00 "
"POM ","POMADA DE MANZANA ","","Excento de ","$10.26 ","$15.00 ","$15.00 "
"POMAD","POMADA DE PAN PUERCO ","","Excento de ","$6.50 ","$12.00 ","$12.00 "
"PANPUE","POMADA DE PANPUERCO ","","Excento de ","$13.85 ","$20.00 ","$20.00 "
"POM ","POMADA DE ","","Excento de ","$9.33 ","$15.00 ","$15.00 "
"POM ","POMADA DEL TIGRE 50G ","","Excento de ","$8.34 ","$15.00 ","$15.00 "
"POM ","Pomada Para Labios 3g","","Excento de ","$3.02 ","$5.00 ","$5.00 "
"POM ","Pomada para Labios ","","Excento de ","$2.07 ","$3.00 ","$3.00 "
"GOLBA ","POMADA PARA LABIOS ","","Excento de ","$3.95 ","$8.00 ","$8.00 "
"POM LM","Pomada para Labios ","","Excento de ","$2.09 ","$3.00 ","$3.00 "
"POM LP","Pomada para Labios PIÑA","","Excento de ","$2.18 ","$3.00 ","$3.00 "
"POM LA","Pomada para Labios ","","Excento de ","$2.07 ","$3.00 ","$3.00 "
"POND ","Pond' Clarant B3 c/100g","","Excento de ","$60.00 ","$72.00 ","$72.00 "
"POND´S ","Ponds Clarant B3 c/100g","","Excento de ","$70.91 ","$82.00 ","$82.00 "
"POND´S ","Pond´s crema c remueve ","","Excento de ","$37.50 ","$40.00 ","$40.00 "
"POND ","Pond´s Rejuveness c/100g","","Excento de ","$72.59 ","$91.00 ","$91.00 "
"POST ","Postad .5mg c/ 1 Cpmprimido","","Excento de ","$69.29 ","$100.00 ","$100.00 "
"PRASIV","Pravastatina 20 mg c/15tab","","Excento de ","$45.36 ","$89.00 ","$89.00 "
"COLPRA","Pravastatina 20 mg c/30tab","","Excento de ","$28.52 ","$30.00 ","$30.00 "
"PRASIV","Pravastatina TABLETAS ","","Excento de ","$28.98 ","$58.00 ","$58.00 "
"M ","Precervativo M Force Natural ","","Excento de ","$45.00 ","$57.00 ","$57.00 "
"PREDIA","PreDial Plus TABLETAS ","","Excento de ","$478.64 ","$525.00 ","$525.00 "
"NORIS","Prednisona 20 mg c/30 tab","","Excento de ","$29.65 ","$82.00 ","$82.00 "
"PREDNI","PREDNISONA 5MG ","","Excento de ","$7.15 ","$20.00 ","$20.00 "
"NORA","Prednisona 5mg c/20 tab","","Excento de ","$12.31 ","$30.00 ","$30.00 "
"PREMA","Prednisona 5mg c/20 tab ","","Excento de ","$7.83 ","$30.00 ","$30.00 "
"NOSIPR","Prednisona 5mg C/30 Tabs","","Excento de ","$25.07 ","$50.00 ","$50.00 "
"DONSIC","PREDNISONA TABLETAS ","","Excento de ","$13.74 ","$50.00 ","$50.00 "
"NORAP","Prednisona TABLETAS 50mg ","","Excento de ","$43.12 ","$95.00 ","$95.00 "
"LISINON ","PREDNISONA TABLETAS ","","Excento de ","$8.02 ","$25.00 ","$25.00 "
"PREGA","Pregabalina 150mg c/14 ","","Excento de ","$58.15 ","$165.00 ","$165.00 "
"PREGA","PREGABALINA 150MG C/24 ","","Excento de ","$64.79 ","$165.00 ","$165.00 "
"GALB","Pregabalina 150mg c/28 tab ","","Excento de ","$114.00 ","$200.00 ","$200.00 "
"BIPAL","Pregabalina 75 mg c/28 caps ","","Excento de ","$73.13 ","$175.00 ","$175.00 "
"BIPALV","Pregabalina 75mg 14cps","","Excento de ","$57.00 ","$114.00 ","$114.00 "
"PREGA","Pregabalina 75mg 14cps ","","Excento de ","$40.94 ","$145.00 ","$145.00 "
"PREGA","Pregabalina 75mg c/14 Caps ","","Excento de ","$37.18 ","$85.00 ","$85.00 "
"PREGA","PREGABALINA 75MG C/28 ","","Excento de ","$61.59 ","$130.00 ","$130.00 "
"PREGA","PREGABALINA CAPSULAS ","","Excento de ","$105.56 ","$222.00 ","$222.00 "
"AVIVIA ","PREGABALINA CAPSULAS ","","Excento de ","$102.08 ","$180.00 ","$180.00 "
"PREGA ","Pregabalina CÁPSULAS ","","Excento de ","$33.37 ","$80.00 ","$80.00 "
"BEADVA","Pregabalina CAPSULAS ","","Excento de ","$36.04 ","$75.00 ","$75.00 "
"PREGA","PREGABALINA CAPSULAS ","","Excento de ","$62.17 ","$134.00 ","$134.00 "
"GABOT","Pregabalina Cpsl 150mg c/14","","Excento de ","$73.01 ","$180.00 ","$180.00 "
"ANIERN","Pregabalina TABLETAS ","","Excento de ","$23.75 ","$145.00 ","$145.00 "
"PREGA","Pregabalina75mg c/14 tbs ","","Excento de ","$35.81 ","$80.00 ","$80.00 "
"SICO ","Preservativos SICO Sensitive ","","Excento de ","$55.48 ","$69.00 ","$69.00 "
"PROBIO","Probioticos 200mg Fresa c/30 ","","Excento de ","$41.78 ","$70.00 ","$70.00 "
"PROCT","Procto-Glynevol ","","Excento de ","$189.46 ","$252.00 ","$252.00 "
"PROCT","ProctoGlyvenol CREMA 5%","","Excento de ","$200.31 ","$250.00 ","$250.00 "
"PROCT","ProctoGlyvenol Supositorios ","","Excento de ","$200.31 ","$250.00 ","$250.00 "
"GESLUT","Progesterona 200mg Caps","","Excento de ","$628.15 ","$700.00 ","$700.00 "
"GESTA","Progesterona CAPSULAS ","","Excento de ","$660.59 ","$828.00 ","$828.00 "
"PROGE","Progesterona GEL 1g/100g ","","Excento de ","$171.55 ","$250.00 ","$250.00 "
"PROME","Promega 3 Omega 3 60 caps","","Excento de ","$73.49 ","$159.00 ","$159.00 "
"SINTA","Propanolol 40mg c/30 tab","","Excento de ","$24.15 ","$52.00 ","$52.00 "
"PROSTA","Prostasan Caps 160mg c/60 ","","Excento de ","$61.95 ","$125.00 ","$125.00 "
"PAQ ","Prot Sol FPS 50","","Excento de ","$171.70 ","$230.00 ","$230.00 "
"PROT-","PROT-AGE SOBRES 2.6G ","","Excento de ","$478.07 ","$598.00 ","$598.00 "
"POTECT","Protector de lactancia c/24 ","","Excento de ","$85.00 ","$98.00 ","$98.00 "
"PROT ","Protector lactancia  c/24","","Excento de ","$42.50 ","$55.00 ","$55.00 "
"PROTE","Protector p/Lactancia c/12 ","","Excento de ","$33.80 ","$40.00 ","$40.00 "
"NUVEL ","PROTECTOR SOLAR 50FPS","","Excento de ","$62.74 ","$90.00 ","$90.00 "
"PROTE","Protector Solar babies&kids 5 ","","Excento de ","$254.00 ","$290.00 ","$290.00 "
"PAQ ","Protector solar FPS 50+","","Excento de ","$171.70 ","$230.00 ","$230.00 "
"PROTE","PROTECTOR SOLAR KIDS","","Excento de ","$88.00 ","$125.00 ","$125.00 "
"FOTO ","PROTECTOR SOLAR KIDS ","","Excento de ","$81.16 ","$115.00 ","$115.00 "
"PROTE","PROTECTOR SOLAR NIVEA ","","Excento de ","$170.50 ","$200.00 ","$200.00 "
"NIVEA ","Protector Solar Nivea Kids ","","Excento de ","$85.00 ","$120.00 ","$120.00 "
"NIVEA ","Protector Solar NIVEA Kids ","","Excento de ","$85.50 ","$130.00 ","$130.00 "
"PRS ","Protector Solar Nivea SUN ","","Excento de ","$85.50 ","$130.00 ","$130.00 "
"WOLDE","Protector solar wolderm ","","Excento de ","$37.60 ","$65.00 ","$65.00 "
"SABA ","PROTECTORERS DIARIOS ","","Excento de ","$22.00 ","$28.00 ","$28.00 "
"PROTE","PROTECTORES EVENFLO ","","Excento de ","$104.00 ","$130.00 ","$130.00 "
"EVEN ","Protectores para lactancia ","","Excento de ","$64.00 ","$80.00 ","$80.00 "
"PROTE","Protectores para lactancia ","","Excento de ","$66.00 ","$80.00 ","$80.00 "
"PRUDE","PRUDENCE CAFE C/3 ","","Excento de ","$30.10 ","$40.00 ","$40.00 "
"PRUDE","PRUDENCE EXTRA ","","Excento de ","$38.67 ","$50.00 ","$50.00 "
"PRUDE","Prudence Gel fresa 100ml","","Excento de ","$100.84 ","$120.00 ","$120.00 "
"Lubricant","Prudence grosella 30ml","","Excento de ","$48.00 ","$60.00 ","$60.00 "
"PRUDE","PRUDENCE LOVE ","","Excento de ","$86.39 ","$180.00 ","$180.00 "
"PRUDE","Prudence MAKE LOVE c/5","","Excento de ","$44.80 ","$55.00 ","$55.00 "
"PRUDE","PRUDENCE MUTUAL ","","Excento de ","$36.90 ","$55.00 ","$55.00 "
"Lubricant","Prudence uva 30ml","","Excento de ","$48.00 ","$60.00 ","$60.00 "
"PRUEBA ","Prueba COVID Saliva C/U","","Excento de ","$60.00 ","$350.00 ","$350.00 "
"QUICKL","PRUEBA DE EMBARAZO","","Excento de ","$19.68 ","$40.00 ","$40.00 "
"CLEARB","Prueba de Embarazo Digital","","Excento de ","$211.66 ","$265.00 ","$265.00 "
"ZISIFO","Prueba de Embarazo ","","Excento de ","$18.40 ","$40.00 ","$40.00 "
"MEDIT","Prueba de Embarazo ","","Excento de ","$23.82 ","$75.00 ","$75.00 "
"PRONO","Prueba de Embarazo ","","Excento de ","$24.16 ","$38.00 ","$38.00 "
"PREB","Prueba de Embarazo ","","Excento de ","$19.93 ","$36.00 ","$36.00 "
"ULTRA ","Prueba de embarazo TEST ","","Excento de ","$18.05 ","$45.00 ","$45.00 "
"PRUEBA ","PRUEBA INFLUENZA SARS","","Excento de ","$50.00 ","$150.00 ","$150.00 "
"PRUEBA ","Prueba para covid","","Excento de ","$70.00 ","$250.00 ","$250.00 "
"CONDO","PRUNDECE MORA C/3","","Excento de ","$34.50 ","$45.00 ","$45.00 "
"FIBRO N","Psyllium Plantago 250g ","","Excento de ","$86.67 ","$187.00 ","$187.00 "
"FIBRO","Psyllium Plantago FRESA ","","Excento de ","$86.71 ","$187.00 ","$187.00 "
"MUGASI","PSYLLIUM PLANTAGO ","","Excento de ","$135.45 ","$185.00 ","$185.00 "
"CATETE","PUNZOCAT #14 ESTRUCAT","","Excento de ","$9.27 ","$20.00 ","$20.00 "
"PUNZO ","Punzocat #22","","Excento de ","$10.00 ","$18.00 ","$18.00 "
"PUNZO ","Punzocat 14G","","Excento de ","$10.55 ","$20.00 ","$20.00 "
"PUNZO ","Punzocat 20G","","Excento de ","$10.00 ","$18.00 ","$18.00 "
"PUNZO ","PUNZOCAT#23 X 3/4""","","Excento de ","$9.00 ","$18.00 ","$18.00 "
"PURIMA","PURIMAR LAM NASAL ","","Excento de ","$105.14 ","$155.00 ","$155.00 "
"QG5","QG5    C/10 TABLETAS","","Excento de ","$101.50 ","$135.00 ","$135.00 "
"QG5 ","QG5 pARA LA cOLITIS C/30","","Excento de ","$224.90 ","$282.00 ","$282.00 "
"QUADRI","QUADRIDERM NF CREMA ","","Excento de ","$290.00 ","$365.00 ","$365.00 "
"QUERY ","Queryaba G 545MG C/60 ","","Excento de ","$63.00 ","$135.00 ","$135.00 "
"QUETIA","Quetiapina TABLETAS 25mg ","","Excento de ","$104.05 ","$200.00 ","$200.00 "
"QUIMIK","QUIMIKAN BENZOCAINA ","","Excento de ","$68.40 ","$135.00 ","$135.00 "
"QUIMOD","Quimoderm CREMA ","","Excento de ","$51.23 ","$90.00 ","$90.00 "
"SERPHA","Quinfamida 300mg c/1 tb","","Excento de ","$20.00 ","$40.00 ","$40.00 "
"ALBEND","Quinfamina/Albendazol ","","Excento de ","$29.84 ","$50.00 ","$50.00 "
"ULGAST","Ranitidina 150mg Tbs 20Tbs","","Excento de ","$7.87 ","$14.00 ","$14.00 "
"Ulgas","Ranitidina 300mg c/10 tab","","Excento de ","$7.85 ","$18.00 ","$18.00 "
"RAUDIL","Ranitidina 300mg c/10 tbs","","Excento de ","$6.14 ","$15.00 ","$15.00 "
"RANI ","RANITIDINA SOL. ","","Excento de ","$15.76 ","$40.00 ","$40.00 "
"RASIP","Raspisons  Unguento c/28 gr","","Excento de ","$21.11 ","$33.00 ","$33.00 "
"GILLETT","Rastrillo Gillette VENUS ","","Excento de ","$20.00 ","$28.00 ","$28.00 "
"RAS","RASTRILLOS GUILLETTE","","Excento de ","$15.00 ","$20.00 ","$20.00 "
"REOMA","Reaomatolum2 60g","","Excento de ","$26.89 ","$35.00 ","$35.00 "
"REDOX","REDOXON SOLUCION ","","Excento de ","$112.00 ","$130.00 ","$130.00 "
"RELPAX ","Relpax (Eletriptan) ","","Excento de ","$484.50 ","$590.00 ","$590.00 "
"REOMA","Reomatolum Adulto ","","Excento de ","$24.81 ","$35.00 ","$35.00 "
"BIO ","Repelente de insectos  125ml","","Excento de ","$33.00 ","$52.00 ","$52.00 "
"REPELE","Repelente de insectos 125ml","","Excento de ","$27.00 ","$55.00 ","$55.00 "
"REPELE","Repelente de Insectos niños ","","Excento de ","$78.30 ","$95.00 ","$95.00 "
"AUYENT","REPELENTE DE ","","Excento de ","$33.98 ","$70.00 ","$70.00 "
"INSECT","Repelente de mosquitos ","","Excento de ","$26.47 ","$53.00 ","$53.00 "
"REPELE","REPELENTE EXTRA ","","Excento de ","$83.90 ","$110.00 ","$110.00 "
"REPELE","Repelente GEL off defence ","","Excento de ","$105.00 ","$145.00 ","$145.00 "
"SPRAY ","Repelente Mosquitos ","","Excento de ","$64.28 ","$80.00 ","$80.00 "
"ROULET","Repelente Mosquitos ","","Excento de ","$39.95 ","$50.00 ","$50.00 "
"REPELE","REPELENTE OFF DEFENSE ","","Excento de ","$88.30 ","$118.00 ","$118.00 "
"REPEL","Repelente Spray p/piojos ","","Excento de ","$33.25 ","$50.00 ","$50.00 "
"OFF ","Repelete OFF Family 177ml","","Excento de ","$62.23 ","$78.00 ","$78.00 "
"GENFHI","Resina de Podofilina 250m ","","Excento de ","$180.35 ","$210.00 ","$210.00 "
"ALFADE","Retinol, Ergocalciferol, Acido ","","Excento de ","$21.23 ","$45.00 ","$45.00 "
"ADEKAL","Retinol/Elgocalciferol c/3 ","","Excento de ","$25.19 ","$48.00 ","$48.00 "
"RETIN/E","Retinol/Ergocalciferol  Sol c/5 ","","Excento de ","$1.00 ","$50.00 ","$50.00 "
"ADEKO","Retinol/Ergocalciferol/Acido ","","Excento de ","$65.50 ","$98.00 ","$98.00 "
"REUMO","Reumophqan c/24 tbs","","Excento de ","$144.44 ","$181.00 ","$181.00 "
"REVITA","REVITARE VITAMINA E 400 ","","Excento de ","$80.82 ","$155.00 ","$155.00 "
"REXON","Rexona Active Emotion 90g","","Excento de ","$60.56 ","$75.00 ","$75.00 "
"REXON","Rexona Advance 48h 150ml","","Excento de ","$35.00 ","$45.00 ","$45.00 "
"REXON","REXONA ANTIBACTERIAL ","","Excento de ","$41.50 ","$55.00 ","$55.00 "
"REXON","REXONA BAMBOO ROLLON ","","Excento de ","$26.40 ","$35.00 ","$35.00 "
"REXON","Rexona Barra XTra Cool 45g","","Excento de ","$41.60 ","$52.00 ","$52.00 "
"DESOD","REXONA FOREST HOMBRE","","Excento de ","$41.60 ","$52.00 ","$52.00 "
"REXON","Rexona hAPPY 90G","","Excento de ","$60.56 ","$72.00 ","$72.00 "
"REXON","Rexona Invisible 48h 150ml","","Excento de ","$35.00 ","$48.00 ","$48.00 "
"REXON","REXONA MARINE 150ML","","Excento de ","$50.90 ","$62.00 ","$62.00 "
"REXON","REXONA MEN  ACTIVE DRY ","","Excento de ","$37.00 ","$48.00 ","$48.00 "
"REXON","REXONA MEN ","","Excento de ","$50.90 ","$62.00 ","$62.00 "
"REX ","REXONA MEN V8  150ML","","Excento de ","$50.90 ","$62.00 ","$62.00 "
"REXON","REXONA MEN XTRACOOL","","Excento de ","$37.00 ","$48.00 ","$48.00 "
"REXON","rexona Power Dry 48h 150ml","","Excento de ","$62.20 ","$72.00 ","$72.00 "
"REXON","Rexona Stay Fresh 48h ","","Excento de ","$62.20 ","$72.00 ","$72.00 "
"DESOD","REXONA TORONJA Y ","","Excento de ","$61.80 ","$77.00 ","$77.00 "
"REXON","REXONA V8 ","","Excento de ","$32.00 ","$45.00 ","$45.00 "
"RIBOTRI","RIBOTRIPSIN C/30 ","","Excento de ","$325.12 ","$407.00 ","$407.00 "
"RINOMA","RINOMAR BEBÉ-NIÑO 50ml","","Excento de ","$97.85 ","$175.00 ","$175.00 "
"RINOMA","Rinomar NIÑO-ADULTO ","","Excento de ","$95.87 ","$185.00 ","$185.00 "
"RIOPAN ","RIOPAN GEL 8/1g/100ml ","","Excento de ","$285.60 ","$357.00 ","$357.00 "
"AMSA ","Risperidona  tabletas 2mg ","","Excento de ","$33.00 ","$70.00 ","$70.00 "
"GANGO ","Rivaroxaban TABLETAS ","","Excento de ","$619.90 ","$775.00 ","$775.00 "
"RIZADO","RIZADOR CURTIS ","","Excento de ","$20.00 ","$28.00 ","$28.00 "
"ROBOT","Robotek (Rosuvastatina) ","","Excento de ","$361.77 ","$425.00 ","$425.00 "
"ROCAI","Rocainol Salicilato de Metilo ","","Excento de ","$55.65 ","$80.00 ","$80.00 "
"CROST","ROSUVASTATINA 10MG","","Excento de ","$55.85 ","$120.00 ","$120.00 "
"AMSA","Rosuvastatina TABLETAS ","","Excento de ","$58.51 ","$100.00 ","$100.00 "
"TOALLA","saba intima cont.14toallas","","Excento de ","$29.50 ","$35.00 ","$35.00 "
"SABA ","SABA TAMPONES ","","Excento de ","$38.81 ","$50.00 ","$50.00 "
"PICOT","Sal de Uvas  PICOT C/Sobre","","Excento de ","$3.19 ","$4.00 ","$4.00 "
"SAL DE ","Sal de Uvas Natural c/10","","Excento de ","$43.59 ","$55.00 ","$55.00 "
"SAL DE ","Sal de Uvas Sabor MAnzana ","","Excento de ","$27.40 ","$38.00 ","$38.00 "
"AVEDO","Salbutamol 40mg/100ml Jbe","","Excento de ","$20.99 ","$42.00 ","$42.00 "
"BRESAL","Salbutamol Aerosol 100mcg ","","Excento de ","$43.21 ","$93.00 ","$93.00 "
"SALBUT","Salbutamol Aerosol 100mg ","","Excento de ","$32.69 ","$60.00 ","$60.00 "
"ASSAL","Salbutamol Aerosol 20mg ","","Excento de ","$27.38 ","$60.00 ","$60.00 "
"WEXPE","Salbutamol/Ambroxol 2mg/7.","","Excento de ","$20.98 ","$48.00 ","$48.00 "
"SALU","Saludol Mentol, Arnica, ","","Excento de ","$48.02 ","$70.00 ","$70.00 "
"OREJE","Salva Orejas p/cubrebocas ","","Excento de ","$4.00 ","$6.00 ","$6.00 "
"PAÑAL ","Salvacamas 55x90cm pzs","","Excento de ","$4.40 ","$6.50 ","$6.50 "
"LE ROY ","SANICLIP PARA VENDAS ","","Excento de ","$3.27 ","$6.00 ","$6.00 "
"PREVE ","SANITIZANE 120 ML PREVE","","Excento de ","$32.00 ","$55.00 ","$55.00 "
"SANITIZ","Sanitizante 125ml","","Excento de ","$21.60 ","$29.00 ","$29.00 "
"SANITIZ","SANITIZANTE 1L LUMAN ","","Excento de ","$24.00 ","$60.00 ","$60.00 "
"SANITIZ","Sanitizante 250ml","","Excento de ","$26.41 ","$35.00 ","$35.00 "
"PREVE ","SANITIZANTE 60 ML PREVE","","Excento de ","$22.00 ","$35.00 ","$35.00 "
"SPRAY ","Sanitizante antibacterial","","Excento de ","$19.50 ","$30.00 ","$30.00 "
"SANITIZ","SANITIZANTE DE ULTIMA ","","Excento de ","$48.00 ","$80.00 ","$80.00 "
"EXCOVI","Sanitizante ExCovid SPRAY ","","Excento de ","$40.00 ","$70.00 ","$70.00 "
"SANITIZ","Sanitizante liquido ","","Excento de ","$18.00 ","$25.00 ","$25.00 "
"SAPRA","Saprame TABLETAS  200mg ","","Excento de ","$363.66 ","$455.00 ","$455.00 "
"SAVILE ","SAVILE SHAMPOO ","","Excento de ","$16.00 ","$18.00 ","$18.00 "
"SCABIS","SCABISAL PLUS Permetrina ","","Excento de ","$140.40 ","$175.00 ","$175.00 "
"SEDALM","SEDALMERK C/40 ","","Excento de ","$97.10 ","$150.00 ","$150.00 "
"SEDALM","SEDALMERK TABLETAS ","","Excento de ","$2.30 ","$5.00 ","$5.00 "
"SENOK","Senokot F Senosidos A-B ","","Excento de ","$139.99 ","$195.00 ","$195.00 "
"SECOSI","Senosidos a-b 187mg 20tbs","","Excento de ","$9.59 ","$28.00 ","$28.00 "
"SEN CIR","SENOSIDOS AB ","","Excento de ","$37.27 ","$88.00 ","$88.00 "
"SEN AB","SENOSIDOS AB 8.6mg c/20 ","","Excento de ","$10.77 ","$32.00 ","$32.00 "
"SEN AB ","Senosidos AB Solucion   ","","Excento de ","$101.25 ","$130.00 ","$130.00 "
"SENSIBI","SENSIBIT TABLETAS 10 MG ","","Excento de ","$165.90 ","$198.00 ","$198.00 "
"SENSO","Sensodyne Menta fresca ","","Excento de ","$90.30 ","$114.00 ","$114.00 "
"SENSO","Sensodyne Original c/113g","","Excento de ","$92.10 ","$115.00 ","$115.00 "
"SENSO","Sensodyne Original PASTA ","","Excento de ","$66.02 ","$83.00 ","$83.00 "
"SENDO","SENSODYNE SENSITIVITY ","","Excento de ","$100.00 ","$120.00 ","$120.00 "
"SERTRA","SERTRALINA 50MG AMSA ","","Excento de ","$30.03 ","$62.00 ","$62.00 "
"ACORT","Sertralina 50mg c/14 tab","","Excento de ","$34.58 ","$103.00 ","$103.00 "
"TRAKOS","Sertralina 50mg c/14 tbs","","Excento de ","$23.78 ","$90.00 ","$90.00 "
"SERTRA","Sertralina 50mg c/14 tbs ","","Excento de ","$32.12 ","$68.00 ","$68.00 "
"SERTRA","Sertralina TABLETAS 50mg ","","Excento de ","$22.33 ","$90.00 ","$90.00 "
"ELVIVE ","Shampoo Elvive Arcilla ","","Excento de ","$33.00 ","$42.00 ","$42.00 "
"ELVIVE ","Shampoo Elvive Oleo ","","Excento de ","$33.00 ","$42.00 ","$42.00 "
"SH ","Shampoo Elvive Reparacion ","","Excento de ","$33.00 ","$42.00 ","$42.00 "
"KILICLE","Shampoo Kilicel c/120ml","","Excento de ","$49.85 ","$70.00 ","$70.00 "
"LOMEC","Shampoo lomecan Intimo ","","Excento de ","$47.10 ","$70.00 ","$70.00 "
"SHAMP","SHAMPOO MEDICASP ","","Excento de ","$98.00 ","$120.00 ","$120.00 "
"SHAMP ","Shampoo No-pio-jin 12ml","","Excento de ","$3.05 ","$7.00 ","$7.00 "
"RICIT ","SHAMPOO RICITOS DE ","","Excento de ","$86.00 ","$95.00 ","$95.00 "
"SHAMP","SHAMPOO VANART ","","Excento de ","$0.10 ","$5.00 ","$5.00 "
"VANART ","Shampoo Vanart Clasico ","","Excento de ","$2.00 ","$9.00 ","$9.00 "
"SICO ","SICO CLIMAX MUTUO C/3","","Excento de ","$57.50 ","$70.00 ","$70.00 "
"SICO ","SICO INVISIBLE C/3 ","","Excento de ","$52.40 ","$66.00 ","$66.00 "
"SICO ","SICO PLAY FRESA C/3","","Excento de ","$32.00 ","$45.00 ","$45.00 "
"SICO ","SICO PLAY TEXTURIZADO","","Excento de ","$32.00 ","$46.00 ","$46.00 "
"SILD ","Sildenafil 100 mg c/4 tab ","","Excento de ","$39.73 ","$80.00 ","$80.00 "
"FIGRAL ","Sildenafil 100mg c/1 Tb","","Excento de ","$19.53 ","$35.00 ","$35.00 "
"DIONIX","Sildenafil 100mg C/4 ","","Excento de ","$21.45 ","$98.00 ","$98.00 "
"VOGUE","SILDENAFIL 100MG C/4 ","","Excento de ","$39.01 ","$98.00 ","$98.00 "
"SILDEN","SILDENAFIL 100MG C/4 ","","Excento de ","$23.63 ","$95.00 ","$95.00 "
"SILDEN","Sildenafil 100mg c/4 tabs","","Excento de ","$24.43 ","$90.00 ","$90.00 "
"DILDEN","SILDENAFIL 100MG M ","","Excento de ","$50.00 ","$70.00 ","$70.00 "
"SILDEN","SILDENAFIL 50MG  C/1 ","","Excento de ","$12.08 ","$50.00 ","$50.00 "
"EDEGR","Sildenafil 50mg c/1 tb","","Excento de ","$13.00 ","$35.00 ","$35.00 "
"SILDEN","Sildenafil 50mg c/4","","Excento de ","$18.46 ","$45.00 ","$45.00 "
"DIONIX","SILDENAFIL 50MG C/4 ","","Excento de ","$21.45 ","$45.00 ","$45.00 "
"VOGUE","SILDENAFIL 50MG C/4 ","","Excento de ","$22.35 ","$65.00 ","$65.00 "
"OSIDEA","Sildenafil 50mg c/4 tbs","","Excento de ","$16.04 ","$60.00 ","$60.00 "
"FRTIGA","Sildenafil 50mg c/4 tbs MAVI","","Excento de ","$23.42 ","$70.00 ","$70.00 "
"SILDEN","SILDENAFIL C/4 TABLETAS ","","Excento de ","$18.57 ","$65.00 ","$65.00 "
"MAZZO","SILDENAFIL TABLETAS ","","Excento de ","$27.74 ","$60.00 ","$60.00 "
"SILDAN","Sildenafil TABLETAS 50mg ","","Excento de ","$9.86 ","$45.00 ","$45.00 "
"FRIGAL ","SILDENALFIL 50MG C/1 ","","Excento de ","$14.45 ","$30.00 ","$30.00 "
"SILICA ","SILICA ARGAN 120 ML 4 EN ","","Excento de ","$39.90 ","$48.00 ","$48.00 "
"SILICA ","SILICA PEDA BY ","","Excento de ","$48.50 ","$58.00 ","$58.00 "
"SILICA ","SILICA UVA 125ML ","","Excento de ","$48.50 ","$58.00 ","$58.00 "
"SILICA ","SILICA UVA 4EN 1 75ML","","Excento de ","$27.90 ","$38.00 ","$38.00 "
"SILKAH","Silka Hair Durazno 120ml","","Excento de ","$27.30 ","$35.00 ","$35.00 "
"SILKAH","Silka Hair Keratina 120ml","","Excento de ","$27.30 ","$35.00 ","$35.00 "
"SILKHAI","Silka Hair Vainilla 120ml","","Excento de ","$27.30 ","$35.00 ","$35.00 "
"SILKA","Silka Medic (Terbinafina) c/15 ","","Excento de ","$94.29 ","$118.00 ","$118.00 "
"TALCO ","Silka Medic Defensa Extra ","","Excento de ","$73.53 ","$92.00 ","$92.00 "
"SILKA ","Silka Medic Defensa ","","Excento de ","$60.00 ","$75.00 ","$75.00 "
"SILKA ","SILKA MEDICK SPRAY ","","Excento de ","$146.19 ","$185.00 ","$185.00 "
"SILKA ","Silkamedic 30g","","Excento de ","$125.43 ","$148.00 ","$148.00 "
"PROTEF","Simbioticos polvo","","Excento de ","$379.23 ","$450.00 ","$450.00 "
"SINUBE","Sinuberase c/12 caps","","Excento de ","$211.58 ","$270.00 ","$270.00 "
"SINUBE","SINUBERASE C/48 ","","Excento de ","$206.20 ","$260.00 ","$260.00 "
"SITO-","Sito-grix jarabe 120ml","","Excento de ","$38.31 ","$83.00 ","$83.00 "
"SNIKER","Snikers c/1","","Excento de ","$2.28 ","$4.00 ","$4.00 "
"VYCK ","Sobres Vick pirena c/u","","Excento de ","$17.06 ","$22.00 ","$22.00 "
"SOLOST","SOLSOTIN (Macrogol) ","","Excento de ","$282.11 ","$370.00 ","$370.00 "
"SOL. ","SOLUCION CLORURO DE ","","Excento de ","$17.32 ","$27.00 ","$27.00 "
"SOL. FIS ","Solucion Cloruro de Sodio ","","Excento de ","$42.04 ","$90.00 ","$90.00 "
"SOL. FIS","Solucion Cloruro de Sodio ","","Excento de ","$48.00 ","$75.00 ","$75.00 "
"SOL. ","SOLUCION CLORURO DE ","","Excento de ","$23.21 ","$30.00 ","$30.00 "
"SOL ","Solucion Cloruro de Sodio ","","Excento de ","$23.50 ","$32.00 ","$32.00 "
"CLOR ","Solucion Cloruro de Sodio ","","Excento de ","$17.50 ","$45.00 ","$45.00 "
"STERIM","Solucion de Agua de Mar ","","Excento de ","$193.68 ","$243.00 ","$243.00 "
"SOLUCI","Solucion DX-CS PiSA Cloruro ","","Excento de ","$38.80 ","$75.00 ","$75.00 "
"HARTM","SOLUCION HARTMANN ","","Excento de ","$35.94 ","$70.00 ","$70.00 "
"sol ","Solucion HT Hartman","","Excento de ","$43.42 ","$94.00 ","$94.00 "
"SOL.  ","Solucion Mixta  Dx 5%/ ","","Excento de ","$43.15 ","$51.00 ","$51.00 "
"SOLU F","Solural  500ml FRESA","","Excento de ","$12.70 ","$18.00 ","$18.00 "
"SOLU C","Solural 500ml COCO","","Excento de ","$12.70 ","$18.00 ","$18.00 "
"SOLURA","SOLURAL DURAZNO 500ML","","Excento de ","$13.95 ","$20.00 ","$20.00 "
"SOLURA","SOLURAL FRESA 500ML","","Excento de ","$11.45 ","$20.00 ","$20.00 "
"SOLU ","Solural Manzana  500ml","","Excento de ","$9.71 ","$18.00 ","$18.00 "
"SOLURA","Solural Naranja-Mandarina ","","Excento de ","$13.25 ","$20.00 ","$20.00 "
"SOL FR","SOLURAL PED FRESA ","","Excento de ","$13.48 ","$20.00 ","$20.00 "
"SOL ","Solural PED Manzana 300ml","","Excento de ","$13.48 ","$20.00 ","$20.00 "
"SOL ","Solural PED Uva 300ml","","Excento de ","$13.48 ","$20.00 ","$20.00 "
"SOLURA","SOLURAL PEDIATRICO ","","Excento de ","$11.26 ","$20.00 ","$20.00 "
"SOLUTI","Solutina F ","","Excento de ","$81.79 ","$115.00 ","$115.00 "
"IMAGE ","Sonaja, Cepillo y Peine","","Excento de ","$25.00 ","$35.00 ","$35.00 "
"SONDA ","Sonda Foley #18 sensi ","","Excento de ","$32.00 ","$50.00 ","$50.00 "
"HT PISA ","Soución HARTMANN 500ml ","","Excento de ","$29.99 ","$50.00 ","$50.00 "
"GOTINA","SPRAY GOTINAL DEFENSE ","","Excento de ","$217.24 ","$271.00 ","$271.00 "
"STEFAN","STEFANO BLACK LEGEND","","Excento de ","$74.82 ","$85.00 ","$85.00 "
"STERIM","Sterimar Alergias Manganeso ","","Excento de ","$157.90 ","$185.00 ","$185.00 "
"STERI","STERIMAR FAMILIAR ","","Excento de ","$143.03 ","$179.00 ","$179.00 "
"STERIM","Sterimar Uso diario familiar ","","Excento de ","$183.95 ","$230.00 ","$230.00 "
"SUAVEL ","SUAVELASTIC MAX CH   ","","Excento de ","$33.15 ","$42.00 ","$42.00 "
"SUAVEL ","SUAVELASTIC MAX RN ","","Excento de ","$37.80 ","$46.00 ","$46.00 "
"SUAVEL ","SUAVELASTIC MAX ","","Excento de ","$37.80 ","$45.00 ","$45.00 "
"SUCRLF","SUCRALFATO 1MG C/40","","Excento de ","$75.16 ","$155.00 ","$155.00 "
"ALIVOA","Sucralfato TABLETAS 1g ","","Excento de ","$45.80 ","$110.00 ","$110.00 "
"SUCRAL","Sucralfato TABLETAS 1mg ","","Excento de ","$75.95 ","$160.00 ","$160.00 "
"ELECT ","Suero Electrolit Pediatrico ","","Excento de ","$15.87 ","$24.00 ","$24.00 "
"ELECT ","Suero Electrolit Pediatrico ","","Excento de ","$15.87 ","$24.00 ","$24.00 "
"ELECTR","Suero Electrolit Pediatrico ","","Excento de ","$15.23 ","$24.00 ","$24.00 "
"SUERO","SUEROX ALOE VERA-","","Excento de ","$16.30 ","$23.00 ","$23.00 "
"SUERO","SUEROX COCO  630ML","","Excento de ","$18.74 ","$23.00 ","$23.00 "
"SUEREX","Suerox Explorer 500ml ","","Excento de ","$16.88 ","$24.00 ","$24.00 "
"EXPLOR ","Suerox explorer Mora Azul ","","Excento de ","$16.88 ","$24.00 ","$24.00 "
"SUERO ","Suerox Explorer Uva 500ml","","Excento de ","$16.88 ","$24.00 ","$24.00 "
"SUERO","SUEROX EXPLORERS ","","Excento de ","$10.50 ","$24.00 ","$24.00 "
"SUERO","SUEROX EXPLORERS ","","Excento de ","$15.00 ","$24.00 ","$24.00 "
"SUE K-F","Suerox FRESA-KIWI 630ml","","Excento de ","$18.74 ","$23.00 ","$23.00 "
"SUERO","SUEROX FRESA/MENTA","","Excento de ","$16.30 ","$23.00 ","$23.00 "
"SUERO","SUEROX FRUTOS ROJOS ","","Excento de ","$17.75 ","$23.00 ","$23.00 "
"SUE LIM","Suerox LIMA LIMON 630ML","","Excento de ","$16.30 ","$23.00 ","$23.00 "
"SUE M","Suerox MANZANA 630ml","","Excento de ","$18.74 ","$23.00 ","$23.00 "
"SUE ","Suerox MORA AZUL 630ml","","Excento de ","$17.75 ","$23.00 ","$23.00 "
"SUE N-","Suerox NARANJA-","","Excento de ","$17.74 ","$23.00 ","$23.00 "
"SUERO","SUEROX SABOR FRESA","","Excento de ","$16.30 ","$23.00 ","$23.00 "
"SUE ","Suerox UVA 630ml","","Excento de ","$18.67 ","$23.00 ","$23.00 "
"SUERO","Suerox Vitamins Defense ","","Excento de ","$18.75 ","$23.00 ","$23.00 "
"SUERO","Suerox Vitamins Energy ","","Excento de ","$18.75 ","$23.00 ","$23.00 "
"BIOAR","Sulfadiazina de Plata c/20g","","Excento de ","$13.49 ","$32.00 ","$32.00 "
"SULFATI","SULFATIAZOL UNGUENTO ","","Excento de ","$52.72 ","$68.00 ","$68.00 "
"FORCIL","Sulfato Ferroso 25mg/mL ","","Excento de ","$18.00 ","$34.00 ","$34.00 "
"HEMOG","Sulfato Ferroso c/50 grg","","Excento de ","$28.90 ","$60.00 ","$60.00 "
"EXOFIL","Sulfoguayacol/Dextrometorfa","","Excento de ","$21.48 ","$37.00 ","$37.00 "
"FERMIG ","SUMATRIPTAN 100MG C/2 ","","Excento de ","$51.52 ","$100.00 ","$100.00 "
"FERM","Sumatriptan 100mg c/4 tab","","Excento de ","$93.70 ","$160.00 ","$160.00 "
"FERMIG ","Sumatriptan 50 mg c/4 tab","","Excento de ","$79.06 ","$170.00 ","$170.00 "
"FERM ","Sumatriptan 50mg c/2 tab","","Excento de ","$47.84 ","$96.00 ","$96.00 "
"FERMIG ","Sumatriptan 50mg c/20 tbs","","Excento de ","$326.00 ","$400.00 ","$400.00 "
"SUN ","SUN FRESH FPS 50 200ML ","","Excento de ","$214.47 ","$299.00 ","$299.00 "
"SUPOS ","Supositorios de Glicerina ","","Excento de ","$66.69 ","$84.00 ","$84.00 "
"SENOSI","Supositorios Niño c/10 ","","Excento de ","$57.95 ","$85.00 ","$85.00 "
"NYLON ","SUTURA NYLON 3-0 19 MM ","","Excento de ","$38.00 ","$80.00 ","$80.00 "
"SUT ","Sutura nylon 3-0 ce1943-N ","","Excento de ","$47.50 ","$95.00 ","$95.00 "
"SUTURA ","Sutura Nylon 4-0 c/u","","Excento de ","$38.00 ","$80.00 ","$80.00 "
"NYLON ","SUTURA NYLON 5-0 CE19/ ","","Excento de ","$35.00 ","$70.00 ","$70.00 "
"SUT ","SUTURA NYLON 5-0 T5","","Excento de ","$36.00 ","$70.00 ","$70.00 "
"SYNALA","Synalar Simple CREMA ","","Excento de ","$122.59 ","$153.00 ","$153.00 "
"SYNCOL ","Syncol COMPRIMIDOS c/12 ","","Excento de ","$91.28 ","$114.00 ","$114.00 "
"SYNC ","Syncol MAX c/12 com","","Excento de ","$105.08 ","$140.00 ","$140.00 "
"SYNCOL ","SYNCOL NOCTURNO C/12","","Excento de ","$71.10 ","$110.00 ","$110.00 "
"SYNC","Syncol ROSA c/24 tab","","Excento de ","$113.57 ","$150.00 ","$150.00 "
"TABCIN","Tabcin 500 Tab Eferbecentes","","Excento de ","$45.75 ","$58.00 ","$58.00 "
"TADALA","Tadalafil TABLETAS 20mg  ","","Excento de ","$118.59 ","$150.00 ","$150.00 "
"O-","Talco Desodorante O-DOLEX ","","Excento de ","$14.70 ","$28.00 ","$28.00 "
"TALCO ","TALCO MEXSANA 160G","","Excento de ","$81.20 ","$101.00 ","$101.00 "
"AMMEN","Talco p Pies AMMENS ","","Excento de ","$16.30 ","$25.00 ","$25.00 "
"AMMEN","Talco p Pies AMMENS ","","Excento de ","$16.30 ","$25.00 ","$25.00 "
"MEXAN","Talco p/pies Mexana 160g","","Excento de ","$69.30 ","$80.00 ","$80.00 "
"TALCO ","Talco ting 85g","","Excento de ","$93.00 ","$120.00 ","$120.00 "
"TAMFEN","Tamoxifeno 20mg c/14tbs","","Excento de ","$36.00 ","$60.00 ","$60.00 "
"TAMPAX ","TAMPAX COMPAK C/8 ","","Excento de ","$33.80 ","$48.00 ","$48.00 "
"TAMPAX ","Tampax Pearl SUPER c/8 ","","Excento de ","$45.30 ","$52.00 ","$52.00 "
"TAMPAX","TAMPAX SUPER PLUS C/10 ","","Excento de ","$44.12 ","$68.00 ","$68.00 "
"TAMPO","Tampones kotex regular","","Excento de ","$33.58 ","$45.00 ","$45.00 "
"SABA ","TAMPONES SABA SUPER ","","Excento de ","$41.60 ","$58.00 ","$58.00 "
"TAMPO","Tampones Super c/12","","Excento de ","$33.58 ","$45.00 ","$45.00 "
"TAMPAX ","TAMPONES TAMPAX ","","Excento de ","$47.00 ","$52.00 ","$52.00 "
"TAMSUL","TAMSULOCINA CAPSULAS ","","Excento de ","$43.51 ","$98.00 ","$98.00 "
"FEDPR","Tamsulocina Capsulas 0.4mg ","","Excento de ","$39.88 ","$95.00 ","$95.00 "
"ALPHAL","TAMSULOSINA .4 MG C/20 ","","Excento de ","$34.65 ","$78.00 ","$78.00 "
"TAMS","Tamsulosina 0.4 mg c/20 ","","Excento de ","$40.35 ","$87.00 ","$87.00 "
"TAMSUL","Tamsulosina 0.4 mg c/20 tbs ","","Excento de ","$51.32 ","$105.00 ","$105.00 "
"AMZUV","Tamsulosina 0.4 mg NOVAG","","Excento de ","$52.69 ","$110.00 ","$110.00 "
"AMZUV","TAMSULOSINA 0.4MG C/20 ","","Excento de ","$57.00 ","$120.00 ","$120.00 "
"TAMABL","Tamsulosina 0.4mg c/20 ybs","","Excento de ","$54.65 ","$105.00 ","$105.00 "
"TAMSUL","Tamsulosina Cápsulas 0.4 ","","Excento de ","$51.00 ","$105.00 ","$105.00 "
"ALPHAL","TAMSULOSINA CAPSULAS ","","Excento de ","$35.28 ","$70.00 ","$70.00 "
"TRADER","TAVROLIMUS UNGUENTO ","","Excento de ","$410.90 ","$475.00 ","$475.00 "
"TAZA ","Taza Entrenadora con poppte ","","Excento de ","$120.00 ","$150.00 ","$150.00 "
"NUBY ","Taza Entrenadora NUBY ","","Excento de ","$47.00 ","$57.00 ","$57.00 "
"TE ","Te Broncolin sbs 1.5g c/u","","Excento de ","$1.18 ","$2.50 ","$2.50 "
"TEGADE","Tegaderm Film c/u","","Excento de ","$20.30 ","$26.00 ","$26.00 "
"TELA ","TELA ADHESIVA 2.5 CM  ","","Excento de ","$49.00 ","$55.00 ","$55.00 "
"LEUKOP","Tela Adhesiva Leukoplast c/1","","Excento de ","$18.00 ","$24.00 ","$24.00 "
"TELMIS/","Telisartan/Hidroclorotiazida ","","Excento de ","$150.00 ","$200.00 ","$200.00 "
"TELM/HI","Telisartan/Hidroclorotiazida ","","Excento de ","$222.50 ","$280.00 ","$280.00 "
"TELM ","TELMISARTAN 40 MG C/14 ","","Excento de ","$45.50 ","$98.00 ","$98.00 "
"ARCHE","Telmisartan 40mg c/14 tab","","Excento de ","$39.00 ","$110.00 ","$110.00 "
"NATRAZ","TELMISARTAN 80 MG C/14 ","","Excento de ","$48.75 ","$90.00 ","$90.00 "
"natrazim ","Telmisartán TABLETAS ","","Excento de ","$48.94 ","$105.00 ","$105.00 "
"NATRAZ","TELMISARTAN TABLETAS ","","Excento de ","$28.11 ","$60.00 ","$60.00 "
"NATRAZ","Telmisartan TABLETAS ","","Excento de ","$86.98 ","$187.00 ","$187.00 "
"ARCHE","Telmisartan-Hidroclorotiazida ","","Excento de ","$71.19 ","$160.00 ","$160.00 "
"TELMIS","TELMISARTAN/HIDROCLOR","","Excento de ","$66.80 ","$150.00 ","$150.00 "
"TEMPR","Tempra 24hrs c/12 tbs","","Excento de ","$33.50 ","$60.00 ","$60.00 "
"TEMPR","TEMPRA BOOST C/12 ","","Excento de ","$37.90 ","$50.00 ","$50.00 "
"TEMPR","Tempra Fen 2-12 Años ","","Excento de ","$165.63 ","$207.00 ","$207.00 "
"temprau","Tempra Uva 6-11 años ","","Excento de ","$147.94 ","$185.00 ","$185.00 "
"TEMPM","Tempra Uva Masticable 2- 5 ","","Excento de ","$83.50 ","$105.00 ","$105.00 "
"FEDRIMI","Teofilina/Ambroxol 0.700g/0.","","Excento de ","$40.90 ","$86.00 ","$86.00 "
"ATROX","Teofilina/Ambroxol 7.0mg/1.","","Excento de ","$30.59 ","$85.00 ","$85.00 "
"ERBITR","Terbinafina 250mg c/28 tbs","","Excento de ","$129.00 ","$277.00 ","$277.00 "
"BIFANE","Terbinafina 250mg c/28 tbs ","","Excento de ","$94.44 ","$240.00 ","$240.00 "
"ERBITR","Terbinafina Crema 1g/100g ","","Excento de ","$30.22 ","$65.00 ","$65.00 "
"VITALLY","Termometro Difital vdt-3c","","Excento de ","$44.60 ","$82.00 ","$82.00 "
"TERMO","TERMOMETRO DIGITAL","","Excento de ","$30.00 ","$80.00 ","$80.00 "
"NEUTEK","Termometro Digital contra ","","Excento de ","$55.11 ","$88.00 ","$88.00 "
"TERMO","TERMOMETRO DIGITAL ","","Excento de ","$94.00 ","$120.00 ","$120.00 "
"TERMO","TERMOMETRO DIGITAL ","","Excento de ","$23.00 ","$45.00 ","$45.00 "
"TERMO","Termometro Digital Yobekan ","","Excento de ","$160.00 ","$220.00 ","$220.00 "
"TERM ","TERMOMETRO PLANO ","","Excento de ","$19.00 ","$25.00 ","$25.00 "
"TERMO","TERMOMETRO YOBEKAN ","","Excento de ","$150.00 ","$220.00 ","$220.00 "
"TERRA","Terramicina 125mg Pastilla ","","Excento de ","$7.26 ","$12.00 ","$12.00 "
"TERRA","Terramicina 500mg c/u","","Excento de ","$15.48 ","$20.00 ","$20.00 "
"TESAPE","Tesalon Perlas c/20 cps","","Excento de ","$150.05 ","$188.00 ","$188.00 "
"TESALO","Tesalon TESACOF Jbe ","","Excento de ","$76.70 ","$95.00 ","$95.00 "
"TESALO","Tezalon Tesacof Cereza 100,","","Excento de ","$113.90 ","$145.00 ","$145.00 "
"THERAF","Theraflu daytime","","Excento de ","$15.55 ","$22.00 ","$22.00 "
"THERAF","THERAFLU NOCHE ","","Excento de ","$12.00 ","$18.00 ","$18.00 "
"THERAF","THERAFLU SABOR LIMON","","Excento de ","$11.32 ","$16.00 ","$16.00 "
"THERAF","THERAFLU TD  ","","Excento de ","$12.90 ","$18.00 ","$18.00 "
"TIAROT","Tiamazol 5mg c/20 tbs","","Excento de ","$42.28 ","$80.00 ","$80.00 "
"COMBE","Tiamina, Piridoxina, ","","Excento de ","$64.96 ","$120.00 ","$120.00 "
"USDOC","Tiamina/Piridoxina/Cianocoba","","Excento de ","$10.00 ","$80.00 ","$80.00 "
"TIAMINA","Tiaminal B12 Trivalente A.P. ","","Excento de ","$364.00 ","$399.00 ","$399.00 "
"TIMOL","Timol 0.5% 5ml","","Excento de ","$30.33 ","$62.00 ","$62.00 "
"TIMOZZ","Timolol SOLUCIÓN 0.5% 5ml ","","Excento de ","$28.63 ","$60.00 ","$60.00 "
"TALCO ","Ting talco 45g","","Excento de ","$47.80 ","$60.00 ","$60.00 "
"koleston ","TINTE KOLESTON 71 ","","Excento de ","$47.90 ","$65.00 ","$65.00 "
"KOLES ","TINTE KOLESTON ","","Excento de ","$47.90 ","$65.00 ","$65.00 "
"KOLEST","TINTE KOLESTON ","","Excento de ","$64.50 ","$80.00 ","$80.00 "
"KOLES ","TINTE KOLESTON RUBIO ","","Excento de ","$47.90 ","$65.00 ","$65.00 "
"KOLEST","TINTE NEGRO","","Excento de ","$61.80 ","$75.00 ","$75.00 "
"KOLEST","TINTE NEGRO AZULADO","","Excento de ","$61.80 ","$75.00 ","$75.00 "
"TINTE ","TINTE NUTRISSE 67P ","","Excento de ","$54.70 ","$68.00 ","$68.00 "
"NUTRIS","TINTE NUTRISSE ","","Excento de ","$50.50 ","$68.00 ","$68.00 "
"NUTRIS","TINTE NUTRISSE ","","Excento de ","$50.50 ","$68.00 ","$68.00 "
"KOLEST","TINTE ROJO COBRISO ","","Excento de ","$36.30 ","$48.00 ","$48.00 "
"KOLEST","TINTE RUBIO MEDIANO","","Excento de ","$36.30 ","$48.00 ","$48.00 "
"KOLEST","TINTE TABACO COBRIZO","","Excento de ","$36.30 ","$48.00 ","$48.00 "
"TIRALE","Tira Leche EDIGAR","","Excento de ","$43.93 ","$70.00 ","$70.00 "
"TIRA","Tiraleche de Vidrio Karey","","Excento de ","$29.35 ","$45.00 ","$45.00 "
"ACCU-","TIRAS ACCU-CHEK ","","Excento de ","$440.51 ","$550.00 ","$550.00 "
"ACCU-","Tiras Reactivas ACCU-","","Excento de ","$201.15 ","$260.00 ","$260.00 "
"TIRAS ","Tiras Reactivas ACCU-CHEK ","","Excento de ","$171.13 ","$215.00 ","$215.00 "
"TIRAS ","TIRAS REACTIVAS ACCU-","","Excento de ","$76.47 ","$95.00 ","$95.00 "
"ONE ","Tiras Reactivas ONE TOUCH ","","Excento de ","$73.70 ","$100.00 ","$100.00 "
"TIRAS ","Tiras Reactivas ONE TOUCH ","","Excento de ","$309.00 ","$360.00 ","$360.00 "
"ome t ","TIRAS REACTIVAS ONE ","","Excento de ","$116.00 ","$150.00 ","$150.00 "
"TIRAS ","Tiras Reactivas One Touche ","","Excento de ","$324.50 ","$400.00 ","$400.00 "
"ONETO","TIRAS REACTIVAS ","","Excento de ","$307.00 ","$360.00 ","$360.00 "
"TIRAS ","Tiras Rectivas CONTOUR ","","Excento de ","$308.56 ","$365.00 ","$365.00 "
"NAT ","TOALLA NOCTURNA ","","Excento de ","$22.90 ","$29.00 ","$29.00 "
"EQUATE ","Toalla Rigida corporal Para ","","Excento de ","$14.00 ","$18.00 ","$18.00 "
"ALWAY","Toallas Always Noche c/8 ","","Excento de ","$20.90 ","$28.00 ","$28.00 "
"LITTLE ","Toallas Humedas Little Kids ","","Excento de ","$7.82 ","$11.00 ","$11.00 "
"NATURE","Toallas Naturella c/ ","","Excento de ","$14.10 ","$19.00 ","$19.00 "
"Klimi 30","Toallas para Higiene de ","","Excento de ","$360.00 ","$400.00 ","$400.00 "
"SABA ","TOALLAS SABA ","","Excento de ","$19.00 ","$28.00 ","$28.00 "
"KOTEX ","TOALLAS SANITARIAS","","Excento de ","$19.00 ","$22.00 ","$22.00 "
"TOALLA","TOALLAS SANITARIAS ","","Excento de ","$39.00 ","$46.00 ","$46.00 "
"ABSOR","TOALLITAS ABSORSEC ","","Excento de ","$21.10 ","$32.00 ","$32.00 "
"TOALLIT","Toallitas antibacteriales c/30 ","","Excento de ","$18.50 ","$25.00 ","$25.00 "
"SAFECA","Toallitas Desinfectantes 75% ","","Excento de ","$15.00 ","$25.00 ","$25.00 "
"TOALLIT","Toallitas desinfectantes BYD ","","Excento de ","$18.00 ","$20.00 ","$20.00 "
"TOALLIT","Toallitas Desinfectantes BYD ","","Excento de ","$18.00 ","$20.00 ","$20.00 "
"DESINF","Toallitas Desinfectantes ","","Excento de ","$30.00 ","$60.00 ","$60.00 "
"TOALLIT","Toallitas desinfectantes ","","Excento de ","$13.00 ","$25.00 ","$25.00 "
"TOALLIT","Toallitas ESCUDO ","","Excento de ","$19.73 ","$28.00 ","$28.00 "
"TLLSAB","Toallitas Humedas Absorsec ","","Excento de ","$19.45 ","$25.00 ","$25.00 "
"ASEPTO","Toallitas Humedas ","","Excento de ","$20.00 ","$25.00 ","$25.00 "
"Suabeé","toallitas humedas pocoyo ","","Excento de ","$10.50 ","$15.00 ","$15.00 "
"BATH ","Toallitas Limpiadoras c/3","","Excento de ","$11.00 ","$20.00 ","$20.00 "
"IVRESS","TOALLITAS SANITIZANTES ","","Excento de ","$15.00 ","$25.00 ","$25.00 "
"TOALLIT","Toallits Desinfectantes ","","Excento de ","$13.50 ","$17.00 ","$17.00 "
"DODYS ","Toalllas Antibacteriales ","","Excento de ","$39.00 ","$48.00 ","$48.00 "
"TOBI ","Tobillera Elastica Sporter ","","Excento de ","$74.44 ","$100.00 ","$100.00 "
"tobra/de","TOBRAMICINA/DEXAMETA","","Excento de ","$47.25 ","$102.00 ","$102.00 "
"SON'SSI","Tobramicina/dexametazona ","","Excento de ","$73.75 ","$135.00 ","$135.00 "
"jania","TOLTERODINA 2MG ","","Excento de ","$46.07 ","$90.00 ","$90.00 "
"OPTIPR","Topiramato 100mg c/20tbs","","Excento de ","$45.74 ","$75.00 ","$75.00 "
"TOPIRA","TOPIRAMATO 25MG C/60 ","","Excento de ","$78.18 ","$140.00 ","$140.00 "
"TOPIRA","Topiramato TABLETAS 25mg ","","Excento de ","$31.46 ","$65.00 ","$65.00 "
"TOPRO","TOPRON SUSPENSION 4.4","","Excento de ","$94.87 ","$135.00 ","$135.00 "
"TRAMA","Tramadol 100mg c/10 tbs","","Excento de ","$35.41 ","$75.00 ","$75.00 "
"DESIGO","Tramadol 100mg c/10tbs","","Excento de ","$54.27 ","$105.00 ","$105.00 "
"ADILOL","TRAMADOL 50 MG C/10 ","","Excento de ","$20.99 ","$70.00 ","$70.00 "
"VELDRO","TRAMADOL CAPSULAS ","","Excento de ","$27.15 ","$60.00 ","$60.00 "
"GENCA","TRAMADOL CAPSULAS ","","Excento de ","$68.21 ","$120.00 ","$120.00 "
"CALEBR","Tramadol/KETOROLACO","","Excento de ","$37.04 ","$75.00 ","$75.00 "
"SANZAD","TRAMADOL/PARACETAMO","","Excento de ","$35.93 ","$125.00 ","$125.00 "
"TARYEN","Trayenta (Linagliptina) ","","Excento de ","$1,950.71 ","$2,440.00 ","$2,440.00 "
"TREDA ","Treda ","","Excento de ","$114.64 ","$143.00 ","$143.00 "
"RIXOBA ","TRETINOINA CREMA","","Excento de ","$28.30 ","$50.00 ","$50.00 "
"TINITRE","Tretinoina Crema 0.05% ","","Excento de ","$42.65 ","$84.00 ","$84.00 "
"TOCOD","TRETINOINA CREMA 0.05% ","","Excento de ","$46.33 ","$90.00 ","$90.00 "
"BIOVITO","Tretinoina crema 20g","","Excento de ","$20.07 ","$45.00 ","$45.00 "
"TRIBED","Tribedoce tabletas c/30","","Excento de ","$23.02 ","$48.00 ","$48.00 "
"TRIBEN","Tribenosido/Lidocaina ","","Excento de ","$55.09 ","$110.00 ","$110.00 "
"TRIBES","Tribesolucion 340ml","","Excento de ","$87.58 ","$150.00 ","$150.00 "
"TRIDEN","TRIDENT FRESA 1´S C/1","","Excento de ","$0.54 ","$2.00 ","$2.00 "
"TRIDEN","TRIDENT FRESA 4´S C/4","","Excento de ","$1.89 ","$2.50 ","$2.50 "
"TRID ","Trident Menta 4´s","","Excento de ","$1.63 ","$2.50 ","$2.50 "
"TRIDEN","TRIDENT MORA AZUL C/4's","","Excento de ","$1.53 ","$2.50 ","$2.50 "
"TRIDNT","Trident XtraCare  Menta","","Excento de ","$4.18 ","$8.00 ","$8.00 "
"TRINTF","Trident XtraCare Frutas","","Excento de ","$4.18 ","$8.00 ","$8.00 "
"TRNTFR","Trident XtraCare Menta ","","Excento de ","$4.18 ","$8.00 ","$8.00 "
"TRDNTY","Trident XtraCare Yerbabuena","","Excento de ","$4.18 ","$8.00 ","$8.00 "
"TRID ","Trident Yerbabuena 4´s","","Excento de ","$1.89 ","$2.50 ","$2.50 "
"CINEPR","Trimebutina 200mg c/20 tbs","","Excento de ","$44.85 ","$95.00 ","$95.00 "
"dolbutin","tRIMEBUTINA 200MG C/30 ","","Excento de ","$57.13 ","$100.00 ","$100.00 "
"ESPAB ","Trimebutina 200MG TAB ","","Excento de ","$123.60 ","$240.00 ","$240.00 "
"TRIM","Trimebutina gts Pediatricas ","","Excento de ","$39.65 ","$69.00 ","$69.00 "
"ESPAB ","Trimebutina susp. 2gr/100ml ","","Excento de ","$50.63 ","$109.00 ","$109.00 "
"TRIMEB","Trimebutina-Simeticona ","","Excento de ","$87.87 ","$185.00 ","$185.00 "
"SOLTRI","Trimetoprim/Sulfametoxazol ","","Excento de ","$29.92 ","$55.00 ","$55.00 "
"THRIAZ","Trimetoprima/Sulfametoxazol ","","Excento de ","$17.33 ","$40.00 ","$40.00 "
"BACTOP","Trimetoprima/Sulfametoxazol ","","Excento de ","$17.33 ","$35.00 ","$35.00 "
"TRISEP","Trinidazol 500mg c/8 tbs","","Excento de ","$19.53 ","$40.00 ","$40.00 "
"FITOES","Triticum vulgare/Fenoxietanol ","","Excento de ","$384.41 ","$445.00 ","$445.00 "
"TRICI B","Trociletas B c/12 tab","","Excento de ","$32.65 ","$50.00 ","$50.00 "
"TROCIL","Trociletas Cloruro de ","","Excento de ","$30.87 ","$67.00 ","$67.00 "
"TROCIL","Trociletas Cloruro de ","","Excento de ","$32.69 ","$60.00 ","$60.00 "
"TROCIL ","Trociletas Limon c/10 tbs","","Excento de ","$25.30 ","$38.00 ","$38.00 "
"TROJAN ","Trojan Piel  Desnuda","","Excento de ","$55.70 ","$70.00 ","$70.00 "
"TUCK ","Tuckol-D Infantil 125ml","","Excento de ","$125.43 ","$157.00 ","$157.00 "
"TUIT  ","TUIT CREMA DENTAL   50 ","","Excento de ","$14.00 ","$20.00 ","$20.00 "
"TUKELI ","Tukeli Infantil Hedera Helix","","Excento de ","$162.80 ","$207.00 ","$207.00 "
"TUKELI ","Tukeli jarabe adulto y niño","","Excento de ","$169.16 ","$192.00 ","$192.00 "
"TUKOL ","Tukol-D Diabetes c/120ml","","Excento de ","$151.38 ","$189.00 ","$189.00 "
"TUKOL ","Tukol-D Miel Adulto 120ml","","Excento de ","$151.38 ","$189.00 ","$189.00 "
"TUKOL-","TUKOL-D MIEL INFANTIL ","","Excento de ","$151.38 ","$189.00 ","$189.00 "
"TUMS ","TUMS SABOR MENTA C/75","","Excento de ","$63.80 ","$73.00 ","$73.00 "
"TURAZI","Turazive (FEBUXOSTAT) tbs ","","Excento de ","$947.00 ","$1,250.00 ","$1,250.00 "
"PARACE","Tylenol Paracetamol 100 ","","Excento de ","$91.10 ","$115.00 ","$115.00 "
"PARACE","Tylenol Paracetamol 3.5","","Excento de ","$170.20 ","$213.00 ","$213.00 "
"ULTIBR","UltiBro Inhalador 110/50mg ","","Excento de ","$1,376.68 ","$1,720.00 ","$1,720.00 "
"ULTRA ","Ultra BENGUE ROJO ","","Excento de ","$108.13 ","$136.00 ","$136.00 "
"ULTRA ","Ultra Corea Sin sabor 20g","","Excento de ","$84.60 ","$106.00 ","$106.00 "
"COREG ","Ultra Pasta adhesiva para ","","Excento de ","$104.50 ","$128.00 ","$128.00 "
"ULTRA ","UltraBengue AZUL c/35 g","","Excento de ","$111.59 ","$140.00 ","$140.00 "
"BALS ","UltraBengue Balsamo Plus ","","Excento de ","$93.03 ","$120.00 ","$120.00 "
"UPROS","Uprosol CAPSULAS 0.4mg ","","Excento de ","$1,184.85 ","$1,480.00 ","$1,480.00 "
"VALNAI","Valeriana Officinalis 250mg ","","Excento de ","$60.26 ","$125.00 ","$125.00 "
"TAFLAVI","VALERIANA/PASSIFLORA","","Excento de ","$90.99 ","$195.00 ","$195.00 "
"VALP ","VALPROATO DE ","","Excento de ","$53.55 ","$110.00 ","$110.00 "
"VERSAL","Valsartan comprimido 80mg","","Excento de ","$80.01 ","$165.00 ","$165.00 "
"VASCUL","Vasculflow TABLETAS ","","Excento de ","$673.70 ","$775.00 ","$775.00 "
"VASELI","VASELINA BEBE BLANCA ","","Excento de ","$14.45 ","$25.00 ","$25.00 "
"VASELI","VASELINA BEBE LAVANDA ","","Excento de ","$12.80 ","$22.00 ","$22.00 "
"VASELI","Vaselina c/100g","","Excento de ","$40.00 ","$50.00 ","$50.00 "
"VASELI","Vaselina c/50g","","Excento de ","$23.30 ","$28.00 ","$28.00 "
"VASELI","VASELINA SOLIDA SIMPLE ","","Excento de ","$9.33 ","$17.00 ","$17.00 "
"VAS","Vaselina Tarro 60g","","Excento de ","$13.43 ","$25.00 ","$25.00 "
"VASELI","VASELINE 85G ORIGINAL","","Excento de ","$46.24 ","$58.00 ","$58.00 "
"VASELI","VASELINE ORIGINAL C/42G","","Excento de ","$26.95 ","$39.00 ","$39.00 "
"VASITO ","VASITO C/POPOTE ","","Excento de ","$15.00 ","$25.00 ","$25.00 "
"VASITO ","VASITO DE FIGURAS + ","","Excento de ","$20.00 ","$30.00 ","$30.00 "
"VASO ","Vaso c/ Popote PAW ","","Excento de ","$127.00 ","$145.00 ","$145.00 "
"VASO ","VASO COHMEDIC 100ML","","Excento de ","$6.50 ","$10.00 ","$10.00 "
"VASO ","VASO COHMEDIC 60ML ","","Excento de ","$4.49 ","$8.00 ","$8.00 "
"VASO ","Vaso Copro 120ml","","Excento de ","$4.50 ","$6.50 ","$6.50 "
"VASO ","VASO COPRO TAPA ROJA ","","Excento de ","$4.97 ","$9.00 ","$9.00 "
"VASOR","VASO ","","Excento de ","$3.70 ","$8.00 ","$8.00 "
"VASO ","Vaso dibar para orina","","Excento de ","$4.00 ","$10.00 ","$10.00 "
"VASO ","Vaso entrenador decorado","","Excento de ","$27.00 ","$35.00 ","$35.00 "
"VASO ","Vaso Entrenador Doble ","","Excento de ","$112.00 ","$140.00 ","$140.00 "
"VASO ","Vaso Entrenador Doble ","","Excento de ","$112.00 ","$140.00 ","$140.00 "
"VASO ","Vaso entrenador Evenflo ","","Excento de ","$79.00 ","$100.00 ","$100.00 "
"VASO ","Vaso Entrenador Niño Disney","","Excento de ","$134.00 ","$160.00 ","$160.00 "
"VASO ","Vaso Entrenador PAW ","","Excento de ","$120.00 ","$150.00 ","$150.00 "
"VASO ","Vaso Entrenador THIRSTY ","","Excento de ","$199.00 ","$240.00 ","$240.00 "
"VASO ","Vaso Entrenador TRU ","","Excento de ","$114.00 ","$145.00 ","$145.00 "
"VASO ","VASO EVENFLO 9+","","Excento de ","$49.00 ","$63.00 ","$63.00 "
"EVEN ","Vaso EVENFLO Boquilla ","","Excento de ","$54.00 ","$70.00 ","$70.00 "
"VASO ","Vaso Evenflo Disnep 325ml","","Excento de ","$139.00 ","$160.00 ","$160.00 "
"VASO ","VASO HUMIDIFICADOR ","","Excento de ","$63.45 ","$85.00 ","$85.00 "
"VASO ","VASO NUBY 360 ° 300 ML","","Excento de ","$181.00 ","$218.00 ","$218.00 "
"VASO ","VASO NUBY EVOLUTION","","Excento de ","$98.00 ","$115.00 ","$115.00 "
"Vaso ","Vaso NUVY Cuello estandar","","Excento de ","$129.00 ","$149.00 ","$149.00 "
"VASO","Vaso p/ muestra 100ml","","Excento de ","$3.50 ","$6.50 ","$6.50 "
"VASO ","VASO PARA MUESTRA ","","Excento de ","$3.38 ","$10.00 ","$10.00 "
"VASO ","Vaso Precolector p/muestra ","","Excento de ","$2.34 ","$6.00 ","$6.00 "
"VASI ","Vaso recolector clinico ","","Excento de ","$4.79 ","$10.00 ","$10.00 "
"VASO ","Vaso Recolector Clinico ","","Excento de ","$4.00 ","$10.00 ","$10.00 "
"VASO ","VASO RECOLECTOR ","","Excento de ","$5.57 ","$10.00 ","$10.00 "
"VASO ","Vaso Resistente 14oz FLIP-","","Excento de ","$199.00 ","$249.00 ","$249.00 "
"VASO ","VASO TOY STORE CON ","","Excento de ","$127.00 ","$145.00 ","$145.00 "
"VENALO","Venalot Depot TABLETAS ","","Excento de ","$614.40 ","$730.00 ","$730.00 "
"vENDA ","Venda Adhesiva con ","","Excento de ","$0.32 ","$1.00 ","$1.00 "
"VENDA ","Venda Alta compresion 15cm","","Excento de ","$39.56 ","$48.00 ","$48.00 "
"VEN 15 ","VENDA ELASTICA 15 CM ","","Excento de ","$8.56 ","$17.00 ","$17.00 "
"VENDA ","VENDA ELÁSTICA 15CM ","","Excento de ","$15.71 ","$25.00 ","$25.00 "
"VEN 20 ","VENDA ELASTICA 20 CM ","","Excento de ","$11.89 ","$22.00 ","$22.00 "
"VEND ","VENDA ELASTICA 30 CM ","","Excento de ","$15.66 ","$32.00 ","$32.00 "
"QUIRME","VENDA ELASTICA 5CM","","Excento de ","$6.42 ","$12.00 ","$12.00 "
"VENDA ","VENDA ESALTICA ","","Excento de ","$15.51 ","$22.00 ","$22.00 "
"VENDA ","Venda Protec 15cm c/u","","Excento de ","$10.29 ","$16.00 ","$16.00 "
"VENDA ","VENDA QUIRMEX 30CM","","Excento de ","$23.58 ","$50.00 ","$50.00 "
"VENDIT","Venditas Lafa Medical ","","Excento de ","$0.45 ","$2.00 ","$2.00 "
"VENG","Vengesic c/20 Grageas","","Excento de ","$46.09 ","$98.00 ","$98.00 "
"VENGE","Vengesic GRAGEAS c/20 ","","Excento de ","$36.22 ","$75.00 ","$75.00 "
"VEPILTA","Verapamilo con 20 tabletas","","Excento de ","$22.40 ","$50.00 ","$50.00 "
"BIBERO","Viberon C Protector ","","Excento de ","$87.00 ","$105.00 ","$105.00 "
"ACT7 ","VICK Act7  Gripa c/10","","Excento de ","$33.00 ","$45.00 ","$45.00 "
"VICK ","Vick ","","Excento de ","$102.47 ","$128.00 ","$128.00 "
"VICK ","VICK BABY BALM 50GR","","Excento de ","$100.50 ","$125.00 ","$125.00 "
"VIC DR ","Vick DROPS Cereza c/20 pas","","Excento de ","$26.40 ","$33.00 ","$33.00 "
"DROP ","Vick Drops LIMON C/20 Pas","","Excento de ","$26.40 ","$33.00 ","$33.00 "
"DROP ","Vick Drops MENTA C/20 Pas","","Excento de ","$26.40 ","$33.00 ","$33.00 "
"DROP ","Vick Drops NARANJA C/20 ","","Excento de ","$23.20 ","$28.00 ","$28.00 "
"VICK DR","Vick DROPS sobre c/5 ","","Excento de ","$4.64 ","$8.00 ","$8.00 "
"VICK ","VICK Primera Defensa ","","Excento de ","$120.00 ","$145.00 ","$145.00 "
"PYRENA ","VICK PYRENA NOCHE ","","Excento de ","$16.54 ","$23.00 ","$23.00 "
"VICK VA","Vick Vapo Rub 12g","","Excento de ","$24.14 ","$28.00 ","$28.00 "
"VICK ","Vick VapoRub Inhalador c/u","","Excento de ","$85.05 ","$106.00 ","$106.00 "
"VICK ","VICK VITA PYRENA C/U  ","","Excento de ","$9.10 ","$15.00 ","$15.00 "
"VICK ","VICK VITA PYRENA ","","Excento de ","$9.10 ","$15.00 ","$15.00 "
"VILDAG","Vildagliptina/Metformina ","","Excento de ","$180.69 ","$300.00 ","$300.00 "
"VITACILI","Vitacilina 16G ","","Excento de ","$25.19 ","$33.00 ","$33.00 "
"VIT","Vitacilina 18g ","","Excento de ","$14.08 ","$20.00 ","$20.00 "
"VITACILI","Vitacilina 28G ","","Excento de ","$37.57 ","$48.00 ","$48.00 "
"VITALO","Vitalon Crema c/120g","","Excento de ","$30.31 ","$50.00 ","$50.00 "
"E-400","VITAM,INA E CAPSULAS ","","Excento de ","$49.24 ","$75.00 ","$75.00 "
"VITA ","Vitamina c gomitas","","Excento de ","$24.59 ","$65.00 ","$65.00 "
"SHOT C ","VITAMINA C,A,D ZINC C/6","","Excento de ","$1.00 ","$10.00 ","$10.00 "
"ALEXYE","VITAMINA D-3 ","","Excento de ","$56.25 ","$150.00 ","$150.00 "
"DETRES","Vitamina D3 5000ui c/60","","Excento de ","$92.11 ","$185.00 ","$185.00 "
"E-","VITAMINA E CAPSULAS ","","Excento de ","$35.28 ","$70.00 ","$70.00 "
"DIBENE","Vitaminas,Minerales, ","","Excento de ","$60.50 ","$130.00 ","$130.00 "
"POLVO ","VOLDRATOL CEREZA","","Excento de ","$4.95 ","$10.00 ","$10.00 "
"ELECTR","VOLDRATOL COCO","","Excento de ","$4.95 ","$10.00 ","$10.00 "
"ELEC. ","VOLDRATOL MANGO","","Excento de ","$5.95 ","$10.00 ","$10.00 "
"VOLTAR","VOLTAREN DOLOR C/10 ","","Excento de ","$63.50 ","$80.00 ","$80.00 "
"VOTRIP","Votripax-L 5mg Solución ","","Excento de ","$480.52 ","$600.00 ","$600.00 "
"OXIDO ","Wolderm (oxido de zinc)","","Excento de ","$37.65 ","$50.00 ","$50.00 "
"X-RAY ","X-Ray Ava 30 Comp","","Excento de ","$284.00 ","$360.00 ","$360.00 "
"X RAY ","X-RAY CAPSULAS C/40","","Excento de ","$305.15 ","$398.00 ","$398.00 "
"XL-3 ","XL-3 C/4 TABLETAS","","Excento de ","$18.24 ","$25.00 ","$25.00 "
"XL3 ","XL3 ANTIGRIPAL","","Excento de ","$40.66 ","$51.00 ","$51.00 "
"YADE ","YADEGAL COMPUESTO  ","","Excento de ","$39.39 ","$79.00 ","$79.00 "
"MOMET","YAGUINOR UNGUENTO ","","Excento de ","$100.00 ","$125.00 ","$125.00 "
"ZAPEX ","ZAPEX (Mirtazapina) ","","Excento de ","$491.15 ","$565.00 ","$565.00 "
"ZEBEST","Zebesten SOLUCIÓN ","","Excento de ","$535.88 ","$650.00 ","$650.00 "
"ZIMET","Zimeton c/20 tab","","Excento de ","$58.51 ","$100.00 ","$100.00 "
"ZYLOPR","Zyloprim TABLETAS 300mg ","","Excento de ","$813.23 ","$1,016.00 ","$1,016.00 "
"COCO","Aceite de coco sanax 70ml","","Excento de ","$9.94 ","$19.00 ","$19.00 "
"ACEITE ","ACEITE DE HUESO DE ","","Excento de ","$5.67 ","$10.00 ","$10.00 "
"ACEITE ","ACEITE DE MENTA C/50ml ","","Excento de ","$6.74 ","$10.00 ","$10.00 "
"ACEITE ","ACEITE DE RICINO C/50 ML ","","Excento de ","$9.59 ","$15.00 ","$15.00 "
"ACEITE ","ACEITE DE ROMERO ","","Excento de ","$6.02 ","$10.00 ","$10.00 "
"ACEITE ","ACEITE ROSADO 50ml ","","Excento de ","$6.02 ","$10.00 ","$10.00 "
"ALG ","ALMOHADILLA FACIAL C/60 ","","Excento de ","$10.40 ","$20.00 ","$20.00 "
"ASEP ","ASEPXIA Jabon AZUFRE ","","Excento de ","$41.80 ","$52.00 ","$52.00 "
"ASEP ","ASEPXIA Jabon ","","Excento de ","$41.80 ","$52.00 ","$52.00 "
"ASEP","ASEPXIA jABON forte 100g","","Excento de ","$41.80 ","$52.00 ","$52.00 "
"ASEP ","Asepxia Maquillaje Polvo ","","Excento de ","$79.86 ","$100.00 ","$100.00 "
"ASEP ","Asepxia Maquillaje Polvo ","","Excento de ","$76.60 ","$100.00 ","$100.00 "
"ASEPX ","Asepxia maquillaje Polvo ","","Excento de ","$79.86 ","$100.00 ","$100.00 "
"AVENE ","AVENE XERACALM 400ML","","Excento de ","$528.94 ","$600.00 ","$600.00 "
"AXEBLK","Axe Black Des Aero 150 ml","","Excento de ","$68.00 ","$90.00 ","$90.00 "
"AXE ","Axe Conviction Deso Aerosol ","","Excento de ","$60.37 ","$72.00 ","$72.00 "
"AXE ","AXE GOLD TEMPTATION 48 ","","Excento de ","$60.37 ","$72.00 ","$72.00 "
"AXE ICE ","AXE ICE BREAKER  175 ML","","Excento de ","$32.50 ","$46.00 ","$46.00 "
"BIO ","BIO CLARIFY SENSI CALM ","","Excento de ","$24.20 ","$32.00 ","$32.00 "
"cCEPILL","CEPILLO ADULTO DUO ","","Excento de ","$12.18 ","$20.00 ","$20.00 "
"CEPCOL","CEPILLO COLGATE ","","Excento de ","$13.75 ","$17.00 ","$17.00 "
"CEPILL","CEPILLO DENRAL ORAL B ","","Excento de ","$35.80 ","$45.00 ","$45.00 "
"CICATRI","CICATRICURE PANTALLA ","","Excento de ","$238.00 ","$287.00 ","$287.00 "
"COLG ","COLGATE TRIPLE ACCION ","","Excento de ","$45.15 ","$55.00 ","$55.00 "
"ULTRA ","Condon M Force uLTRA ","","Excento de ","$69.00 ","$79.00 ","$79.00 "
"COREG","Corega Ultra Pasta adhesiva ","","Excento de ","$141.80 ","$170.00 ","$170.00 "
"CLAR ","Crema Clarant B3 Piel ","","Excento de ","$59.05 ","$70.00 ","$70.00 "
"NACAR","Crema Concha Nacar 90g","","Excento de ","$13.48 ","$22.00 ","$22.00 "
"LUBRI ","Crema Lubriderm 120ml PIEL ","","Excento de ","$15.09 ","$20.00 ","$20.00 "
"LUBRI ","Crema Lubriderm PIEL ","","Excento de ","$14.22 ","$18.00 ","$18.00 "
"LUB  ","Crema Lubriderm Proteccion ","","Excento de ","$26.94 ","$35.00 ","$35.00 "
"LUBR ","Crema Lubriderm ","","Excento de ","$37.09 ","$47.00 ","$47.00 "
"NIVEA","Crema NIVEA CUIDADO ","","Excento de ","$35.95 ","$50.00 ","$50.00 "
"CLARAT ","Crema PONDS Clarant B3 ","","Excento de ","$68.50 ","$85.00 ","$85.00 "
"PONDS ","Crema PONDS Piel Normal a ","","Excento de ","$98.60 ","$140.00 ","$140.00 "
"Avene ","crema reparadora AVENE","","Excento de ","$222.70 ","$250.00 ","$250.00 "
"CREMA ","Crema repelente off 60g","","Excento de ","$27.80 ","$35.00 ","$35.00 "
"AXE ","Des AXE Excite 90ml","","Excento de ","$21.50 ","$30.00 ","$30.00 "
"AXE ","Des AXE Wom Anarchy","","Excento de ","$52.00 ","$65.00 ","$65.00 "
"NIVEA ","Desod Aero Nivea Pearl & ","","Excento de ","$60.70 ","$76.00 ","$76.00 "
"STEFPL","Desodor Stefano Play ","","Excento de ","$49.60 ","$65.00 ","$65.00 "
"ADIDAS","Desodorant Adidas Team ","","Excento de ","$26.72 ","$40.00 ","$40.00 "
"PLAYBO","Desodorant Play Boy Malibu ","","Excento de ","$32.00 ","$42.00 ","$42.00 "
"REXON","Desodorant REXONA Power ","","Excento de ","$52.00 ","$65.00 ","$65.00 "
"SPEEDS","Desodorant Speed Stick 24/7 ","","Excento de ","$41.81 ","$51.00 ","$51.00 "
"AXE ","Desodorante Aerosol  AXE ","","Excento de ","$34.50 ","$45.00 ","$45.00 "
"NIV ","Desodorante aerosol NIVEA ","","Excento de ","$62.50 ","$78.00 ","$78.00 "
"AXE  ","Desodorante AXE APOLLO ","","Excento de ","$59.47 ","$75.00 ","$75.00 "
"AXE ","DESODORANTE AXE ","","Excento de ","$60.37 ","$72.00 ","$72.00 "
"AXE ","Desodorante AXE PEACE ","","Excento de ","$28.45 ","$45.00 ","$45.00 "
"GILLETE ","DESODORANTE GILLETE ","","Excento de ","$31.20 ","$45.00 ","$45.00 "
"NIV ","Desodorante NIVEA Aclarado ","","Excento de ","$14.90 ","$20.00 ","$20.00 "
"OLD ","DESODORANTE OLD ","","Excento de ","$61.12 ","$76.00 ","$76.00 "
"OLD ","DESODORANTE OLD ","","Excento de ","$41.10 ","$50.00 ","$50.00 "
"OLD SPI","Desodorante OLS SPAICE ","","Excento de ","$52.57 ","$65.00 ","$65.00 "
"OLD ","DESODORANTE OLS SPICE ","","Excento de ","$56.97 ","$72.00 ","$72.00 "
"PLAY ","Desodorante PLAY BOY ","","Excento de ","$31.60 ","$45.00 ","$45.00 "
"STEF","Desodorante STEFANO ","","Excento de ","$31.90 ","$45.00 ","$45.00 "
"DESO ","DESODORANTE STEFANO ","","Excento de ","$78.32 ","$89.00 ","$89.00 "
"GILLE","Gillet ENDURANCE C/82 G","","Excento de ","$67.40 ","$78.00 ","$78.00 "
"GILLETT","GILLETE GEL ","","Excento de ","$63.70 ","$79.00 ","$79.00 "
"GOLBA ","Golba protector para labios ","","Excento de ","$3.23 ","$7.00 ","$7.00 "
"GRISI ","GRISI AZUFRE 100G","","Excento de ","$38.40 ","$48.00 ","$48.00 "
"GRISS ","Jabon de Avena GRISI 150","","Excento de ","$15.50 ","$22.00 ","$22.00 "
"DOVE ","Jabon DOVE 135 g ","","Excento de ","$19.40 ","$25.00 ","$25.00 "
"GRISI C-","Jabon Grisi CONCHA ","","Excento de ","$13.50 ","$18.00 ","$18.00 "
"KNXAF","Jabon Kleenex Aromas ","","Excento de ","$10.87 ","$16.00 ","$16.00 "
"KLNX","Jabon Kleenex Body Balance","","Excento de ","$10.87 ","$16.00 ","$16.00 "
"KNXEH","Jabon Kleenex ","","Excento de ","$10.87 ","$16.00 ","$16.00 "
"KNXH","Jabones Kleenex Hidratante","","Excento de ","$10.87 ","$16.00 ","$16.00 "
"KLEE","Kleenex Pañuelos ","","Excento de ","$3.79 ","$7.00 ","$7.00 "
"#40","Koleston #40","","Excento de ","$50.47 ","$65.00 ","$65.00 "
"#67","Koleston #67 chocolate","","Excento de ","$50.47 ","$65.00 ","$65.00 "
"#5546","koleston rojo","","Excento de ","$50.47 ","$65.00 ","$65.00 "
"KTX N","Kotex Naturals Protector","","Excento de ","$10.90 ","$13.50 ","$13.50 "
"LAB ","Labello Durazno","","Excento de ","$55.60 ","$67.00 ","$67.00 "
"LAB ","Labello HYDRO CARE C/4.8 ","","Excento de ","$62.35 ","$78.00 ","$78.00 "
"LAB  ","Labello Zarzamora","","Excento de ","$54.00 ","$65.00 ","$65.00 "
"LACTA","Lactacyd Pro.bio  200ml  ","","Excento de ","$51.00 ","$80.00 ","$80.00 "
"LADY","Lady  Speep Stick c/65 g","","Excento de ","$45.00 ","$50.00 ","$50.00 "
"LADY ","LADY SPEED STICK 65 G","","Excento de ","$33.75 ","$48.00 ","$48.00 "
"LIST ","Listerine Enjuage Bucal ","","Excento de ","$40.00 ","$50.00 ","$50.00 "
"LIST ","Listerine Enjuage Bucal ","","Excento de ","$51.60 ","$66.00 ","$66.00 "
"LIST ","Listerine Enjuague Bucal ","","Excento de ","$59.70 ","$75.00 ","$75.00 "
"LIT ","Listerine Zero Menta Suave ","","Excento de ","$46.00 ","$65.00 ","$65.00 "
"PIELNO","Lubriderm Piel Normal 240ml","","Excento de ","$35.00 ","$45.00 ","$45.00 "
"PIELSE","Lubriderm Piel Seca 240ml","","Excento de ","$35.00 ","$47.00 ","$47.00 "
"PIELSE","Lubriderm Piel seca 400ml","","Excento de ","$72.50 ","$92.00 ","$92.00 "
"PIELNO","Lubriderm Piell Nornal 400 ml","","Excento de ","$64.44 ","$70.00 ","$70.00 "
"PROT-","Lubriderm Proteccion Solar ","","Excento de ","$40.80 ","$57.00 ","$57.00 "
"NIV ","Nivea Lata 20ml","","Excento de ","$17.93 ","$23.00 ","$23.00 "
"NIV ","Nivea Lata 50ml","","Excento de ","$36.54 ","$46.00 ","$46.00 "
"NIVEA ","NIVEA MEN ESPUMA DE ","","Excento de ","$74.80 ","$95.00 ","$95.00 "
"NIVEA ","Nivea Milk Nutritiva Piel Extra ","","Excento de ","$39.50 ","$57.00 ","$57.00 "
"NIVE PS  ","Nivea Soft Milk Piel Seca ","","Excento de ","$39.50 ","$55.00 ","$55.00 "
"Des. old ","old spice pure sport","","Excento de ","$57.92 ","$70.00 ","$70.00 "
"ORAL B ","ORAL B #60   CEPILLO ","","Excento de ","$23.42 ","$29.00 ","$29.00 "
"CREST ","Pasta  Dental Crest 3d White","","Excento de ","$21.22 ","$28.00 ","$28.00 "
"PSTAMP","Pasta Dental COLGATE","","Excento de ","$19.60 ","$22.00 ","$22.00 "
"kteta","Pasta Dental COLGATE ","","Excento de ","$17.30 ","$22.00 ","$22.00 "
"CREST","Pasta Dental CREST ","","Excento de Z�$5���O��ާ'�b�3��|2U�6��΅e������o��_x001f_Y����rO��{_x001c_	@�a������E�$��߸n�|6�����K�dBY[AD)��7X����_x001b_��B�4L�]l7�	�>y�b�p�>�M_x001b_�gYTz�\��]p_x001c_�+�r@Ђ����_x000e_\�.��1�_x000f_��.]�=�]_x001a_2��PƓ}ğ��/@�6","$17.30 ","$23.00 ","$23.00 "
